No.;Time;Comment;Scramble;Date;P.1
8282;11.45;;F' U2 F2 R' F' L2 B U2 F2 R2 U R2 B2 U' B2 D L2 U' B2 R';2026-01-09 11:32:30;11.45
8283;8.42;;U2 R U2 B2 R2 D2 B2 U2 L' B2 L F D2 L' D L F R F D2;2026-01-09 11:32:52;8.42
8284;8.40;;U' B' L2 U2 F' U2 R2 F2 U2 F' R2 L D' L2 D2 R U R2 B';2026-01-09 11:33:08;8.4
8285;10.21;;U2 F2 D B2 U2 R2 B2 U F2 R2 U' R2 B' U' L2 U F2 R' B2 R2 F;2026-01-09 11:33:26;10.21
8286;9.06;;F2 L2 U' F2 L2 R2 D' U2 L2 D U' B D' L U2 L2 D' F R' B;2026-01-09 11:34:03;9.06
8287;8.03;;B' L2 F D2 F' R2 D2 B F2 U2 F U2 D L2 R U' R2 B R2 D' U;2026-01-09 11:34:20;8.03
8288;9.03;;D2 L2 R2 D' L2 D2 U2 B2 L2 U2 L2 B' D2 R' B F' D2 R' B D' R;2026-01-09 11:34:36;9.03
8289;9.88;;L' D2 F2 R2 F2 R U2 L U2 R2 D2 R2 B L U' R F' R F2 D2 B';2026-01-09 11:34:55;9.88
8290;8.62;;L D L' F D F' U2 L F2 U F2 B2 R2 D F2 B2 D2 B2 D' F2;2026-01-09 11:35:14;8.62
8291;9.63;;D B' L' U2 L F2 R U2 L D2 B2 F2 R' D' F' D' R U2 B2 D;2026-01-09 11:35:32;9.63
8292;8.22;;U' R2 B2 R2 U R2 F2 U2 R2 U B2 U2 F D' B U' F' L' D2 B' L2;2026-01-09 11:35:51;8.22
8293;10.07;;B' D2 L2 B2 U R2 D L2 F2 U2 F2 R2 F' D F2 L F' R' D2 U L2;2026-01-09 11:36:09;10.07
8294;10.72;;B R2 F2 L2 U' B2 D' L2 D2 L2 U' F U2 B' U' L' F' R' B2 F;2026-01-09 11:36:29;10.72
8295;12.04;;L B2 D2 B2 D2 L2 B U2 F' R2 U2 R2 F2 U L' R2 B2 F2 U' B;2026-01-09 11:36:50;12.04
8296;12.29;;R U' F' B2 U L' B2 L2 U' R2 D2 F' D2 L2 U2 F L2 B;2026-01-09 11:37:11;12.29
8297;9.20;;L' F2 R' B2 U' B2 D' R2 D2 R2 F2 R2 F2 U' F' L D2 B' L U' B';2026-01-09 11:37:37;9.2
8298;7.95;;L2 B' L2 U2 F' D2 R2 D2 F2 R2 B' U F L2 D' R2 F' D2 R B;2026-01-09 11:37:55;7.95
8299;12.94;;R U' L' B2 R' U2 L2 R F2 U2 F2 U2 R B' U' L R' B' U' R';2026-01-09 11:38:12;12.94
8300;9.89;;D' U2 F' L2 B F2 D2 F2 U2 L2 F D2 F' D' B R B L F' L2 R2;2026-01-09 11:38:35;9.89
8301;9.02;;D R' B' L2 D L2 D' R2 D2 U' B2 L2 U2 F2 B' L' D B2 D U' B;2026-01-09 12:53:16;9.02
8302;8.76;;R2 U' F2 D2 R F2 L D2 B2 U2 F2 L2 R' F D' R2 U2 B' R2 U';2026-01-09 12:53:37;8.76
8303;DNF(12.29);;L U' F' B' D B' L' D2 B' R2 B2 U B2 D2 L2 D B2 L2 U R2;2026-01-09 12:53:54;12.29
8304;9.81;;U' B2 R2 U' R2 D L2 U' L2 F2 L2 R' D' B' F2 L F' R B2 U' B';2026-01-09 12:55:13;9.81
8305;8.29;;L' U2 B2 U' L2 U R2 U B2 R2 D L2 B' L U' B R U L' R2;2026-01-09 12:55:29;8.29
8306;9.23;;U2 F2 D2 F' L2 F2 U2 F' L2 B2 F' U R F' U2 L' B2 R F' D2 U';2026-01-09 12:56:08;9.23
8307;7.16;;D2 L2 D2 B2 U2 B' D2 F' R2 B' R2 D' R' B U' L2 B2 L' D' R;2026-01-09 12:56:26;7.16
8308;10.75;;U2 L' F2 L2 B2 U2 B2 U B2 D' B2 D2 F2 R2 L' B' L2 D R F U';2026-01-09 12:56:40;10.75
8309;10.09;;B2 F' R2 D2 U2 B D2 U2 R2 F' D2 B2 D L' D2 U' L F D L' R2;2026-01-09 12:56:58;10.09
8310;9.91;;U2 F L2 F D' B2 L F' U L U2 R2 B2 L2 B2 L B2 U2 F2 L B2;2026-01-09 12:57:46;9.91
8311;8.06;;R F2 D2 B2 R2 D F2 U' B2 U2 L' B' R B U B U B2 D2;2026-01-09 13:00:03;8.06
8312;10.15;;D2 U R2 D2 R2 B2 L B2 U2 F' U L2 D2 R' U' R2 U2;2026-01-09 13:00:20;10.15
8313;10.79;;R L' F' D' B R2 B' U D2 L' B2 R B2 U2 D2 L2 D2 F2 R U';2026-01-09 13:00:38;10.79
8314;10.92;;F2 U2 F2 L2 R2 U' L2 F2 L2 D' R2 B L R' D L2 F' R' F L2 U;2026-01-09 13:01:01;10.92
8315;11.96;;R B2 D' B2 D' L2 U' R2 D' U' L2 U2 L F' D U2 F L R B;2026-01-09 13:01:21;11.96
8316;9.18;;D L2 U' R2 B2 U2 B2 U2 F U F L' B' F D2 R B F2;2026-01-09 13:06:20;9.18
8317;9.44;;U R B' D' B2 D2 F2 D L2 F2 U' B2 L2 F U F2 D2 B R U';2026-01-09 13:07:02;9.44
8318;10.59;;F' U2 B' R2 U2 F' U2 R2 F2 D2 U2 B' U L' B' F' R' U2 F2 R2 U';2026-01-09 13:07:28;10.59
8319;7.94;;L2 B D2 R2 B2 R2 F' L2 U2 B2 R2 F' R' U B' F2 R B F U' R2;2026-01-09 13:07:46;7.94
8320;8.77;;B' F L2 R2 D2 L2 R2 F' L2 F2 U B L' B2 D B D R2;2026-01-09 13:08:03;8.77
8321;8.74;;R2 F D2 B D2 L2 B' U R' U' B2 R' U L D B' F';2026-01-09 13:08:18;8.74
8322;8.97;;D2 U2 R2 B' U2 L2 B U2 B L2 B2 F L R' D' R U2 R2 F' L U';2026-01-09 13:08:39;8.97
8323;10.31;;F' B R' F2 R2 U' F' R2 U2 F2 L B2 D2 L' B2 L2 D2 L D;2026-01-09 13:09:02;10.31
8324;8.83;;L' F' U' R2 D' L2 B' D F2 B2 U B2 L2 D' B2 L2 U' D' R B2;2026-01-09 13:09:22;8.83
8325;7.45;;L' F' R2 U2 L2 R2 U2 F D2 B2 L' D2 R' D' R' U2 L D2;2026-01-09 13:09:38;7.45
8326;9.98;;D F D2 U2 L B2 L' U2 F2 U2 L U' F2 L2 R B D F';2026-01-09 13:10:36;9.98
8327;10.21;;B2 L F2 U2 F' D2 B' D2 L2 F' U2 F' L2 R2 D' R2 U L R B R;2026-01-09 13:10:55;10.21
8328;10.13;;R B D' R2 U B2 D F2 D' L2 F2 D' B2 U2 R B F' D B' R' U;2026-01-09 13:11:18;10.13
8329;8.37;;U2 L2 D' L2 U F2 R2 D' F2 D' B2 R F L2 D' F' L2 D B' D2 B;2026-01-09 13:11:37;8.37
8330;8.43;;F U D R L' D' B U' F U2 B2 L2 F2 U2 L' F2 U2 B2 U2 L;2026-01-09 13:11:54;8.43
8331;13.17;;F2 D2 R U2 L2 U2 R B2 F2 U2 L' B L2 R F2 U' B' F U R D;2026-01-09 13:12:12;13.17
8332;8.81;;L' B2 U F2 D R2 U F2 U' R2 U' R2 D B D' B2 F' L' U' L2 F';2026-01-09 13:12:32;8.81
8333;8.35;;L' U R2 U2 R2 F2 L2 U F2 R2 F2 L2 U' R' D2 U L' F' U' L2 F;2026-01-09 13:12:50;8.35
8334;8.82;;L' D2 F2 U2 B2 L' D2 U2 B2 L' B2 L2 U' R' B U' F' U R' F2 U';2026-01-09 13:13:09;8.82
8335;8.01;;L' F L2 D2 L F2 D2 R2 D2 L' U2 B2 U2 R B R F2 U' B' R D;2026-01-09 13:13:26;8.01
8336;9.05;;U2 B2 D L2 D L2 U L2 F2 U2 R2 B F' L B U2 L2 D2 U' L;2026-01-09 13:13:47;9.05
8337;9.53;;L F2 D2 L2 U F2 L2 D' F2 R2 D U' R2 F' L' R2 U2 R' D' R' F2;2026-01-09 13:14:06;9.53
8338;8.55;;R' U2 B2 R2 B U2 B' L2 F' U2 F2 L2 R D' U R D' U' F' D';2026-01-09 13:14:25;8.55
8339;10.80;;U2 B' R' L F' U' D R L2 U2 B2 D' B2 L2 U' B2 D R2 U' F2 L;2026-01-09 13:14:45;10.8
8340;11.37;;L2 D2 F' R2 B' U2 F R2 F U2 D' R2 D2 B' L F D2 R';2026-01-09 13:15:02;11.37
8341;9.22;;D2 F R2 D2 B' R2 F' D2 F2 R2 F2 U2 R' F2 U' L B' F2 L R' B;2026-01-09 13:17:22;9.22
8342;10.97;;F2 R2 U2 R2 D2 F L2 F2 R2 B D2 B' L' B' L2 U' R B2 F L R2;2026-01-09 13:17:39;10.97
8343;10.56;;L2 R2 U2 L2 R2 B L2 F2 D2 F' R2 D2 U L U' F2 R' U B' F';2026-01-09 13:18:00;10.56
8344;10.81;;D2 R D L' B R F' D' L U2 R2 D2 B2 L' D2 L2 B2 D2 L';2026-01-09 13:18:18;10.81
8345;9.68;;R2 F' L2 B2 F' R2 U2 B R2 D2 F U B2 F2 U2 R U2 L R2 B;2026-01-09 13:18:37;9.68
8346;8.35;;L2 D2 F' U2 F' U2 R2 D2 L2 B U2 D R B2 L' F2 R U2 R D;2026-01-09 13:18:55;8.35
8347;9.82;;L B' D' L U' F D L2 D2 F' R2 U2 B' U2 B R2 F2 R2 U;2026-01-09 13:19:11;9.82
8348;9.94;;B L F' R L2 B' D2 B L' U F2 D L2 B2 D2 L2 B2 U' B2 R2 B2;2026-01-09 13:19:41;9.94
8349;7.36;;L2 D2 F L2 F D2 R2 B2 L2 F R2 B L U' B2 U L R F U' B;2026-01-09 13:20:01;7.36
8350;9.72;;F' R2 L' B' R' B2 D' L U2 L2 D' B2 D2 B2 D' B2 D' F2 D B2 R';2026-01-09 13:20:17;9.72
8351;9.29;;L' B U2 B2 U' L' D' F2 R F L D2 F2 L B2 D2 L B2 D2 R;2026-01-10 10:08:43;9.29
8352;10.92;;U2 L' B2 U2 F2 U L2 D2 U' F2 U2 F2 R2 F' U2 L' U F' D2 L2;2026-01-10 10:09:02;10.92
8353;10.67;;U2 B U F R' B2 D' U2 L2 F L2 F2 R2 U2 B' D2 B U2 F' R' F2;2026-01-10 10:09:25;10.67
8354;11.07;;D2 F L F2 R' B L2 D R L2 D' L2 F2 U B2 D2 F2 L2 D' R2 D';2026-01-10 10:09:46;11.07
8355;8.08;;D2 F2 L R U2 R' F2 L F2 D2 L' F' L U' B' L' R U R2;2026-01-10 10:10:08;8.08
8356;9.83;;R' F2 B D B' U' R' F2 U2 B2 U2 F2 L2 U L2 U R2 F' U';2026-01-10 10:10:23;9.83
8357;9.85;;R U2 R' F2 D2 L2 F2 L2 B2 R2 D F' U2 R D' B L2;2026-01-10 10:10:46;9.85
8358;7.69;;F' L2 U2 R' U2 B2 R2 B2 R F2 R2 F2 U' F2 D L2 B D R' U' L';2026-01-10 10:11:04;7.69
8359;11.24;;D2 B U2 D F U B' R B' U2 R2 B2 R2 L2 D' R2 U F2 R2 D2;2026-01-10 10:11:21;11.24
8360;10.09;;R B2 L2 B2 R U2 R F2 U2 L D2 F' D L' B' R2 F D2 L2 R';2026-01-10 10:11:42;10.09
8361;11.04;;R' D2 F U' B' R2 U' F2 L2 U2 B2 R' F2 B2 D2 F2 B2 L F' L';2026-01-10 10:12:02;11.04
8362;8.94;;U2 R2 F L2 D2 R D B2 L' D2 R' U2 D2 L D2 B2 L' D2 F U2;2026-01-10 10:12:32;8.94
8363;9.69;;B' L U2 B2 U R2 D2 L2 F2 U B2 D2 L' B' F' U B R2 D;2026-01-10 10:12:52;9.69
8364;8.92;;R' F' L2 D2 L2 R' U2 F2 L2 R F2 U R' B' L U B' F2;2026-01-10 10:13:08;8.92
8365;9.65;;L2 R2 B2 D' L2 D' F2 R2 F2 U' B2 F R B R' D' F D R' U L';2026-01-10 10:13:29;9.65
8366;9.25;;L2 B R' L F2 R D L2 B' L2 B' D2 F2 U2 F' L2 D2 L2 U';2026-01-10 10:14:21;9.25
8367;12.75;;F' R B' U' D' R L' F' D L F2 R2 D2 B U2 F L2 F' L2 U2 B2;2026-01-10 10:14:38;12.75
8368;8.96;;L2 B' L2 F2 R2 B L2 B D2 B' F' R' D L' U B2 L' D2 R U2;2026-01-10 10:15:05;8.96
8369;8.19;;R F2 U' R2 D2 L2 F2 D' B2 L2 F2 R2 U' B' D' F' D' U2 L' D R';2026-01-10 10:15:27;8.19
8370;9.48;;D' L2 B2 D2 B L2 D2 R2 B2 L2 B U2 F U R' B' D' L R D' B;2026-01-10 10:15:51;9.48
8371;10.04;;F L2 F2 D' B2 F2 U' L2 F2 U' R2 D L' U L' F' R' B' L B F;2026-01-10 10:16:16;10.04
8372;10.12;;R U B' L' U B2 U B' U D' B2 U L2 B2 D2 L2 F2 D R;2026-01-10 10:16:37;10.12
8373;9.37;;R' U F' R' F B' R' U R U F2 L2 U2 B2 D2 F2 D2 R2 U R2;2026-01-10 10:16:59;9.37
8374;8.19;;U B2 D' U' L2 F2 L2 B2 D R2 U L2 F D2 L2 F L' B D F' R';2026-01-10 10:17:24;8.19
8375;8.36;;U2 B2 L' U2 R B2 L U2 B2 D2 U2 F D2 R2 B2 R' B D' B2 L';2026-01-10 10:17:51;8.36
8376;7.82;;B R' B2 U2 B2 F U2 B' U2 R2 D2 U2 F' L2 U' F R F2 R D B;2026-01-10 10:18:13;7.82
8377;10.00;;B2 D F2 D L2 F2 L2 B2 D B2 D2 R2 L' F2 D' L B F' U' B2 U;2026-01-10 10:18:29;10.0
8378;8.36;;F' L2 F2 L2 R' D2 F2 R' B2 U2 B' D2 B R B2 U' R' F';2026-01-10 10:18:50;8.36
8379;9.72;;L B R2 B2 F2 U' R2 D B2 D2 U L2 U L' B' D' U' L2 B L;2026-01-10 10:19:08;9.72
8380;12.02;;D2 U R2 D U2 R2 B2 U F D2 L' B' L' D F' L R U';2026-01-10 10:19:30;12.02
8381;9.00;;B2 D' B2 D2 B2 U R2 U' F2 D B' R2 F2 L' D' R2 U' R F2 L';2026-01-10 10:19:53;9.0
8382;14.03;;U2 F R2 F2 D2 F D2 U2 B2 D2 F' L B' U' R U R2 D' L B2 R';2026-01-10 10:20:15;14.03
8383;10.40;;B L F' D B R2 L B2 U' R2 D2 R' F2 U2 R F2 R' U2 R D2;2026-01-10 10:20:37;10.4
8384;8.48;;U2 R' U2 R2 D' B2 D' R2 F2 U R2 U' L U' B R2 U' L B2 R;2026-01-10 10:20:57;8.48
8385;8.99;;B2 L2 U' B2 U' B2 F2 D R2 B' D2 R' F2 U' F' L B' L2 F';2026-01-10 10:21:29;8.99
8386;10.63;;F' L' D F2 R' D2 B R' D2 R2 U2 R2 F' D2 B' U2 B' U2;2026-01-10 10:21:46;10.63
8387;11.44;;L' U2 L2 U2 F D2 F U2 L2 F' D2 U2 F2 R' U' F R2 B L D2 B';2026-01-10 10:22:07;11.44
8388;9.56;;R2 D2 R2 U' F2 U L2 B2 U' R2 U' L2 B L2 R F D B' R' U L';2026-01-10 10:22:32;9.56
8389;9.38;;R B R2 F' U2 R2 D2 F' D2 U2 B R' U R2 D' U2 B' L D;2026-01-10 10:22:54;9.38
8390;8.76;;U D' B' L F' R' D' U2 L2 B2 R2 B U2 F2 R2 U2 D' L;2026-01-10 10:23:14;8.76
8391;11.28;;B R' D' F2 L2 D' R2 D' L2 D' R2 F2 D' F' D2 F D B2 R' B;2026-01-10 10:23:34;11.28
8392;8.56;;R' D R2 U2 R2 F' L2 D2 F D2 F U2 F' U2 D B L' B2 R2 D F';2026-01-10 10:24:00;8.56
8393;7.95;;L D2 R F' U2 D' L' B' R U R2 L2 D2 F2 B2 U' B2 U B2 R2 U;2026-01-10 10:24:37;7.95
8394;9.26;;U' R2 U B2 L2 U F2 U' L2 D' L2 F2 B U2 B2 R' U L2 B' R B2;2026-01-10 10:25:22;9.26
8395;7.29;;U2 L' U2 R' D2 B2 L' R' F2 U2 D B2 U' R F R2 B' R2 B';2026-01-10 10:25:40;7.29
8396;11.31;;R D2 U2 R' F2 L2 U2 R2 U2 R' U2 D' B' U R' F' L' U L' B' U';2026-01-10 10:25:56;11.31
8397;9.74;;F R U L B' R' D F D2 B R2 F2 R2 U2 L2 D' F2 L2 B2 L2 D';2026-01-10 10:26:27;9.74
8398;11.45;;R' U' L2 F2 D' B2 U' R2 F2 U L2 F' L' U L D2 R' F;2026-01-10 10:26:50;11.45
8399;7.60;;D' B2 R U D B U F' U2 F' L2 B U2 B U2 F' R2 F2 L';2026-01-10 10:27:40;7.6
8400;10.75;;U2 R D F' U2 R F2 U' B U2 R2 B2 L2 U' F2 R2 U2 F2 D R2 B2;2026-01-10 10:27:58;10.75
8401;7.47;;L2 U' L' U2 D2 L F2 D' F R F D2 F U2 D2 F2 B R2 F U2;2026-01-12 16:45:52;7.47
8402;8.67;;D2 F2 D' R2 F2 U' L2 R2 U' B2 D F' D' U' R2 B D R F2 D;2026-01-12 16:46:12;8.67
8403;11.56;;B' U D F' R2 U' L' U2 D2 F D2 F U2 F2 B U2 B D' L;2026-01-12 16:46:35;11.56
8404;8.98;;D' B D R2 U F2 D B2 F2 D R2 U R2 U2 L D' F' D' R U' B';2026-01-12 16:46:56;8.98
8405;8.90;;B2 F2 U2 B2 L' B2 L2 R D2 R2 F2 B L' U2 B' L U' B D';2026-01-12 16:47:15;8.9
8406;10.88;;F' L2 F U2 L2 B' L2 R2 U2 B' R2 B L' D L' D L' B' F L' R2;2026-01-12 16:47:43;10.88
8407;8.63;;F B L' D' F2 D2 R F U2 D2 F2 U2 B' D2 B L2 B' L' B2;2026-01-12 16:48:04;8.63
8408;11.15;;U R2 B2 F2 D2 R2 D' B2 D2 L2 B L' B' F D' U' R B' D' L';2026-01-12 16:48:36;11.15
8409;9.90;;U' D F2 L' F B U R D' L2 D2 F' R2 B R2 B L2 B U2 F2;2026-01-12 16:49:23;9.9
8410;9.72;;R D B2 L2 D U L2 F2 D' B2 R2 U2 L' D F' R2 F2 R2 B D';2026-01-12 16:51:21;9.72
8411;9.54;;U B' D B L B U B2 L' D L2 F2 D2 B2 U R2 D F2 L2 U2;2026-01-12 17:37:40;9.54
8412;9.48;;R D2 B D' F2 R2 B' D' F B2 L D2 B2 R D2 B2 L D2 F2 B2 R2;2026-01-12 17:37:59;9.48
8413;10.03;;B' F2 L2 D L2 D F2 L2 D' U2 F2 D R B' L2 D' U L U2 B L';2026-01-12 17:38:18;10.03
8414;9.50;;L' B R B' L2 D2 U2 F2 D2 B' R2 U2 F' R2 U R2 B D' R U' R;2026-01-12 17:38:38;9.5
8415;10.38;;B2 U' D B2 L F' B2 R U F2 R2 L2 D F2 D F2 U' B2 R2 U2;2026-01-12 17:38:57;10.38
8416;9.83;;B' R2 B2 D' B2 D2 L2 U R2 D B2 R2 U2 R F2 L' R2 F' D' B R;2026-01-12 17:39:21;9.83
8417;8.52;;L2 F2 U2 R2 U2 L2 F2 U2 R' U2 R2 F2 U F' L2 R' U' L2 D' R2 F2;2026-01-12 17:39:42;8.52
8418;11.05;;F2 B' D F L' D F' U F2 U2 R' U2 L2 D2 L' U2 B2 U2 R B';2026-01-12 17:39:58;11.05
8419;9.17;;L2 F' L2 U' F2 U' B2 U F2 U' B2 L2 U R' F2 L F D' B R' U;2026-01-12 17:40:18;9.17
8420;18.22;;F2 U2 L' U2 R2 B2 R U2 R2 F2 R D U B' F' L' U2 B L2 D B;2026-01-12 17:40:35;18.22
8421;8.70;;L2 B2 D2 U2 B L2 D2 B' R2 F' R2 L D' R' D2 B F' D2 L' F' L2;2026-01-12 17:41:08;8.7
8422;11.12;;U2 B2 L2 U R2 D' B2 U' F2 L2 R2 U F' D2 U' F' L F2 D' U';2026-01-12 17:41:24;11.12
8423;8.25;;B2 L' B2 U2 L' B2 L' U2 R' B2 D2 U R U2 R D' B' D' U' F' D;2026-01-12 17:41:45;8.25
8424;8.01;;D B R2 U L' U' F2 L' U2 D2 L2 B' D2 B U2 F D2 B' D2 R;2026-01-12 17:42:02;8.01
8425;11.44;;L' U' R' B' L' F2 U F B2 U2 F L2 D2 B' L2 D2 F2 D2 B L' U;2026-01-12 17:42:22;11.44
8426;7.70;;F2 D L2 F2 U2 F2 D2 F2 L2 U B' U L' R' F U B' R' F L';2026-01-12 17:42:46;7.7
8427;10.94;;D L2 F L2 U2 F D2 L2 F D2 B2 U2 B L' F2 U' B' F2 D L2 F2;2026-01-12 17:43:07;10.94
8428;10.42;;U' F' L2 U2 F U2 F D2 F' D2 U2 F R2 U' F2 L' B' F' U' F';2026-01-12 17:43:26;10.42
8429;9.89;;B' R F D' F2 U' B2 U2 F2 L2 U L2 U' F' R' U L B2 F L';2026-01-12 17:43:44;9.89
8430;11.78;;F' U2 B' R2 D2 F D2 L2 U2 R2 B D L' U' L D R' B L2 B;2026-01-12 17:44:03;11.78
8431;10.31;;R' D' F2 U' D' B' D' F R2 D2 L' F2 R' F2 R D2 R' F2 U2;2026-01-12 17:44:41;10.31
8432;9.80;;U' R L' F' B2 R L2 B' D F' L2 F B2 L2 D2 F' R2 F R2;2026-01-12 17:45:01;9.8
8433;12.70;;F2 D2 R' B2 R F2 D2 L' R2 F2 R D' L' F' U R D' B' L2 U L';2026-01-12 17:45:21;12.7
8434;10.14;;U L2 F2 U2 F2 D R2 F2 R2 D' F' D U' L2 R' U F2 R U';2026-01-12 17:45:47;10.14
8435;9.95;;F R2 F R2 F L2 D2 F L2 F' D2 F' L' R' F D' U' L2 B D F;2026-01-12 17:46:07;9.95
8436;9.58;;R2 D' L2 D' B2 D' U2 F2 R2 D' B2 F D L R F2 U F2 D2 U2 R;2026-01-12 17:46:32;9.58
8437;10.68;;L2 D' R2 F2 D2 U F2 D F2 R2 U' F R2 U' B F R2 D L' U R';2026-01-12 17:46:49;10.68
8438;10.62;;F2 L' D2 R L' U B F2 R2 D2 R2 U D2 L2 F2 R2 B2 U' B2 L' U';2026-01-12 17:47:12;10.62
8439;9.11;;D2 F2 U F2 D' L2 U' R2 B2 D B2 L' B' F U2 L' B' U L D B';2026-01-12 17:47:35;9.11
8440;9.47;;F2 R2 D R2 U F2 D R2 F2 U2 F2 D2 L' B L' B2 L' F R B';2026-01-12 17:49:29;9.47
8441;8.89;;R B R2 D' B' U2 R2 L' F' U' R2 F2 L2 U B2 D B2 R2 U' B2 U';2026-01-12 17:49:54;8.89
8442;10.50;;B2 R2 D F2 D' B2 D F2 U2 L2 U' L' D2 F' L2 R2 B' L U2 R U';2026-01-12 17:50:15;10.5
8443;9.57;;L' U' D2 F2 L U2 F2 D2 B2 R2 U2 R' U2 L U' B D' B U' B' F;2026-01-12 17:50:37;9.57
8444;7.81;;B L U2 B2 R2 U2 R B2 F2 L U2 L' D' L' B' U' L' U2 F R;2026-01-12 17:50:55;7.81
8445;8.85;;F2 D' L2 U2 B2 L2 U2 B R2 F2 R2 U2 B2 F' L' U F2 L' D' L' R';2026-01-12 17:51:13;8.85
8446;12.25;;L2 D2 R' U2 F2 L D2 B2 L B2 D2 F2 D' R' B2 U B L D' F R;2026-01-12 17:51:31;12.25
8447;8.69;;R U2 L' B' D2 B2 D2 L2 U2 B L2 F' U F' L2 U B2 L D2;2026-01-12 17:51:55;8.69
8448;8.44;;U F2 D2 B2 F2 D F2 R2 D' L2 U2 L F' R' F' R' B' L2 D L2 R2;2026-01-12 17:52:12;8.44
8449;8.57;;L2 R2 F2 U L2 D B2 D' U' L2 D B2 F D' L R2 D U2 L' B';2026-01-12 17:52:32;8.57
8450;12.11;;L2 F' R2 U2 B2 D2 R2 D2 B' R2 B D' L U2 F U2 B' L' B2 R;2026-01-12 17:53:06;12.11
8451;8.30;;U2 R' F2 L2 B R2 B D2 L2 R2 B R2 D2 B' D R B2 U2 L B2 D2;2026-01-13 10:37:35;8.3
8452;9.01;;B2 R' U L' B2 D' R2 B D F2 D2 R2 L' D2 R2 L' F2 U2;2026-01-13 10:37:52;9.01
8453;11.05;;B' R B2 D2 R2 U' L2 U B2 D R2 B D L R2 B L' U R';2026-01-13 10:38:23;11.05
8454;10.77;;D' R U L2 B2 U2 B R2 U2 B D2 B2 L2 F2 L U B R2 D B' R';2026-01-13 10:38:45;10.77
8455;9.38;;U2 L2 U' R2 D B2 F2 D' R2 U L' U2 B F U2 B' D L F R2;2026-01-13 10:39:16;9.38
8456;10.10;;B2 L2 F' U2 F' D2 F U2 B R2 F L' F L2 U' R2 D2 F' L' R;2026-01-13 10:39:34;10.1
8457;8.41;;L' F' R2 D' R2 F2 U R2 U' L2 D2 U' L2 U' F' L B' D' L2 D2 L2;2026-01-13 10:40:04;8.41
8458;8.94;;B' U' R' B2 L' U2 B2 U2 B2 R' B2 F2 L' F D F U F2 R2 F R;2026-01-13 10:40:20;8.94
8459;9.53;;R' B' U D2 B' L' U' D' R F2 D2 B L2 F U2 L2 B L2 D2;2026-01-13 10:40:38;9.53
8460;9.09;;R F2 D2 R U F' L2 F R D2 L' U2 D2 L F2 D2 F2 U2;2026-01-13 10:40:56;9.09
8461;7.12;;D' R B U' D L F' L D' F2 R D2 R2 B2 L D2 R' F2 L2 F2 L;2026-01-13 10:42:02;7.12
8462;8.89;;U' B D F2 L2 R2 D2 F2 L2 D R2 D B2 U2 B' F2 L B' U' R' U;2026-01-13 10:42:20;8.89
8463;10.38;;L' D2 F R2 F2 L2 D2 B' D2 U2 B' U2 F2 R' D R B' U' R U';2026-01-13 10:42:37;10.38
8464;7.98;;U2 B L2 F' R' B U F' L' F2 U' B2 D2 L2 D' F2 U' R2 L2;2026-01-13 10:42:59;7.98
8465;8.39;;D' B2 U L2 U B2 D L2 B2 D' F2 D' R F L2 R2 B' D' F2 D2;2026-01-13 10:43:20;8.39
8466;6.91;;F2 L U2 B2 D' L2 U L2 U F2 U2 L2 F2 L2 B U R U2 B2 U2;2026-01-13 10:43:37;6.91
8467;8.94;;U2 B2 D F2 U2 L2 U2 R2 B2 D2 R2 B D F' L' B2 D B' U L U;2026-01-13 10:43:57;8.94
8468;10.32;;L' F L' U2 B2 L2 U2 L' F2 R2 F2 U2 L' B R2 U R2 F2 D R;2026-01-13 10:44:24;10.32
8469;8.20;;U2 B D2 F' U2 B2 R2 B R2 D2 L2 F' L F R B F' D L U2 L;2026-01-13 10:44:51;8.2
8470;9.42;;D' F2 L2 D2 L2 R2 D L2 U L2 U' R' B' L' R U R' D2 R' F' D';2026-01-13 10:45:10;9.42
8471;8.08;;U2 L2 D' R2 D L2 F2 L2 U2 B' L U' L' F' D2 U2 L' B2 U;2026-01-13 10:45:27;8.08
8472;8.06;;R F' R' B2 L' D2 B R2 U R2 U' B2 L2 F2 U B2 D' R2 D R U;2026-01-13 10:45:42;8.06
8473;10.91;;D' F' U2 R U D' B D' B' L2 U2 B2 R2 L B2 R' F2 R' U2;2026-01-13 10:46:13;10.91
8474;9.93;;U2 R2 F L' D2 R' F' U F' B' U2 R2 L2 D2 R2 F' D2 B L2 D';2026-01-13 10:46:34;9.93
8475;7.40;;R' F' U2 L' D' L U B' D' B2 D F2 U B2 D2 L2 F2 U' B2 F;2026-01-13 10:46:55;7.4
8476;9.07;;D' R U F2 L2 D' B2 F2 D R2 U' R2 B R F' L' D2 F L2 F';2026-01-13 10:47:25;9.07
8477;9.28;;D R2 F R' F2 U' R2 D F2 R' B2 L D2 R2 U2 R U2 L B2 U';2026-01-13 10:48:03;9.28
8478;11.23;;R' D2 L R2 U2 B2 R B2 L2 U2 F2 U2 B' R F' D' R2 U B L2 B2;2026-01-13 10:48:40;11.23
8479;8.84;;L D B R2 D2 F' U2 L2 B2 L2 B' F' U L F2 U F L2 D2;2026-01-13 10:49:01;8.84
8480;8.52;;D2 B F U2 B R2 F' R2 F' L' B2 L' B R D B' R2 U2;2026-01-13 10:49:19;8.52
8481;8.42;;F L2 U' R2 D F2 D2 L2 U' L2 R2 B2 F' D L D2 R B2 R' B;2026-01-13 10:49:34;8.42
8482;9.38;;L2 R2 B D2 R2 B2 L2 F2 D2 R2 U2 F2 L' U' L2 B' D' L B' R B;2026-01-13 10:49:51;9.38
8483;9.02;;B R2 U2 B' U2 L2 U2 R2 B2 R2 B' R2 L D U F' R D' L' B2 F2;2026-01-13 10:50:07;9.02
8484;8.18;;R2 B2 D2 L2 D' F2 L2 U R2 U R D' L' B' L2 U2 L' R' B U';2026-01-13 10:50:32;8.18
8485;8.42;;B2 R2 B2 U R2 U' L2 D U2 B' U2 F2 L D' B' D' F' L' F';2026-01-13 10:50:49;8.42
8486;9.08;;U2 L2 R' F2 L' D2 L2 D2 B2 F2 R F' L B2 U' R D2 L2 R2 F';2026-01-13 10:51:13;9.08
8487;8.98;;R2 B2 U' D F' R' D F D' B2 R2 L2 D' L2 F2 U F2 R2 U2 L2;2026-01-13 10:51:34;8.98
8488;7.93;;U2 F D2 F U2 F2 L2 U2 F R2 U' R' B' L D2 U' L U L U';2026-01-13 10:51:52;7.93
8489;8.13;;D2 R' F' D L' U B' R U R2 D2 B U2 R2 F' R2 B' D2 R2;2026-01-13 10:52:34;8.13
8490;10.86;;U' L2 U2 F2 L2 D' R2 B2 F2 U L2 U' F L R' B D' F L R';2026-01-13 10:52:54;10.86
8491;10.14;;B D' F2 R' U' D R' D2 L' D' F2 L2 F' L2 F2 L2 U2 B' U2 R2 B;2026-01-13 10:53:16;10.14
8492;7.90;;R' F B U2 D B' U B2 L2 B2 R U2 L B2 L F2 R F2 B' R2;2026-01-13 10:53:39;7.9
8493;7.69;;L' U R L B' R2 D' F' R2 U' F2 U' R2 U' D' R2 F2 R';2026-01-13 10:53:55;7.69
8494;7.82;;R2 D R2 D2 R2 U2 B2 L2 U' F2 L F2 R' F2 R B' U2 F D' B';2026-01-13 10:54:12;7.82
8495;10.68;;B2 R2 F D2 R2 B' D2 U2 B' R2 D' R' B2 F' U L2 R' B2 U2;2026-01-13 10:54:28;10.68
8496;11.51;;D L D2 F2 D F2 U2 B2 R2 U F2 D B2 U2 R' D L B D' U' L2;2026-01-13 10:54:49;11.51
8497;8.77;;R L F2 D' L2 D' F2 U L' F2 L2 F' L2 D2 F' D2 B2 R2 B D2;2026-01-13 10:55:22;8.77
8498;8.32;;D B2 D F' D2 R F2 B D' L2 F D2 F' L2 B' L2 B;2026-01-13 10:55:40;8.32
8499;8.29;;R2 B' U B L' F' R D2 B2 L2 U2 F2 R2 D R2 D F2 D' R2 F R;2026-01-13 10:55:58;8.29
8500;8.79;;U R' D2 U2 F U2 L2 D2 B' R2 U2 B' L2 F U F' D2 B R' U' R';2026-01-13 10:56:14;8.79
8501;8.82;;F D R2 F2 D L2 R2 D2 R2 B2 U F2 U2 B' U2 R' D L' R2 B R2;2026-01-13 10:58:48;8.82
8502;7.49;;B2 U2 R D2 L2 F' U2 L2 B2 F L2 B' R2 D2 R B U' B2 U R2 U;2026-01-13 10:59:07;7.49
8503;10.51;;F R2 F2 U2 F2 D L2 R2 B2 U2 L2 D' R' F' D' U R B L2 F2 L';2026-01-13 10:59:24;10.51
8504;9.17;;U' B2 D F2 L2 D2 U2 F2 L2 U' L' D2 B D' L F2 R F' L;2026-01-13 10:59:42;9.17
8505;8.88;;D2 F2 R2 U R2 D' R2 B2 U F2 B R B F2 L2 R F D' R';2026-01-13 10:59:59;8.88
8506;9.83;;F' R B2 L2 D U2 B2 F2 R2 F2 D L2 F L' D L' R2 U L2 R';2026-01-13 11:00:18;9.83
8507;13.15;;R L' F' B' D2 L D' L' F2 U2 L F2 R U2 R2 L' U2 D' R;2026-01-13 11:00:36;13.15
8508;9.92;;F2 D2 F' U2 L2 U2 L2 R2 B D2 B' D' F' D F' L' B L R' U2;2026-01-13 11:01:16;9.92
8509;8.83;;U2 B2 U2 L2 D2 R2 F R2 B D2 R2 D L' R D' F2 D' L2 R2 F';2026-01-13 11:01:34;8.83
8510;10.10;;R U2 L' B2 L2 F2 D2 R2 U2 F2 R' F2 D F' L R2 D' B2 D F' D2;2026-01-13 11:01:53;10.1
8511;9.34;;F B2 L B2 L B2 L2 B2 R' U2 L B2 R U' B2 F R2 F2 D U2;2026-01-13 23:23:36;9.34
8512;9.83;;R2 D2 F L2 D2 L2 D2 U2 B2 D2 B' R' B' D' R2 D' F' L F U2;2026-01-13 23:24:04;9.83
8513;10.57;;D' R2 D F2 R2 F2 D F2 U R2 U2 R' F2 D F' U2 L U B D';2026-01-13 23:24:35;10.57
8514;9.62;;U2 F2 R2 U L2 D2 F2 U L2 B2 F2 R' D2 R' D B' L' B L' U;2026-01-13 23:25:09;9.62
8515;7.83;;F' R' D' R U F' L2 B R' F2 L D2 R2 D2 F2 R' F2 D2 L2 F';2026-01-13 23:25:46;7.83
8516;9.31;;F2 U2 B R2 D2 B' D2 U2 B L2 R2 F2 U L' D F2 D R2 D U' F';2026-01-13 23:26:13;9.31
8517;12.82;;F R' D' F2 R2 D' R2 F2 D2 F2 U' L2 U2 R2 F D U' B U R' U;2026-01-13 23:26:29;12.82
8518;11.29;;D' L2 B2 L2 R2 U B2 L2 D2 U' B2 R' F U2 B' D' B U' R' B F';2026-01-13 23:26:53;11.29
8519;9.90;;L2 U' R2 D' B2 R2 F2 U R2 U2 R2 U' B L U' R B' U L2 R2 B';2026-01-13 23:27:20;9.9
8520;10.37;;L D' F' R2 D2 F R U2 R2 U2 F' D2 R2 F' U2 R2 B' R2 L' F';2026-01-13 23:28:13;10.37
8521;8.62;;L2 B U2 F L2 B2 F L2 F2 D2 F' D' L2 F L' U' F R F D';2026-01-13 23:28:31;8.62
8522;9.99;;B' R F2 L2 B2 U B2 D' F2 U F2 U2 L2 U' B D B F R2 B U';2026-01-13 23:28:53;9.99
8523;11.99;;D2 B2 U' L2 D2 L2 D R2 D R2 U L D2 B R' D R F' D U L;2026-01-13 23:29:12;11.99
8524;7.82;;F2 U' F2 R2 F2 L2 B L2 D2 B' L2 F2 U' L D2 B L2 D;2026-01-13 23:29:35;7.82
8525;10.32;;R2 B D F2 R F' D L B D2 L2 F2 D2 R2 B2 U2 L D2 L' D2;2026-01-13 23:29:51;10.32
8526;9.76;;F2 R F2 R2 U' R2 F2 U B2 L2 D2 L F U' R2 B' U2 L' D;2026-01-13 23:30:28;9.76
8527;8.02;;B D' L2 U' L2 B2 L2 U L2 U B2 U2 L U B' F' R2 U2 L F;2026-01-13 23:30:51;8.02
8528;9.63;;R2 D L2 B2 L2 R2 D' U' R2 F2 U L B D R D2 B U F' R' D2;2026-01-13 23:31:08;9.63
8529;8.77;;R' B2 L2 D2 L2 B D2 B U2 L2 F R2 U L' D2 B2 D' U R F2;2026-01-13 23:31:29;8.77
8530;10.73;;B2 L2 D L2 U2 L2 U' B2 R2 F2 L2 U2 L B D2 L' F R' U2 L R;2026-01-13 23:31:49;10.73
8531;10.02;;D' U' F2 L2 U' L2 R2 D' R2 D' R B2 D2 B D L' F' U' F' D;2026-01-13 23:32:11;10.02
8532;8.80;;F U2 R2 U F2 U' R2 B2 U' R2 D L2 U L U2 B' L2 U' L' B U;2026-01-13 23:32:30;8.8
8533;9.99;;R U2 R F' L2 D L F L2 D2 R F2 U2 L' D2 R2 U2 B2 L' U2;2026-01-13 23:32:53;9.99
8534;8.69;;B2 L2 D' B2 U2 L2 D F2 R2 B2 F2 U R' D F' D L B R2 U' R2;2026-01-13 23:33:53;8.69
8535;10.35;;L F2 D2 R' F2 L2 D' B D2 F2 D' F2 D' L2 D R2 B2 D B2 L2;2026-01-13 23:34:10;10.35
8536;14.69;;B2 L2 U R2 U F2 U F2 L2 U2 F U F2 U2 F' R' D U B' R';2026-01-13 23:34:29;14.69
8537;7.61;;D B2 U L2 F2 L2 F2 D' B2 U L F U' B2 L2 U B' F' L B';2026-01-13 23:34:54;7.61
8538;9.43;;B' D2 B2 U F2 U B2 R2 U' R2 U2 R2 L F D' R' U' B' U' B2;2026-01-13 23:35:10;9.43
8539;10.30;;U2 F2 B' R' B' R F B2 U' L F2 B2 D2 L2 F2 L B2 U2 R2;2026-01-13 23:35:32;10.3
8540;10.40;;U2 B' F2 R2 D2 B D2 F' U2 R2 F' U R' F U2 L2 R D L B U;2026-01-13 23:35:52;10.4
8541;9.04;;R2 L' B2 L' U' D L' F' L2 F' U2 B' L2 U2 B' R2 D2 F R' B';2026-01-13 23:36:10;9.04
8542;8.84;;F' D F2 B2 L B U D R D2 R2 B' R2 L2 U2 B L2 B2 R2;2026-01-13 23:36:29;8.84
8543;7.88;;L F2 B' U' L2 F2 B U R' F2 R' F2 R2 U2 F2 B2 R' D2 F2 L2 B';2026-01-13 23:36:53;7.88
8544;7.72;;B' U2 L2 D2 B' R2 F2 R2 D2 U2 R' D L' R' F U' L2 D' L';2026-01-13 23:37:10;7.72
8545;9.94;;L2 D F2 U' F2 U' R2 D' R2 D L2 B' R D2 U F U2 B F2 U' L2;2026-01-13 23:37:27;9.94
8546;11.59;;F' L2 U F2 R2 U F2 U R2 U2 F2 L2 U' L F' D' B R' B' U2 L;2026-01-13 23:37:51;11.59
8547;9.74;;B2 L2 U' F2 D' R2 D2 F2 L2 D' F' L' D B R' U R2 F2 L2 F';2026-01-13 23:38:20;9.74
8548;8.36;;D R' D L' F R F2 L B R2 F2 B2 D' F2 U B2 U' B2 R2 D' B2;2026-01-13 23:38:38;8.36
8549;9.15;;R2 D2 B2 L2 B2 L2 U L2 B2 D2 B2 U R B R' U L R D' B;2026-01-13 23:38:54;9.15
8550;13.78;;F L U2 F2 L2 U2 F U2 R2 F L2 U L2 D' B' D' L' F';2026-01-13 23:39:12;13.78
8551;9.87;;R2 U F2 B2 R' D L F U2 R U2 L' F2 D2 L2 U2 D2 L' F2 L;2026-01-13 23:40:05;9.87
8552;8.04;;R' U' D2 R' D' F' B' R2 U2 R D2 R' U2 R B2 L2 D2 F2 L F D2;2026-01-13 23:40:34;8.04
8553;8.38;;F D' B U2 R2 F2 R2 F D2 L2 F2 U2 B' R2 L' D' L2 R2 B2 D L2;2026-01-13 23:40:50;8.38
8554;11.28;;R' F R U' F D' B' D' R F2 B2 L' D2 B2 R' F2 R L D2 R;2026-01-13 23:41:10;11.28
8555;9.92;;B2 U' D2 F2 L R2 B2 R' D2 L' F2 D2 R U2 B D' R2 F R' U B;2026-01-13 23:41:29;9.92
8556;7.87;;B U2 F2 U' L' B2 D F D2 B2 L' D2 R2 F2 U2 D2 R' D2 R D2 F';2026-01-13 23:41:52;7.87
8557;7.51;;U' B' F2 R2 U R2 U F2 U' F2 L2 U' L2 U2 B D' F' R' D F L;2026-01-13 23:42:30;7.51
8558;7.95;;U' L F2 D2 R2 U2 F U2 F2 R2 F2 R2 U2 R' U' L' D' R U2 F2;2026-01-13 23:42:50;7.95
8559;9.41;;U F2 L2 F2 D U2 L2 B2 U R2 L U2 B' R D2 R' F' L F D';2026-01-13 23:43:11;9.41
8560;8.89;;B L2 U2 L2 F R2 B U2 L2 B2 U L D' F R2 F' U R' B L;2026-01-13 23:43:29;8.89
8561;6.92;;B U F2 D2 L2 B2 D2 L' R' U2 R' B2 R B' R2 B D U2 L2 R';2026-01-13 23:43:49;6.92
8562;8.97;;B' L B2 R D2 F R U L2 U2 R2 F2 U F2 U2 R2 L2 U' F2 B L;2026-01-13 23:44:12;8.97
8563;8.58;;F2 U2 D' R D' L' U F L F U2 F' L2 U2 D2 B' R2 F U2 D2 F;2026-01-13 23:44:30;8.58
8564;6.77;;D2 B2 D' F' U2 F L F' U R2 B D2 R2 F' B' R2 B' D2 L2 D2;2026-01-13 23:44:51;6.77
8565;10.06;;R2 B' R2 F' R2 U2 B2 F U2 B' D2 L2 D R' B2 U2 F R2 B L' B2;2026-01-13 23:45:18;10.06
8566;10.04;;B L2 F D B2 L U2 B2 U2 R2 B R2 L2 U2 R2 F' B' U2;2026-01-13 23:45:37;10.04
8567;10.73;;L' D' B L2 B' U2 B' R2 D2 U2 B' U2 F' D' F D2 F R' B F';2026-01-13 23:46:12;10.73
8568;10.82;;D R U D2 R D F' L U R2 B2 R2 D' R2 F2 D B2 U' B2 R2 F;2026-01-13 23:46:30;10.82
8569;9.95;;D' B2 D' B2 L2 B2 D U2 F2 R2 F D2 R2 D' L U2 F U R' U;2026-01-14 00:00:56;9.95
8570;8.60;;B2 U R B L2 B U2 F U2 B R2 B D2 F' R' U B D L B2 F;2026-01-14 00:01:18;8.6
8571;9.78;;B L2 B2 D F2 D L2 D' F2 D' L2 U' F U L R U' R F2 L2 R;2026-01-14 00:01:43;9.78
8572;11.65;;F L' D2 L2 F2 U2 B R2 F2 L2 D2 F' U2 R2 L' B D' R2 B2 U L;2026-01-14 00:02:12;11.65
8573;9.78;;D2 F' D2 R B D' F' L2 F2 D R2 F2 U2 B2 L2 D' F2 R F';2026-01-14 00:02:39;9.78
8574;8.98;;R2 B2 U2 F2 U F2 U B2 U R2 D2 R F2 R2 U' L2 F2 U' B' F';2026-01-14 00:02:57;8.98
8575;9.43;;L' U' B2 U' F2 L2 R2 U F2 L2 B2 D2 R2 L' B2 F R' B' U' R2 F';2026-01-14 00:03:16;9.43
8576;11.65;;U' L F2 D2 R2 U L2 D B2 U' L2 R2 D R D' B2 L F D B' R';2026-01-14 00:03:34;11.65
8577;9.15;;F2 U2 L D' R L' U' B U2 R2 B L2 F' U2 B D2 B' R2 B' L F;2026-01-14 00:04:00;9.15
8578;10.99;;D2 F' R2 F2 L D2 R D2 B2 D2 R' U2 B L D2 R D' B F;2026-01-14 00:04:30;10.99
8579;9.50;;L F U F2 U B2 D2 F2 D R2 B2 D F' L B' D' R' F' U R';2026-01-14 00:04:53;9.5
8580;10.54;;D' F' B' D' F2 U' R2 B2 L' F2 U2 D2 R' F2 L' F2 D2 L2;2026-01-14 00:05:17;10.54
8581;9.47;;B' U B2 R2 D2 B D2 F' R2 D2 R2 D2 F U B L F2 U' B' F;2026-01-14 00:06:51;9.47
8582;9.78;;D B' R2 D U2 F2 L2 D L2 R2 D' F2 U' R2 F' D F' R' U' F' D';2026-01-14 00:07:10;9.78
8583;9.15;;F U F' D R' U R' F R2 F2 B2 L U2 R' F2 R D2 F2 R D;2026-01-14 00:07:28;9.15
8584;9.38;;D2 F D2 R2 F2 R2 B2 D' U2 R2 U2 F2 R F' R F' D U2 R';2026-01-14 00:07:46;9.38
8585;11.00;;F2 L' B' R U2 L D' F U' D2 L' U2 F2 R2 B2 D2 L' D2 R;2026-01-14 00:08:04;11.0
8586;10.89;;D L2 F' D2 F2 D2 U L2 D B2 L2 B2 L2 F2 R' F L2 D U2 L' D2;2026-01-14 00:08:26;10.89
8587;8.83;;D2 F L' F2 U D F' U R D2 B2 R' D2 R' U2 R2 F2 L' B2 R2 U;2026-01-14 00:08:46;8.83
8588;8.80;;L2 F2 R' U2 F2 L' U2 R' D2 B2 R' B U' B F U F' R2 U';2026-01-14 00:09:03;8.8
8589;8.91;;B R' L' B R2 D F2 U B2 U2 R2 B2 U2 F' R2 U2 F' D2 F U;2026-01-14 00:09:20;8.91
8590;9.55;;R' U B2 F2 U F2 R2 D B2 R2 D B2 U' F' L U' B' U2 F L' R2;2026-01-14 00:09:39;9.55
8591;14.09;;L R2 D' L2 D L2 D2 R2 B2 U2 F2 U' B' R2 B L B' D U' L;2026-01-14 00:10:04;14.09
8592;11.23;;F L2 D' B2 F2 L2 U2 R2 U F2 L2 D' R2 F' L' U2 F' R2 B2 U' L2;2026-01-14 00:10:27;11.23
8593;8.02;;D F' R2 F2 U' B2 D B2 D R2 U2 R2 U2 F2 L' D U2 F' L F R;2026-01-14 00:10:49;8.02
8594;9.96;;L2 D2 R2 D2 F2 R F2 R2 D2 R2 U2 D' R' B D' F' R2 D' L2 R B';2026-01-14 00:11:18;9.96
8595;9.60;;R U' F2 L' D2 B2 L2 R' F2 D2 R U2 F2 D' B D' U R' D2 F2;2026-01-14 00:11:38;9.6
8596;9.56;;B L2 D' F2 D' R2 U' L2 B2 U2 R2 L' B' R2 D B2 L F2 R';2026-01-14 00:11:56;9.56
8597;11.70;;U2 B' L D2 B2 L D2 L2 U2 L D2 R' B2 R2 F R2 U' L B' U L';2026-01-14 00:12:16;11.7
8598;10.01;;D B' U2 F2 U2 L' B2 D2 R F2 R' U2 B2 L' B' R2 D' F' D' B R;2026-01-14 00:12:36;10.01
8599;10.88;;L2 D2 B2 L R U2 B2 R2 F2 D' B' F' L B' U2 R' B F;2026-01-14 00:12:54;10.88
8600;10.76;;U2 R U' L2 U2 L2 F2 D' F2 D R2 B2 U' F' L' U2 B' F U2 B R';2026-01-14 00:13:36;10.76
8601;8.97;;R2 D2 B2 L2 D' F2 D R2 U L2 D F2 L F' R B2 R B' R' B2 D';2026-01-14 11:49:26;8.97
8602;9.10;;U L' U2 F' U2 F U2 F' R2 U2 B2 U2 F2 U2 L F2 R' U L' D' F';2026-01-14 11:49:42;9.1
8603;10.52;;R' D2 F2 R2 D F U2 R U F2 R2 U' D2 L2 D2 R2 B2 R2 U L2 R';2026-01-14 11:50:11;10.52
8604;7.04;;D' B' L2 D U' B2 D F2 U' B2 D' B2 F D2 B R' B2 R U;2026-01-14 11:50:32;7.04
8605;12.32;;L2 B2 U' L B' L2 D F R' B2 R2 F' L2 B' L2 B' D2 R2 D2 F;2026-01-14 11:50:48;12.32
8606;9.71;;U2 L2 D2 L2 F2 U2 F' R2 F2 U2 R2 B U F R' U F2 D2 B R F2;2026-01-14 12:01:43;9.71
8607;11.44;;F2 D U2 R2 U' R2 F2 L2 R2 U' B' D2 L' U' R' B U' L F' R2;2026-01-14 12:02:00;11.44
8608;8.98;;U2 L2 B2 D R2 D' R2 F2 D2 F2 R2 U F L R U B D2 L2 U2 L';2026-01-14 12:02:25;8.98
8609;11.02;;L' B L2 F L2 B D2 U2 F R2 F2 L2 R' D' F U L F' U' R;2026-01-14 12:02:43;11.02
8610;8.37;;U' R2 L2 F2 D2 F L' U' R' U2 R2 D2 F2 U F2 R2 U R2 B2 U;2026-01-14 12:03:56;8.37
8611;10.52;;D2 R2 B' L2 B2 F' L2 F' U2 R2 D' F D2 R B' D' U B R2;2026-01-14 12:04:14;10.52
8612;7.89;;R2 F D B2 L2 U R2 U' B2 R2 U2 B2 D' B' U R' U2 B' L2 D2 B';2026-01-14 12:04:34;7.89
8613;7.94;;F' R2 B2 U R2 U L2 D' R2 U B2 U2 L2 F' U L' B2 F2 D2 R B2;2026-01-14 12:04:50;7.94
8614;9.59;;L2 F2 U2 B F2 U2 R2 B2 R2 B U2 L2 U B' R' B' R' D2 L D F;2026-01-14 12:05:07;9.59
8615;9.63;;R2 D2 U2 B U2 F' U2 R2 D2 R2 F2 D F' L F' R U2 R2 B' L2 U';2026-01-14 12:05:39;9.63
8616;9.67;;F B2 U' L' D' F R D R' U2 B2 U' R2 L2 U' L2 D' F2 R2 U' L2;2026-01-14 12:05:56;9.67
8617;10.18;;R F2 L2 D2 R' U2 B2 R2 D2 F2 R' U2 F D' B' U' R U' F L D;2026-01-14 12:06:28;10.18
8618;8.02;;R2 F2 L2 D' R2 U L2 R2 B2 D2 U' L D2 U2 F' U B F2 D U2 R2;2026-01-14 12:07:35;8.02
8619;7.75;;U2 L2 B2 L2 D' F2 D' B2 D R2 B2 L' F' U' F2 R2 D2 F U2 R';2026-01-14 12:07:58;7.75
8620;12.17;;D' R2 U F2 R D2 F2 D L2 F B2 R2 F U2 F R2 L2 B' R2;2026-01-14 12:08:13;12.17
8621;7.22;;U B2 R2 D' L2 U' R2 U R2 D R' D' R B L D2 U L' D' L';2026-01-14 12:08:48;7.22
8622;6.81;;F' B' U' R U B' R B D' R B2 U2 R2 D2 L' B2 D2 R' B2 U2;2026-01-14 12:09:04;6.81
8623;8.60;;F' R2 F2 D2 F U2 R2 D2 F U2 R2 D B' D' L' U F' D U' B;2026-01-14 12:09:28;8.6
8624;8.15;;U2 R2 F2 D F' U' L' F2 U' R L B2 U2 L B2 L D2 F2 B2 R U2;2026-01-14 12:09:47;8.15
8625;9.46;;D2 F U2 B' F2 L2 B L2 D2 R2 F' D F U2 B2 R2 F R F D;2026-01-14 12:10:05;9.46
8626;10.41;;U2 L D2 F2 B' R L2 F D' F2 R' F2 U2 R' U2 L2 F2 L U2 R2 D2;2026-01-14 12:12:21;10.41
8627;9.01;;B D' R2 D R2 D' L2 R2 F2 R2 D B2 U' L' R' B' L2 D' B2 R' U;2026-01-14 12:16:51;9.01
8628;8.82;;R2 F2 L2 F2 D U F2 U L2 R2 B2 R F D' R2 D' B F2 L D' R;2026-01-14 12:17:26;8.82
8629;9.08;;U2 R2 U' F2 U' B2 R2 D' L2 U' F2 R2 L' F L' B U' B2 L R' D2;2026-01-14 12:17:44;9.08
8630;11.19;;B U2 L' U' R2 U2 B U F B' U2 D2 R2 F' R2 F2 D2 L2 B U;2026-01-14 12:18:06;11.19
8631;10.36;;D' R2 U' B2 L2 D' B2 D R2 U B2 U B U F' R B' D2 R' F';2026-01-14 12:18:58;10.36
8632;9.30;;U' R' F' D B R2 B F2 U2 R2 L2 U' F2 U2 R2 U2 R2 D2 L' F;2026-01-14 12:20:20;9.3
8633;10.49;;R' F L' B' D2 R' U' D2 R U2 L2 D2 F D2 F D2 F R2 U2;2026-01-14 12:20:41;10.49
8634;9.49;;F2 D2 F' U D R F D F U2 R2 U2 R2 U2 F' U2 B2 R2 U2 F';2026-01-15 00:29:37;9.49
8635;9.60;;U' B' D2 L2 U' R2 D' R2 U R2 B2 R2 B2 U2 B R2 U F2 R' D2 F;2026-01-15 00:30:02;9.6
8636;11.78;;L2 U R2 B2 U' R2 B2 U B2 R2 U2 L' F2 R' B2 U2 R2 D F U' B';2026-01-15 00:30:19;11.78
8637;7.79;;U B2 U L2 B2 F2 U R2 D F2 D' L2 F' U L U' L' R F2 L' R2;2026-01-15 00:32:49;7.79
8638;10.84;;L2 U F2 U2 R2 U B2 R2 U2 F L R B2 D' F L' U2 L' F';2026-01-15 00:33:06;10.84
8639;12.04;;B' U' L' B2 R' D' F' D U2 R2 L D2 F2 R' U2 B2 L' U2 B2 L' U';2026-01-15 00:35:47;12.04
8640;12.06;;L' F U2 F2 D' R L F' R' L2 U L2 B2 U' L2 B2 U' R2 L2 F2 D2;2026-01-15 00:39:01;12.06
8641;8.59;;B2 D2 L2 D R2 U' R2 B2 D' R2 L U R2 F2 D R F' U2 B F2;2026-01-15 00:42:58;8.59
8642;10.70;;D L' D F2 D' B' R2 F U2 D2 B2 L' B2 L' U2 R' D2 R F2;2026-01-15 00:43:14;10.7
8643;13.12;;D' L2 D L2 B2 F2 U' F2 R2 F2 U2 L F R' F' U R B R' D';2026-01-15 00:43:38;13.12
8644;10.75;;R' B U B2 D' U2 R2 B2 U' F2 D2 U' L2 R B L' D' R2 U B' U';2026-01-15 00:47:16;10.75
8645;10.63;;B2 R F' U F' B2 D' R' F' B R2 D2 B D2 F2 B L2 U2 L2 U2;2026-01-15 00:48:08;10.63
8646;10.14;;R D2 B' R2 D2 B D2 B' U2 F' R2 U2 F2 R D' F' R' D2 B F2 L;2026-01-15 00:49:42;10.14
8647;9.22;;D R U' R2 U2 F' L2 F2 U R2 U' R2 D2 F2 D R2 U L2 R;2026-01-15 00:50:01;9.22
8648;9.78;;U2 L2 D L2 F2 D F2 R2 D F2 R' F U' R B L B' L2 F R';2026-01-15 00:50:18;9.78
8649;DNF(10.21);;L U' R D2 U2 F2 D2 R B2 R F2 D2 U2 L2 D B D' F' L' D L';2026-01-15 00:51:12;10.21
8650;10.32;;D' B R2 F' L2 D2 B2 L2 B' U2 F D2 L' B2 U' L2 D' L R F2;2026-01-15 00:51:38;10.32
8651;8.31;;B2 L2 F' L2 U2 B2 D2 F' D2 F2 L2 F2 L' R U R F2 R U B' U;2026-01-15 10:56:12;8.31
8652;9.71;;U' L2 U' L2 B2 U' F2 U' L2 B2 L2 R2 F R2 D' B' F2 D' B2 L U';2026-01-15 10:56:39;9.71
8653;11.01;;R' L' D L2 B R U' F' R L2 D R2 B2 L2 F2 U' L2 F2 D' L2 D2;2026-01-15 10:57:00;11.01
8654;8.69;;L B' U2 R' B2 R2 B2 U2 R B2 U2 L' F2 R2 D F' R U B2 L' B;2026-01-15 10:57:21;8.69
8655;8.74;;L2 B2 L2 D F2 R2 D2 L2 U' L2 R2 B2 F' L D' B R' U' B' U2 L;2026-01-15 10:57:57;8.74
8656;8.27;;L' U2 B' R2 F L2 D B' R2 F2 U2 F2 U2 D2 L' D2 R2 F2 L2 B;2026-01-15 10:58:25;8.27
8657;9.89;;B F2 U' B2 D2 U R2 U' L2 U' R2 F2 U2 B' D' U2 L' R D' F2 R';2026-01-15 10:58:46;9.89
8658;8.34;;L2 D B' L' D' R U' F' R F2 U2 B2 D2 L2 F2 D' R2 U' L2 F2;2026-01-15 10:59:09;8.34
8659;9.31;;D F' R2 B' R2 U2 B R2 B L2 F2 R2 B' L' U L' D' F U' L' D2;2026-01-15 10:59:29;9.31
8660;9.74;;F' U L' D' R U D L U2 F2 B' U2 B2 D2 L2 F' R2 D2 B' L;2026-01-15 10:59:54;9.74
8661;9.87;;L2 D2 R' B2 R F2 R2 F2 D2 L' R' D' F U' R2 B L2 U L2 D2;2026-01-15 11:00:14;9.87
8662;8.92;;R' L2 F2 U2 F' L2 R2 F U2 F' D2 R2 F L D F D L' U' B' L;2026-01-15 11:00:34;8.92
8663;11.47;;R' L2 F R2 D2 F2 L2 U2 B' R2 U2 F2 R D U' B L F D2 B D';2026-01-15 11:00:55;11.47
8664;11.03+;;F2 D R2 U' B2 U2 L2 U' F2 D L2 U2 B L' U2 L' R' U L2 F' R';2026-01-15 11:01:17;9.03
8665;12.60;;B2 R2 D' L' B L' U D' F2 B R2 F2 R2 U2 R2 F2 U2 L2;2026-01-15 11:01:39;12.6
8666;10.97;;U R' F R' U F' D L U' D2 F2 U2 R2 D2 F' D2 F U2 F' L2 F2;2026-01-15 11:02:13;10.97
8667;8.85;;D2 L' U2 R' D2 R2 B2 L2 B2 D2 F2 L B' D F' U2 R' U F L2 B';2026-01-15 11:02:36;8.85
8668;11.14+;;R U B2 F2 R2 B2 U R2 U F2 U' R2 L B' L2 U2 L' B' R2 D B;2026-01-15 11:03:36;9.14
8669;8.92;;B' R' D2 B' R D' L R2 U2 B2 R2 B U2 F2 D2 F L2 D2 L D;2026-01-15 11:04:00;8.92
8670;9.49;;R U2 L U2 R D2 U2 F2 L D2 F2 B' R' B' D L' D' B' D2 F;2026-01-15 11:04:32;9.49
8671;9.25;;D2 F R2 B L2 F' R2 B2 L2 F' D2 F2 L' R' F' D F2 R B' D R';2026-01-15 11:04:56;9.25
8672;12.75;;L' D L2 D' U2 F2 U' F2 L2 U R2 F2 L2 B' R' F' L2 B' U R D';2026-01-15 11:05:16;12.75
8673;9.62;;B2 R' L2 B' D2 L2 F2 U2 L2 U2 R2 F' L2 U' B D U2 R' F' L F';2026-01-15 11:05:45;9.62
8674;9.06;;B R2 U B' U2 F' L' D2 L2 U L2 F2 L2 B2 D' R2 U2 L2 D' L';2026-01-15 11:06:05;9.06
8675;10.67;;D2 F' R2 B2 D2 R2 U R2 F2 U L2 U2 R U' B U L D U';2026-01-15 11:06:26;10.67
8676;9.68;;U2 L U2 F R B' L' F' U2 F2 B2 R2 D R2 F2 U' B2 D2 R;2026-01-15 11:07:21;9.68
8677;11.34+;;D F2 L2 U L2 U' F2 D2 F D2 L F U2 B U R' B F2;2026-01-15 11:07:41;9.34
8678;10.04;;R D2 B2 F2 L' U2 F2 R' D2 B2 U2 F2 D' L' U' L B' D2 F' R2 F';2026-01-15 11:08:01;10.04
8679;8.04;;D' L2 B2 U2 L2 D' F2 R2 D' U' B2 L' U' F' L2 R2 D' U' R2 D R;2026-01-15 11:08:20;8.04
8680;10.69;;L B2 L2 F' B' R2 D' F' L D2 F2 L2 U' B2 R2 U2 D' L2 B2 L2;2026-01-15 11:08:39;10.69
8681;7.78;;D2 U2 B2 R2 U2 R2 D2 R2 B F2 L2 D' L2 B' U2 R F D' U B D2;2026-01-15 11:09:26;7.78
8682;8.89;;B' U F' D' F R B U D L2 F2 R2 F2 D2 B2 U' L2 D B2 L U2;2026-01-15 11:09:44;8.89
8683;9.05;;L2 D2 B2 L2 D2 F L2 B' D2 F' L2 B2 L U' L' B2 L' B' R B;2026-01-15 11:10:07;9.05
8684;8.76;;U F' B2 L2 B2 D2 B2 U B2 R2 D F2 D2 R B' L' D2 B L2 U' F';2026-01-15 11:10:26;8.76
8685;7.00;;U B' U R2 F2 D L2 D' L2 D2 L2 U' F2 B' D2 U2 L' U' F2 L';2026-01-15 11:10:45;7.0
8686;9.65;;F2 L' U L2 U B2 D' L2 B2 D R2 U B L2 B' D2 L2 D U2;2026-01-15 11:11:03;9.65
8687;8.65;;B D' F R2 D F L' F U' F2 U' F2 D' F2 L2 U L2 U2 R2 F2 R;2026-01-15 11:11:21;8.65
8688;8.47;;U' B2 D2 B2 R2 D' B2 L2 U R2 D' F2 L' D L U L' U B' U';2026-01-15 11:11:42;8.47
8689;10.95;;U' R2 L B2 U' D L' U2 F U2 F' D2 R2 B' U2 B' L2 U2 L2 U';2026-01-15 11:12:01;10.95
8690;8.84;;U2 F' U2 B D' R' U' F' U' L2 D' F2 R2 D F2 U F2 R2 B';2026-01-15 11:12:20;8.84
8691;7.99;;U2 B2 L U2 B2 R U2 L2 F2 R2 F2 B' R2 F' L' U' R' D2 F';2026-01-15 11:12:41;7.99
8692;6.63;;R2 B R B2 L D F L' U2 R2 U B2 R2 B2 U R2 U' B2 L2 U' R';2026-01-15 11:13:09;6.63
8693;9.71;;D' B2 L D B2 L2 D B2 U B2 U F2 R2 U' B' L2 F' L F2 U L';2026-01-15 11:13:48;9.71
8694;9.85;;D' F2 D2 R F2 U2 R F2 L R2 U2 R B R U' B2 F' D U2 R D2;2026-01-15 11:14:08;9.85
8695;9.67;;L2 B D2 B L2 U2 L2 F R2 B' F2 U2 L F2 L' U B' F L' U B2;2026-01-15 11:14:28;9.67
8696;9.18;;F2 L2 D' R2 B2 U B2 U' L2 B' D U' F2 L' B2 R F' L' B';2026-01-15 11:14:49;9.18
8697;13.76+;;L' U2 R2 D' F2 D2 R2 U2 L2 U' B2 D' B2 R B' F2 L2 D2 U' L' D';2026-01-15 11:16:06;11.76
8698;9.15;;R' D L' D' U' B2 U L2 U F2 R2 U' R2 B D B' D' F' D' L';2026-01-15 11:16:32;9.15
8699;9.42;;R' U' R U2 B2 D2 B2 U R2 U L2 B2 R' U F' R2 D' U F;2026-01-15 11:16:52;9.42
8700;6.41;;L2 D2 L' B2 R' D2 L F2 R' D2 L D2 B' L' D U L' B F U2 F2;2026-01-15 11:17:55;6.41
8701;9.35;;F U' R2 D2 L2 F2 R2 D' L2 U2 B D2 R' B2 U B D2 R';2026-01-16 12:08:40;9.35
8702;11.73;;L2 B2 R2 B2 L' U2 B2 D2 B2 R D2 R' F' U R B2 R2 F L2 U B';2026-01-16 12:09:00;11.73
8703;9.80;;B R L F D L F2 L2 U' L2 D2 L2 F D2 L2 B' U2 B U2;2026-01-16 12:09:25;9.8
8704;10.03;;B2 U F2 U B2 U B2 D2 F2 D' F' R F' L D2 U' L F L U;2026-01-16 12:09:46;10.03
8705;8.28;;D2 B' D F U' L U2 L' R2 U2 F U2 F U2 L2 B2 U2 F L2 D2;2026-01-16 12:10:12;8.28
8706;9.37;;F U2 B' D2 F U2 R2 B D2 L2 B2 R' U' B2 L D' F2 L2 B F;2026-01-16 12:10:31;9.37
8707;7.59;;D' F2 D2 R2 U' L2 F2 U R U2 L R D2 U B D R F' U';2026-01-16 12:10:53;7.59
8708;9.51;;F2 U2 L2 D B2 U2 B2 U' R2 F2 L2 R' F' L' U' R2 F L2 R' B2;2026-01-16 12:11:11;9.51
8709;10.87;;L' B' R2 D2 B2 D L2 D' F2 D' F2 R2 F2 L R' U B2 L' D' F' D';2026-01-16 12:11:34;10.87
8710;9.07;;L2 F2 D2 F' R2 U2 F2 D2 R2 U2 F2 D' F L F D2 B' U2 F' L U;2026-01-16 12:12:15;9.07
8711;9.32;;B2 L2 U2 R2 U2 F2 D B2 F2 L2 U2 B' U2 L B' F' D' R' D R2 U2;2026-01-16 12:12:40;9.32
8712;8.60;;R D U2 L' U2 L U2 R' U2 B2 R U2 L R F' D L' F' U F' L';2026-01-16 12:13:02;8.6
8713;8.44;;F2 U' B2 U F2 R2 U R2 D' B2 U L2 R B R' F' L2 F2 R2 U;2026-01-16 12:14:06;8.44
8714;9.66;;U2 B U2 F2 D' L2 F2 D B2 F2 U L2 D2 R F' U L' B' F2 L2 D2;2026-01-16 12:14:35;9.66
8715;10.43;;R D2 F2 R' F2 R U2 R' D2 R' F2 U2 F' L' D L' U2 L' D2 B L2;2026-01-16 12:14:54;10.43
8716;10.18;;B2 D B2 D' F2 U2 L2 F2 U L2 F L' D R' U F L2 D U2 L2;2026-01-16 12:15:17;10.18
8717;9.80;;F' B2 R2 D F2 U2 F2 U B2 D' R2 F D' F2 U' L D U R2;2026-01-16 12:16:10;9.8
8718;8.61;;U F2 R' B2 L F2 U L2 F' R' L' B2 D2 F2 B2 R2 L' F2 B2;2026-01-16 12:16:31;8.61
8719;9.03;;R' D L2 U' B2 U' L2 B2 L2 R2 U F2 U L F' R' B' L' R2 F2 L;2026-01-16 12:16:51;9.03
8720;7.54;;D B2 D F2 U' L2 R2 U2 B2 F2 R' D U' B' F' U' F D F' L';2026-01-16 12:17:09;7.54
8721;12.20;;D B' R F2 D' L' F D' L D' L2 D F2 R2 U F2 D2 F2 R2 D2;2026-01-16 12:17:33;12.2
8722;6.92;;L2 U2 R2 B U2 L2 R2 F2 D2 F D' B2 F2 L2 R' D2 B2 U R;2026-01-16 12:17:55;6.92
8723;11.82;;L' F2 L' F2 L' D2 L' D2 R' U2 R' U L' U' B R D B2 U';2026-01-16 12:18:15;11.82
8724;9.81;;L' D2 B2 R' B2 R' F2 D2 R2 D2 U' L2 R' B2 R D' F' L2 B2;2026-01-16 12:18:37;9.81
8725;8.65;;L' D' U2 R F2 D2 L' D2 B2 L' D2 B2 F2 R2 B D B D' L2 U' F';2026-01-16 12:19:02;8.65
8726;10.69;;U' F2 R U2 B U2 F D2 L' U' D2 R2 B2 U2 F2 D L2 B2 R2 D;2026-01-16 12:19:22;10.69
8727;8.63;;D2 L D' F B2 R2 D' B R D2 B U2 B U2 R2 D2 F' L2 B L2 F';2026-01-16 12:19:45;8.63
8728;10.51;;R2 U2 L' B2 R2 B2 D2 R' U2 L2 D2 U2 F R' F R D F2 R F2 U';2026-01-16 12:20:10;10.51
8729;10.16;;D2 L2 B R2 B U2 F D2 F U2 L2 U B D U2 F2 L R' B L B;2026-01-16 12:20:31;10.16
8730;9.00;;U2 R2 D R2 D' B2 L2 R2 U L2 R2 F2 B' L' F' L F' R2 U' F;2026-01-16 12:20:54;9.0
8731;8.97;;B R2 F' U2 F' D2 L2 F2 U2 L2 B2 R U2 L2 B F2 D F2 L' U R';2026-01-16 18:09:55;8.97
8732;9.89;;L2 D' L2 B2 D2 F2 R2 D' L2 D2 U' L' U F L' D' F2 R U' B U;2026-01-16 18:10:17;9.89
8733;10.40;;R U' R2 B2 D2 B2 U' R2 D B2 L' U' R2 B U L' F' R' U;2026-01-16 18:10:39;10.4
8734;10.22;;B' R' F2 R D2 R2 D2 R F2 R' U2 F2 B D U' L' B' F U R' U2;2026-01-16 18:11:44;10.22
8735;8.76;;U' L2 D' F2 D2 U' F2 D' L2 U B2 F' D R' B' D L2 U B' L2;2026-01-16 18:18:04;8.76
8736;9.64;;U B2 D L2 U2 R2 B2 L2 F2 U R2 B2 L' B L2 U R B' L2 U R2;2026-01-16 18:18:35;9.64
8737;10.23;;L' B2 D' L2 F2 D2 B2 U L2 U' B2 R2 U2 L' R F' U R D' F';2026-01-16 18:18:57;10.23
8738;11.78;;R' U2 F2 R' U2 R' D2 L' F R2 L2 U2 B2 D' R2 U2 B2 D R2 D;2026-01-16 18:19:39;11.78
8739;8.00;;D F2 U' B2 D B2 R2 D2 B2 U' R2 U2 L' B2 L2 F' R2 U' L2 D' F2;2026-01-16 18:21:52;8.0
8740;10.43+;;B R' F2 R2 U L2 B2 L2 D' L2 D2 B2 L2 B R U' F2 R' B F2 L';2026-01-16 18:22:15;8.43
8741;9.54;;D2 L2 U2 B U' B D' B' F2 U2 R2 L D2 R' U2 R F2 L2 F2;2026-01-16 18:22:37;9.54
8742;9.50;;R2 F L' B2 L2 B U2 L2 F' R2 D2 U2 B2 U2 R' D' R' D R' B2 F';2026-01-16 18:23:46;9.5
8743;9.20;;L2 F U2 D B L B D2 R L2 D2 R2 L U2 L' F2 U2 R' U L;2026-01-16 18:24:17;9.2
8744;8.28;;U' B2 R2 B2 L2 F2 R2 U B2 U2 R2 F' U' R B' L U2 B R U';2026-01-16 18:24:41;8.28
8745;8.52;;U' L' D R2 U F U' B' R' D2 R2 F R2 B L2 F2 L2 F2 U2 F';2026-01-16 18:25:07;8.52
8746;10.03;;F' U' F2 L2 R U2 B2 L2 D2 B2 L B2 D2 F U2 R F2 L2 U B2;2026-01-16 18:26:01;10.03
8747;9.23;;U' D2 F' D2 F R U' R' D R2 F' R2 F' R2 B' U2 B' R2 U2 L2;2026-01-16 18:26:20;9.23
8748;8.15;;U F' L2 D' R B' R2 U' F U R2 L2 U D2 B2 L2 D F2 B2 U;2026-01-16 18:27:02;8.15
8749;9.03;;B' D' R' F2 D2 R2 F2 D2 U2 R' D2 U2 B2 D' F' R' U2 B2 U2;2026-01-16 18:28:01;9.03
8750;10.09;;U2 F2 R L2 F L F U' R2 U' F2 R2 B2 D2 B2 D F2 D' B' U';2026-01-16 18:28:22;10.09
8751;9.85;;R2 B R2 D2 F R2 F R2 B2 U2 F' R' D U L D' F L' U B2 F;2026-01-16 18:30:35;9.85
8752;9.95;;D R D' B' L U F' U' R2 D2 R2 F R2 D2 B' R2 F2 U2 R2 B2 U';2026-01-16 18:30:59;9.95
8753;7.94;;L2 D' L F' U' R' U' R U2 R' L2 U2 R2 F2 L2 F2 U2 F2 U' L';2026-01-16 18:33:34;7.94
8754;9.54;;F' B2 U2 L F2 D2 R F2 D2 B2 L2 U2 D' L B2 D U' B D R2;2026-01-16 18:33:52;9.54
8755;10.17;;L U' F2 U2 F2 D2 R2 B2 R' D2 U2 L U2 R D' B D2 R2 D B D2;2026-01-16 18:34:16;10.17
8756;11.62;;D2 F' D2 R2 F D2 B2 U2 B' L2 B' R2 D' L2 D' R' U B' R2 U F;2026-01-16 18:35:32;11.62
8757;9.41;;B2 D L' B' L F' B' L' R2 F2 U' L2 U2 R2 U' D R2 L;2026-01-16 18:37:36;9.41
8758;10.61;;U2 F2 R D2 B2 R2 B2 R' D2 L' U2 L' D' F L' R' U B' F' R2 F2;2026-01-16 18:37:58;10.61
8759;8.70;;L2 D R2 D' F2 L2 F2 D B2 U' L D2 R B U2 L2 F' U2;2026-01-16 18:38:18;8.7
8760;11.65;;R B2 D B2 D' R2 U' F2 R2 D2 L B' R B U' B' U F;2026-01-16 18:38:38;11.65
8761;10.49;;F2 R B U' D2 F' R2 B R D2 R2 B' L2 U2 F' L2 B' D2 R2 B2;2026-01-16 18:39:28;10.49
8762;9.78;;D2 R2 B L2 R2 B' D2 B' D2 F L2 B2 R' U B2 R2 B' R' B D' B2;2026-01-16 18:39:49;9.78
8763;10.55;;F D L B R' F' R' D' R' D F2 L2 D2 L2 U' B2 L2 D L2 D2 B2;2026-01-16 18:40:58;10.55
8764;8.69;;R2 D' F' D2 B' R2 B' L2 F L2 F2 R2 F D L U2 R' D U L2;2026-01-16 18:44:16;8.69
8765;10.63+;;U2 F2 D B2 R' B U' L' B U2 B2 R2 F2 R2 U2 L2 D' L2 U' R2 B2;2026-01-16 18:44:41;8.63
8766;11.81;;D L2 D' B2 R2 B2 R2 F2 U2 B2 F U2 R D' U L2 B' R' F2 L';2026-01-16 18:45:00;11.81
8767;8.37;;L2 F2 L2 B' D2 F' D2 L2 F D2 R2 D' B L F' R' B F D2 R';2026-01-16 18:46:23;8.37
8768;8.79;;F' L D2 L2 B2 L2 B D2 U2 L2 B' D2 F L D' L2 F R' U2 F;2026-01-16 18:46:57;8.79
8769;10.07;;U2 B2 D' B2 L2 D2 U' L2 U' B2 F2 U' B' F' L' D B2 L B2 R2 F';2026-01-16 18:49:11;10.07
8770;10.62;;U' R' B2 L F2 R2 B2 F2 R' F2 R' U2 R U B U' R' B' D U' B;2026-01-16 18:49:47;10.62
8771;9.48;;L2 U B2 U R2 U L2 F2 R2 F2 D' B U' R' U' F2 D' F' U2 B2 L;2026-01-16 18:50:10;9.48
8772;10.77;;L2 D' R2 U2 R2 F2 U' F2 U F2 U' B D L2 F2 L' F' U' B2 D' R2;2026-01-16 18:50:38;10.77
8773;10.00;;D2 B2 L2 D2 L2 U2 R2 F' L2 R2 F D' L F2 U2 R' D' B' F2 D2 B';2026-01-16 18:51:01;10.0
8774;7.92;;U F2 U' L2 D' B2 L2 U2 L2 U2 R2 B2 L' B' F2 R' F D U R2 F;2026-01-16 18:52:32;7.92
8775;8.16;;R D2 R' U2 B2 L' B2 L' U2 R' D2 U2 F' L2 U F' R' D' L' F' L;2026-01-16 18:52:52;8.16
8776;8.97;;D L2 D' B2 R2 B2 R2 F2 D R2 U2 B2 R' B F2 L2 B L B2 R' U2;2026-01-16 18:53:34;8.97
8777;9.90;;F U' L2 F' D2 U2 B' D2 L2 B2 F U2 R2 D' F L2 F2 L' U2 L2 B';2026-01-16 18:53:53;9.9
8778;7.32;;R2 U2 R2 D2 F2 R2 U2 R2 D2 B L2 R2 U' L' D' U' L2 F' L R' B;2026-01-16 18:54:24;7.32
8779;13.03+;;F2 U' F L' U' F D B' U2 D' R2 B2 D2 R2 L2 F2 R2 D L2 U2;2026-01-16 18:54:43;11.03
8780;8.62;;B2 L' U B D2 F L2 B' U2 F' R2 U2 R U' B U2 L2 B';2026-01-16 18:55:51;8.62
8781;12.13;;U' L2 R2 F' R2 D2 R2 B2 D2 F' D2 R' B L F' R B D L2 F';2026-01-16 18:56:21;12.13
8782;10.64+;;B2 L' R2 F2 D L2 D F2 U F2 D B2 U' L D' F2 U L2 B' L';2026-01-16 18:56:44;8.64
8783;9.88;;L D2 L' B2 L2 D2 B2 D2 B2 L B2 L' U B D' L2 R2 F L2 B2 L';2026-01-16 18:57:09;9.88
8784;8.46;;L' U2 L' B2 L B2 L' F2 L U2 B2 R2 D L' D2 L U F L2 F2 D;2026-01-16 18:57:53;8.46
8785;9.82;;D F2 U2 F' R' U2 D' L' U R2 U F2 R2 D2 R2 B2 U B2 F';2026-01-16 18:58:12;9.82
8786;7.67;;F2 U2 B2 F2 U2 L2 U' B2 U' B2 R B' L' U' L F L2 R U;2026-01-16 18:59:10;7.67
8787;9.92;;F' D2 R2 B' U2 F' L2 D2 B' L2 F D R' F' D' L B' U R U2 F';2026-01-16 18:59:29;9.92
8788;11.77;;B2 U2 L2 F' U2 R B L2 U D2 R2 F2 B2 D2 L2 F2 R2 D B D';2026-01-16 18:59:54;11.77
8789;9.08;;F2 L2 D2 B2 D' L2 D2 F2 U B2 R2 L D U F L F2 D' F U;2026-01-16 19:00:17;9.08
8790;7.42;;D' L2 U F2 L2 U2 L2 D' B2 U' R2 U2 L D2 R U L2 U2 F2;2026-01-16 19:01:07;7.42
8791;9.51;;B2 D F2 D2 L2 U2 F2 U2 R2 U' L2 B D2 F2 U' L U2 B' R' D' F2;2026-01-16 19:01:54;9.51
8792;9.45;;D2 F2 R2 U2 R2 D2 F2 R2 D R2 D L B R2 U' R2 F2 R' D B';2026-01-16 19:02:13;9.45
8793;8.82;;U' F2 L2 F U2 R2 B' F' L2 U2 B' R2 L' D F' D2 U2 L' U B2 F';2026-01-16 19:02:33;8.82
8794;10.90+;;B' D R2 L' B U' R2 B' D L2 D2 B2 R' L2 B2 L2 B2 U2;2026-01-16 19:02:50;8.9
8795;8.56;;L' F2 R' U2 L F2 L B2 F2 R' U2 R B U' L B D' F2 R' B2;2026-01-16 19:03:11;8.56
8796;8.39;;F' L2 U2 F' U2 B R2 F2 R2 L' F D2 U L' R' F R2 D L';2026-01-16 19:03:35;8.39
8797;8.32;;F2 L2 B2 U2 B2 U2 R D2 R' D2 B2 R' U L' F R' U2 R D' F' U';2026-01-16 19:03:58;8.32
8798;9.37;;R B' D2 B D2 F U2 R2 B L2 F D L F' R D F L' B2 R;2026-01-16 19:07:48;9.37
8799;9.95;;D R U L2 U' F2 D2 U' R2 D' R2 F2 U2 L' F' R2 U2 B2 L2 D';2026-01-16 19:12:17;9.95
8800;8.85;;B2 D F2 U R2 B2 U R2 D' U' L F2 D U2 F2 D2 F' R B' L';2026-01-16 19:12:40;8.85
8801;9.96;;R2 B L' F' R2 U' F R' B U R2 B2 D F2 D' R2 L2 D R2 U2;2026-01-16 19:12:59;9.96
8802;9.94;;D2 B U2 L D2 L2 U2 B2 L D2 R2 D2 U2 R' F U' L' F' L' F' D';2026-01-16 19:22:52;9.94
8803;8.82;;R' D2 F2 U F2 R2 U2 F2 L2 U' R2 F2 U2 B' R D L D2 L2 R' D2;2026-01-16 19:23:14;8.82
8804;11.24;;B' L' F2 R' D' F' L' D F' R2 F2 D2 F' R2 F2 U2 L2 U2 R2 L2;2026-01-16 19:24:12;11.24
8805;6.22;;D2 B' D2 B2 L2 B' D2 F' L2 R2 U L' B2 D2 U L R F' D2;2026-01-16 19:24:48;6.22
8806;11.20;;F2 R D' B2 U' L2 D F2 U' F2 R2 D2 L' B' U2 F' D' L' F';2026-01-16 19:25:20;11.2
8807;11.02;;R' F2 D2 R2 F2 L D2 L' D2 L2 R' D2 U' B L2 U' L2 D' B2 L';2026-01-16 19:25:42;11.02
8808;7.40;;B U2 F' U2 F2 L2 D2 F L2 R2 D2 F' U F U B' U' R' D R2 U2;2026-01-16 19:27:00;7.4
8809;9.31;;B' L2 F' D2 B2 D2 L2 F R2 F2 R2 D2 U' L' U2 R2 B2 D' U' F L';2026-01-16 19:27:19;9.31
8810;8.72;;U2 B R L U B R2 D F' U R2 B2 U R2 L2 D L2 D' R2 F2 L2;2026-01-16 19:28:32;8.72
8811;10.44;;L2 D2 B L' F2 U F B R L2 U2 B2 D2 B2 L B2 D2 L D2 B2;2026-01-16 19:28:54;10.44
8812;9.42;;L' B' L' R2 B2 D F2 U2 B2 U' B2 R2 U L D2 B L D2 F L';2026-01-16 19:29:14;9.42
8813;8.73;;B U2 L' U' L' F2 R' D F L2 U2 R2 F2 D2 F' R2 F U2 F L2;2026-01-16 19:29:36;8.73
8814;8.57;;U' D2 F2 L U2 R B2 D2 R B2 L2 R' U2 F' L' D2 U2 F' U R U;2026-01-16 19:30:10;8.57
8815;9.68;;U2 L' U' F L2 D2 B' U2 B R2 D2 F2 D' B L' R B U R2;2026-01-16 19:30:39;9.68
8816;8.51;;B U F' U2 F U2 R2 D2 U2 F' L2 U2 B2 U2 L F2 U' F D' L B;2026-01-16 19:31:17;8.51
8817;9.19;;B' U' B2 F D2 U2 L2 F' D2 F2 R2 D2 R D' L' D2 R2 D' R2;2026-01-16 19:32:03;9.19
8818;8.99;;F' U' R' F2 B D' R' F L' B2 L2 D2 L2 U L2 B2 D' R2 F2 R2 U;2026-01-16 19:32:41;8.99
8819;8.99;;F' B2 D R2 D' F2 R2 B2 F2 U L2 R2 D' F' U' L' B' F D2 L2 R;2026-01-16 19:33:05;8.99
8820;11.01;;U' R F R2 U R2 D2 L2 B2 U' L2 B2 U2 L2 R' U' F R' U2 R B2;2026-01-16 19:33:33;11.01
8821;11.85;;U L2 D2 R2 B2 R2 U B2 U L' B2 U' B' F R' B' U2 F' R;2026-01-16 19:34:03;11.85
8822;9.78;;F' D2 F2 R2 D L2 B2 D' L2 U L2 U R2 L D2 F' D R' B2 R2 U2;2026-01-16 19:37:42;9.78
8823;13.08;;R' B2 L' D2 B2 U2 L' F2 U2 F2 R' D' R' F R B2 R' B' L2 U';2026-01-16 19:38:21;13.08
8824;9.51;;B2 L2 B2 U' F2 D U2 R2 B2 F2 U R' U2 B U2 R B U B' F2;2026-01-16 19:38:53;9.51
8825;9.45;;D2 B L2 F D2 L2 U2 F R2 D2 B' U L R F' D2 R2 B D2;2026-01-16 19:39:13;9.45
8826;9.82;;F2 U2 R B2 L2 F2 L D2 L R2 D2 F U2 R B' D R U' F2 L';2026-01-16 19:39:43;9.82
8827;7.32;;F' D R' L B L D' B D L2 U2 R2 B2 D2 F' D2 B U2 B' D2;2026-01-16 19:40:04;7.32
8828;8.34;;R2 U' L2 U L2 D L2 D' B2 U' R2 B R B' U' L' D L D2 R F2;2026-01-16 19:40:22;8.34
8829;9.83+;;D2 U2 L' D2 R2 F2 L F2 R2 U2 F2 B' U L2 D R U2 L2 B2 D';2026-01-16 19:40:56;7.83
8830;10.14+;;F' D2 L2 D R2 U' B2 F2 D L2 F2 U R2 B' R U2 B L F2 D L2;2026-01-16 19:41:17;8.14
8831;9.34;;R D F D2 B L2 F' R2 B U2 F U2 B2 U' L2 F2 U B2 L B;2026-01-16 19:41:36;9.34
8832;7.56;;B' L F D' F2 B R' F2 R2 F' D2 B U2 R2 B' L2 D2 F' R' U';2026-01-16 19:41:55;7.56
8833;7.72;;R' B2 L D' L' U R2 F L' F2 R' L F2 R F2 B2 R' B2 U2 F2 U;2026-01-16 19:42:13;7.72
8834;10.48;;D' F2 L F B U' D' L B U2 F2 U2 F' U2 L2 U2 L2 B' U2 B;2026-01-16 19:42:30;10.48
8835;11.50+;;U2 R2 U2 L B2 L B2 F2 L2 D2 F L' U' B2 L' B2 D F2 L B';2026-01-16 19:42:52;9.5
8836;9.47;;L2 B' L2 B R2 U2 L2 B2 D2 F' L2 F' U L2 R U F2 U' B' F2 R';2026-01-16 19:43:19;9.47
8837;8.88;;L2 D2 F R' U' F B U2 R2 B2 R U2 B2 U2 D2 L D2 L2 D';2026-01-16 19:43:40;8.88
8838;10.44;;L2 D2 L2 B2 D' B2 F2 R2 U F2 R2 U R D' U' F D' L2 D2 B;2026-01-16 19:44:01;10.44
8839;9.42;;R2 L D2 R' L2 B U F' L B2 U L2 B2 L2 U' R2 D2 F2 U' R2;2026-01-16 19:44:22;9.42
8840;8.76;;B' U B' D F' D L B' U' F2 L' B2 U2 L B2 L U2 L' U2;2026-01-16 19:44:42;8.76
8841;7.89;;F' D' F' L2 B' F L2 R2 U2 F U2 B R2 U' L D2 R D F' D;2026-01-16 19:45:05;7.89
8842;10.10;;D' R2 D' F2 U' F' R' F2 D' B' F2 L' F2 U2 L' B2 U2 R U2 L' U2;2026-01-16 19:45:25;10.1
8843;9.15;;D F' U' F2 D' R2 D' F2 L2 F2 U' L2 F2 U R' B D' U L' D B';2026-01-16 19:45:48;9.15
8844;10.32;;R U2 F' R B' L2 B' L' B L2 F2 D B2 D' L2 D R2 U' L2 U;2026-01-16 19:46:13;10.32
8845;11.37;;D2 L2 B2 U2 R2 D B2 U2 L2 R2 D' R' B R2 F D2 R2 F U' F' L';2026-01-16 19:46:39;11.37
8846;12.29+;;R L' B' D' F' U' F2 L U' R2 U' R2 U' B2 D2 F2 U F2 B2 D;2026-01-16 19:47:02;10.29
8847;8.34;;F2 D2 F2 L2 R B2 D2 L' B2 R' D2 L2 D' L R' B D2 B' D F2 D;2026-01-16 19:47:25;8.34
8848;11.33;;D' R2 U R2 D' F2 D' U2 L2 B2 U2 F' L' D2 U' L B2 D' U2 B' R;2026-01-16 19:47:48;11.33
8849;9.04;;B' R2 U2 D' B' R B U D R U2 R L' U2 B2 D2 B2 R' F2 L' F2;2026-01-16 19:48:15;9.04
8850;9.83;;U' F2 L2 B' R2 D2 B R2 U2 B L2 F R' D' L2 F2 D2 B L R' D';2026-01-16 19:48:34;9.83
8851;11.27;;L' U F B2 R' D' F R' B' U' F2 U F2 L2 D2 F2 U' B2 D F2 D2;2026-01-16 19:49:49;11.27
8852;9.90;;B D2 L2 F R2 F' L2 F D2 F U2 B' L' U L' D' B R F' D' B';2026-01-16 19:51:33;9.9
8853;10.46;;L' U' D2 B R' B2 L' D F2 B2 L2 U' B2 U' B2 L2 D' R2 D B' L2;2026-01-16 19:52:12;10.46
8854;9.59;;F2 U' R2 U2 R2 D R L D F' L2 B' R2 D2 F2 B D2 B D2 R2;2026-01-16 19:52:55;9.59
8855;10.29;;R D' F2 D2 F2 R D2 L' D2 L' D2 U2 B2 D2 U' B F2 R U2 L B;2026-01-16 19:53:25;10.29
8856;9.38;;L R D2 R' F2 R B2 U2 R D2 R' B2 F U' B D U' F2 R2 F L';2026-01-16 19:53:52;9.38
8857;9.82;;D L2 D L2 F2 R2 U' R2 B2 F' D' R D U' F L2 B' L' R';2026-01-16 19:54:16;9.82
8858;9.60;;D B L B' R' F U B R' F B U2 L2 F L2 B' R2 F2 D2 L2;2026-01-16 19:54:46;9.6
8859;9.34;;B' U' L2 F' B2 D L' F U2 F2 L' F2 R F2 L' D2 R U2 R' D;2026-01-16 19:55:06;9.34
8860;8.20;;D B U' L' F2 U2 B R2 B2 L2 U2 L2 U' L2 B2 U' D' L2 D L';2026-01-16 19:55:26;8.2
8861;8.64;;F R2 U2 L2 F2 L2 R2 D2 F' R2 F2 U' L B2 L' F2 U2 B' L2 D;2026-01-16 19:55:44;8.64
8862;10.07;;R F2 B' U F D' B2 L' D' L2 U2 R2 D2 B2 U2 R' D2 R' U2 L2;2026-01-16 19:56:05;10.07
8863;18.82;;D2 B' R2 D R2 U2 R2 B2 L2 D B2 D' B2 R' B' L D' U L' D B;2026-01-16 19:56:17;18.82
8864;8.25;;U' F2 R' D2 L' B2 F2 L' F2 L2 F2 U2 R U F L2 D2 F' D' L' B;2026-01-16 19:56:51;8.25
8865;10.07;;B2 R2 B D2 B D2 F L2 U2 R2 F2 D' L' D' R D' F2 D B' L2;2026-01-16 19:57:15;10.07
8866;9.94;;R D' R U2 F2 U B2 U' L2 D L2 B2 U' F2 B L D B' D2 B2 U2;2026-01-16 19:57:37;9.94
8867;11.32;;L' U B F R2 D2 U2 B F2 R2 D' L U' L' R F' U;2026-01-16 19:57:57;11.32
8868;10.12;;R2 U2 F2 R2 D2 L U2 R B2 L' F2 B' R2 F D2 R' U' F2 U2 R2 F';2026-01-16 19:58:20;10.12
8869;11.44;;R' B2 R2 U2 R2 U2 F' D2 F' L2 R2 F2 D' L2 D' R' D L' F' L;2026-01-16 19:58:41;11.44
8870;8.93;;D2 U2 L' U2 F2 L2 B2 R F2 R' F R' B D R U' L2 F2 L2 D2;2026-01-16 19:59:33;8.93
8871;11.16;;U2 F2 L F B' R F' R B2 R2 L2 U2 R2 D' F2 U2 R2 F2 R2 U' R';2026-01-16 19:59:54;11.16
8872;8.06;;R' D' R B2 U2 F' D2 B U2 F L2 D2 U2 R' U R2 B' R' D R2;2026-01-16 20:01:02;8.06
8873;10.02;;D2 L' B R' L' D' F' B2 D' R2 F' D2 L2 F' D2 F' L2 B R2 F' D2;2026-01-16 20:02:29;10.02
8874;8.32;;D' B2 D F2 R2 D' U2 L2 B2 R2 B' L2 U R D F R' B2 R U L2;2026-01-16 20:02:49;8.32
8875;13.35;;U2 F U2 B' D2 R2 B' D2 F U2 L2 F2 R' B2 D' R' F' L2 B' L B2;2026-01-16 20:03:07;13.35
8876;9.15;;F' L F' D2 R' F' R B' D R' U2 R B2 R2 F2 R D2 R' B2 R;2026-01-16 20:03:44;9.15
8877;10.04;;F' U R' U' B' D2 L' U B' U2 R2 U2 L2 F2 D2 B2 U2 F' D2 F;2026-01-16 20:04:04;10.04
8878;10.14;;B U F L2 F D2 B R2 U2 R2 B F2 D2 F R' B2 D U2 R D2 U';2026-01-16 20:04:25;10.14
8879;12.21;;F R' U' L2 B' R2 L' D B D F2 D L2 U' R2 B2 D' R2 U2;2026-01-16 20:05:57;12.21
8880;10.00;;L U2 B U2 R2 D B2 U R2 D B2 D B D L2 D' F' L' F2;2026-01-16 20:06:25;10.0
8881;7.68;;D2 B2 D F2 U R2 U' F2 R2 U' F U2 B D U' L U2 R' U;2026-01-16 20:06:44;7.68
8882;11.57;;L2 D R2 U2 F' L2 U2 B' L2 B2 R2 U2 F' U2 D' L F' U' L' F U';2026-01-16 20:07:04;11.57
8883;8.33;;U2 B2 U2 B2 U' F2 U' F2 U2 L2 D B' L' B U' B2 D B L' F' U';2026-01-16 20:07:32;8.33
8884;9.54;;U R F L F' B2 D' F R' B2 U2 R2 D' R2 U L2 D' R2 F2 L2 D2;2026-01-16 20:07:53;9.54
8885;8.51;;F2 U' L2 D L2 B2 D2 B2 U F' R F' R2 D2 B R2 B U F;2026-01-16 20:08:16;8.51
8886;11.87;;D2 R2 B2 L2 B' L2 F' L2 F' R2 F R2 D F' L' U B2 R D' U2;2026-01-16 20:08:39;11.87
8887;10.37;;D' B' D2 F' D2 F L2 U2 B2 U2 B L2 R2 D B F2 D2 R' D L' D;2026-01-16 20:09:04;10.37
8888;9.72;;D2 F' L2 R2 U' F2 D' U' R2 U' F2 D' L' D B D2 R' B' L2 R2;2026-01-16 20:09:35;9.72
8889;8.89;;R' F2 U' L2 F2 U2 R2 F2 U' B' D B' D R' U' L2 R';2026-01-16 20:09:54;8.89
8890;9.89;;F B2 D2 F2 L U2 R2 U2 B2 R B2 R' B2 F' R' D2 F2 D' L R U;2026-01-16 20:10:12;9.89
8891;8.74;;R F2 U2 F D2 U2 R2 B R2 F' R2 F' R' B' U R' F2 D2 L' D';2026-01-16 20:11:35;8.74
8892;9.51;;L F' D R2 U' F' U' D' F2 R2 D2 B' L2 F2 L2 B' U2;2026-01-16 20:11:55;9.51
8893;10.66;;D' R2 U F2 L2 B2 R2 U' R2 U' F2 D F' R' D2 B D F' D' B;2026-01-16 20:12:14;10.66
8894;10.98;;F R2 B2 D' R2 F2 D2 B2 D' F2 U L2 R F R2 D F L2 U2;2026-01-16 20:12:34;10.98
8895;9.90;;F D' B R2 F2 D' L2 D B2 U' R2 F2 U' R B' L2 B D' U2 L2;2026-01-16 20:13:32;9.9
8896;8.78;;L U' F' B' U' R F2 R F' U' F2 L2 D2 L2 U R2 D R2 D2 L2;2026-01-16 20:17:33;8.78
8897;9.16;;U' L2 B2 D' B2 R2 D L2 U2 L' R' U F U2 F D F R' U;2026-01-16 20:18:36;9.16
8898;8.70;;B D2 L2 D2 B' L2 F U2 R2 F U2 B' L' B2 U B D L2 D2 F' L;2026-01-16 20:18:57;8.7
8899;9.49;;D2 F' D2 F2 R2 F2 L2 U2 R D2 B2 U2 F2 D F' R2 B L' B2 D';2026-01-16 20:19:25;9.49
8900;9.70;;U2 R2 F2 D B2 U' R2 D' L2 F2 D B2 R' U B' U2 B2 L' F R2 D2;2026-01-16 20:21:10;9.7
8901;8.97;;B2 L' U2 B' L' D R' U2 F' L2 F R2 F D2 R2 F B L F';2026-01-17 11:19:16;8.97
8902;8.81;;L' F' U2 B2 L2 D2 R2 B L2 D2 R2 D2 F2 U' L2 F' R U' R F U;2026-01-17 11:19:42;8.81
8903;8.55;;L' U L' U' B' D2 R' F' R2 B2 U' F2 U2 D' B2 D2 B2 R2 D L2 F;2026-01-17 11:20:00;8.55
8904;9.34;;D' R2 B2 D2 U2 R2 U' B2 D B2 R' U' L2 R2 F R U2 B' L F';2026-01-17 11:20:16;9.34
8905;7.35;;U2 B2 L2 U' B2 R2 U F2 U' L2 F2 U B U L2 F' D2 R D' R' U';2026-01-17 11:20:34;7.35
8906;13.94;;D2 F' D2 U2 F R2 F U2 F' U2 F2 D R' D' F' U L D B' R' U;2026-01-17 11:20:56;13.94
8907;8.67;;L' U2 F2 R' U2 F' R U' B U2 R' U2 L2 U2 R2 F2 R' D2 B2 D2;2026-01-17 11:21:19;8.67
8908;9.28;;U B2 L2 D' B2 L2 U2 B2 U' F2 L2 B L' F2 R' F2 U F2 U2 F D';2026-01-17 11:21:37;9.28
8909;12.13;;U' F' D2 F L2 F' R2 B2 D2 F' D' L R U' F' U2 F2 D';2026-01-17 11:21:58;12.13
8910;10.20;;B U' D2 L D2 R' D2 R2 B2 L D2 R2 F2 U2 D' R D2 F L2 U B';2026-01-17 11:22:19;10.2
8911;8.43;;R B R' F' U B2 D' F' U2 B2 L2 D2 R2 U L2 U R2 L2 F2 D2;2026-01-17 11:22:40;8.43
8912;6.85;;L2 U' B2 L2 D B2 F2 U' L2 D R F U F2 U F L' D2 F D;2026-01-17 11:23:27;6.85
8913;9.39;;D L' D' B2 L2 B2 D' R2 D2 U' L2 U' L2 B U' F' U F' D' R2 B2;2026-01-17 11:23:44;9.39
8914;8.91;;D B' L U' D2 L F' L R2 F2 L2 D' B2 D R2 L2 U2 R2 D R2;2026-01-17 11:24:06;8.91
8915;12.72;;R F R' F2 L F2 B L' U' L2 F' D2 B2 D2 B D2 F R2 U2 D2;2026-01-17 11:24:30;12.72
8916;11.14;;L2 R2 D2 B2 D' R2 U' B2 R2 B2 R' F2 R U2 R B' U2 R F' U;2026-01-17 11:24:53;11.14
8917;10.66;;D' B L R F2 R D2 R' U2 B2 D2 B2 R2 U' B L' R F L' R;2026-01-17 11:25:50;10.66
8918;9.69;;R D L' B2 R U2 L B2 L2 U2 F2 L D2 L' F' R' F2 D2 R D' L';2026-01-17 11:26:11;9.69
8919;9.03;;F' L D L U R' F2 U2 B' U' F2 B2 R2 F2 U' D2 F2 D L2 D2;2026-01-17 11:26:29;9.03
8920;8.79;;R' L2 D2 F' U' F D' B R' U2 R2 B U2 F R2 U2 R2 U2 B';2026-01-17 11:26:45;8.79
8921;10.15;;F' D R' B R2 F U2 F' D2 L2 B L2 D2 R' U F U' B D U;2026-01-17 11:27:13;10.15
8922;8.43;;R2 U L2 B R' B' D' L2 U' F L2 U2 B2 R2 L2 B D2 F' U2 F';2026-01-17 11:27:40;8.43
8923;9.54;;B2 D R2 U' R2 B2 D' R2 D2 F2 L U2 B2 L B' D' U' F U';2026-01-17 11:27:59;9.54
8924;10.01;;B2 L2 D' R2 B2 D2 R2 B2 U' F R' B' U2 F2 U' R' F';2026-01-17 11:28:19;10.01
8925;9.81;;U B2 L2 R2 F' R2 B' D2 F' R2 D2 L2 B D L' U2 F2 R F2 L' F;2026-01-17 11:28:42;9.81
8926;8.50;;F R2 B2 L2 U R2 U' B2 L2 D2 B2 U L2 B L' D2 U2 F' L' B D2;2026-01-17 11:29:01;8.5
8927;9.72;;D2 B F2 R B2 L' F2 L' F2 U2 L2 R' B2 L2 D B R' D' L B' R2;2026-01-17 11:29:19;9.72
8928;10.91;;D2 L2 F2 D F2 L2 U F2 U' B2 D R' F' R' B2 L' D' U2 L' B' L;2026-01-17 11:29:41;10.91
8929;7.99;;B L' U' L2 U' R2 U2 B2 F2 U' B2 L2 U' F2 B R2 F U F R' U2;2026-01-17 11:30:01;7.99
8930;7.39;;L' U2 B' L2 R2 U2 F U2 F R2 F2 U' R D F R' B D2 F2;2026-01-17 11:30:17;7.39
8931;7.67;;R2 D2 B D2 F D2 L2 D2 B2 F' L2 U L' D R B D2 R F' U2 R';2026-01-17 11:30:32;7.67
8932;7.31;;L F2 L2 D' F2 U2 B2 L2 R2 U R2 D2 F2 B' R2 F2 U2 L' B D2;2026-01-17 11:30:53;7.31
8933;9.22;;U' D R' B' L' F D' B2 R D2 L2 F R2 B2 U2 F' D2 L2 F B R2;2026-01-17 11:31:13;9.22
8934;7.94;;F U2 R2 B U2 F2 U2 F R2 D2 B' R B2 L B' D2 L' D2 F D' U;2026-01-17 11:32:02;7.94
8935;9.40;;L' D2 L' B2 F2 U2 L' D2 R2 D2 U2 B D' R B' L F' L2 B' U' L2;2026-01-17 11:32:21;9.4
8936;8.42;;F L2 U2 B' R2 B' D2 R2 B2 R2 B' L F2 D B2 U2 B' D' U;2026-01-17 11:32:40;8.42
8937;9.11;;R2 D' F2 D L2 U B2 F2 U2 B2 F' L F2 U2 L2 D2 U2 F D R;2026-01-17 11:33:01;9.11
8938;8.82;;U L2 U2 B2 U F2 L2 F2 U' B2 F2 R' D' B2 L2 R' F' D U' B D2;2026-01-17 11:33:21;8.82
8939;9.56;;B2 U2 L2 B2 F2 L B2 L' U2 L' F2 R D' L2 R2 B F R D2 U';2026-01-17 11:33:40;9.56
8940;7.24;;D' L2 R2 B2 F D2 F U2 F' D2 F R2 F R' D L U' B L2 U R';2026-01-17 11:34:01;7.24
8941;10.02;;U' R2 D2 L2 B2 D' F2 D L2 R2 U2 R2 L' U2 F2 D' B U' R D B;2026-01-17 11:34:19;10.02
8942;8.33;;L F' R2 F2 L2 R2 U2 F' D2 F L2 B L' D R' D F' U B D2;2026-01-17 11:34:38;8.33
8943;10.06;;F2 L2 B2 U2 L2 D L2 U' B2 U R' U' F2 U' F' U' B U B D;2026-01-17 11:34:54;10.06
8944;8.95;;R' D F2 U' R2 D2 B2 F2 L2 F2 D R F L2 F' D' L2 B D2 U2;2026-01-17 11:35:13;8.95
8945;8.63;;F L U B2 D2 B' D R' F R2 D2 L F2 B2 L F2 R' F2 B2 D2 L';2026-01-17 11:35:48;8.63
8946;10.63;;D R2 F' R B' L F D' L2 F2 U2 F2 D' F2 D F2 R2 U L2 F' R2;2026-01-17 11:36:05;10.63
8947;8.73;;F' D2 R2 F2 U2 B L2 R2 D2 F D F D2 L2 R U' B F' L2 R';2026-01-17 11:36:23;8.73
8948;10.75;;D B L2 D2 F2 D' B2 L2 D' F2 D2 L2 D' F' U' L B2 F L' B';2026-01-17 11:36:40;10.75
8949;8.70;;B U' F' L2 U2 L2 B' R2 U2 F R2 B U2 F2 L' D B2 D L2 D2 F2;2026-01-17 11:37:00;8.7
8950;9.75;;D F' U B2 R L2 B2 U R U2 R2 D2 L2 U' L2 D L2 D F2 U;2026-01-17 11:37:18;9.75
8951;9.92;;F' B' D' F2 U' B D' L' D B U2 L2 B' U2 D2 B R2 F' D2 F';2026-01-17 11:37:43;9.92
8952;7.51;;R F' L D B D' L B2 D' F2 R2 B2 U B2 D' B2 D' B2 U;2026-01-17 11:38:01;7.51
8953;7.16;;B2 R2 U L2 B2 F2 U' F2 D' R2 B R F' R2 D B R' U2 L2;2026-01-17 11:38:18;7.16
8954;9.47;;F' R' U B2 D' R2 D' B2 U F2 U F2 R2 L B' D' R2 F2 R2 U';2026-01-17 11:38:43;9.47
8955;8.37;;F' R' U2 R2 U B2 U' F2 U F2 U' B2 R2 B2 R' B U2 F2 R U' B;2026-01-17 11:39:02;8.37
8956;10.54;;B D' R' B2 U R D' L B2 U2 D2 B' D2 R2 F2 R2 F D2 R2 B;2026-01-17 11:39:22;10.54
8957;11.80;;U' F' R D2 U2 R B2 F2 R' D2 L' D2 L2 D2 F U' R' F' D' B2 D2;2026-01-17 11:39:41;11.8
8958;10.53;;R2 F2 D L2 R2 F2 D2 R2 D' F2 D2 F R2 F U' R' B R2 F L;2026-01-17 11:40:04;10.53
8959;10.36;;L2 D2 R2 F2 U' R2 F2 D R2 D2 R2 U2 R D B' R F R' B' F';2026-01-17 11:40:38;10.36
8960;10.80;;B2 R D2 F D2 B D2 U2 R2 F' D2 U2 L' B L' F2 U' B D2;2026-01-17 11:40:58;10.8
8961;10.25;;R F2 R' F2 U' R2 D R2 F2 D' U B2 D F' R U B R' D' U2;2026-01-17 11:41:49;10.25
8962;10.68;;U L' B2 R' B2 U2 L' D2 L' F2 U2 R2 F2 D R' B' R2 B' R F R';2026-01-17 11:42:11;10.68
8963;9.42;;L F' L2 D2 F' U2 F' L2 F U2 F' U2 L U2 F' R' D' U R';2026-01-17 11:44:10;9.42
8964;8.87;;R L2 D' F2 B' L U F2 D2 F D2 L2 B2 R2 B' L2 F D' L2;2026-01-17 11:44:32;8.87
8965;9.05;;L D R2 B L2 F D2 B U2 F' D2 F' L' F' U2 B' D B L' R;2026-01-17 11:44:49;9.05
8966;9.85;;L2 D' U' B2 D' B2 R2 U' L2 R2 F2 U2 L' B' F R' U2 F D U' R;2026-01-17 11:45:26;9.85
8967;10.15;;B2 L2 D B2 R2 D' B2 F2 R D U2 R D2 U F' D R;2026-01-17 11:45:46;10.15
8968;9.54;;B2 L2 F R2 F L2 R2 F' D2 B L2 U L B' D U' R' D2 U R';2026-01-17 11:46:06;9.54
8969;10.84;;U2 R2 F2 U' R2 U2 B2 R2 D B2 D F2 R' D L F2 R F' R B2;2026-01-17 11:46:23;10.84
8970;8.83;;D' F2 D' B2 D' F2 D L2 U' B2 U' L2 F' D' R B L' R2 U B' L;2026-01-17 11:46:43;8.83
8971;10.75;;D2 L2 B' R2 B L2 F2 U2 R2 U2 R2 F L U R' B F2 U2 B D' R;2026-01-17 11:47:11;10.75
8972;11.67;;D2 R L' B R F D R2 F D2 F2 B' R2 U2 F B2 D2;2026-01-17 11:47:30;11.67
8973;8.06;;F2 R U2 R' D2 R' B2 R' B2 F2 D F' D' F' R B D' L2 R2;2026-01-17 11:47:51;8.06
8974;10.95;;R B' D2 L' F U2 L' U' R B2 R2 B2 U R2 B2 U L2 U2 B2 D';2026-01-17 11:48:07;10.95
8975;8.92;;L U' L2 B' U' L2 D' L B R2 L2 F L2 U2 F2 R2 D2 F' U2 F2 U';2026-01-17 11:50:32;8.92
8976;10.16;;L D' U2 L2 U2 B' D2 U2 F2 R2 D2 B' R2 F' R' B' U2 B D B' U;2026-01-17 11:50:51;10.16
8977;9.19;;R' B2 U L2 R2 U' F2 L2 B2 U2 R2 U R' B D2 L' D2 L F R' F;2026-01-17 11:51:10;9.19
8978;8.58;;F D2 B' L2 F L2 B2 U2 F L U' L R' D' U' F' L' U' B2;2026-01-17 11:51:27;8.58
8979;7.97;;F' B2 R2 U' F2 R2 F2 L2 R2 U2 F2 D' U2 L' B D L' F D' L2 R2;2026-01-17 11:51:43;7.97
8980;9.80;;D R2 B2 R2 D2 B2 U' B2 U2 R2 U B' D' L2 F' R U' R' D R D';2026-01-17 11:51:59;9.8
8981;12.44;;L' D' R' D F2 R2 B D' F2 B U2 L2 B' U2 D2 F L2 F R';2026-01-17 11:52:19;12.44
8982;8.82;;R2 F R2 D' R2 B2 F2 D' F2 U' R2 F2 D2 L' B' D2 F2 L2 D' U2;2026-01-17 11:53:25;8.82
8983;8.44;;U' L U2 F2 R B2 U2 B2 L U2 L R' B' R U B R' F L B' R';2026-01-17 11:53:43;8.44
8984;9.63;;B2 L2 B2 D F2 D2 R2 U' F2 R2 U' R' F L D B2 D F' R2 D2;2026-01-17 11:54:01;9.63
8985;7.65;;U L' U2 R' B R L' U' F L2 F2 D2 R2 F2 L D2 R' U2 L F2 L2;2026-01-17 11:54:21;7.65
8986;7.79;;R2 U' L2 U R2 U2 B2 D2 B2 U' R2 L F R2 B2 D R2 D2 U' F2;2026-01-17 11:54:37;7.79
8987;11.23;;B2 U' L' B' U' R' D2 B D' L2 U R2 U2 F2 L2 D' R2 U2 R2 B;2026-01-17 11:54:54;11.23
8988;9.99;;R2 F' L2 U2 L2 U2 B2 F D2 F U B' D2 R B' L' D U' R' F2;2026-01-17 11:55:17;9.99
8989;10.90;;F2 L U2 L2 U R2 D R2 F2 D' B2 D L2 D' R U' L2 B' D' L U;2026-01-17 11:56:05;10.9
8990;8.99;;F2 L2 D' B2 D2 L2 F2 U' F2 U L2 R D2 B' U' R' D2 R U2 L' U2;2026-01-17 11:56:28;8.99
8991;9.37;;R2 B2 R2 U2 B2 F R2 D2 B' D L' U2 B2 F' D' L U F' R;2026-01-17 11:56:45;9.37
8992;8.41;;D' U2 B' R2 D2 L2 F R2 B' F L2 B U' B L2 U2 F2 U R' U';2026-01-17 11:57:04;8.41
8993;8.78;;L B2 U' B' R F D' F L2 U2 R2 B' D2 B2 U2 R2 F U2 D' L';2026-01-17 11:57:25;8.78
8994;9.63;;B2 U2 R2 B2 D' L2 D' R2 F2 D' U' R2 L' U2 R2 F' U2 L U L' D;2026-01-17 11:57:43;9.63
8995;9.57;;R2 U' B2 L2 B2 U2 L2 D2 U B2 R' F' D U2 B' U' R' D F2 D';2026-01-17 11:58:01;9.57
8996;8.74;;L U' R2 F L2 B U2 F2 U2 F' R2 F2 U L U2 L2 B' R D';2026-01-17 11:58:46;8.74
8997;13.00;;L2 R B2 R2 U R2 D2 L2 U' L2 R2 F D' B R B' F R F;2026-01-17 11:59:06;13.0
8998;8.73;;D2 L U F' L2 F' U2 B' L2 U R2 B2 D B2 D' L2 B2 D L;2026-01-17 11:59:28;8.73
8999;10.72;;R2 L' U B' U2 L' B' D' R' D2 L2 U2 B2 L2 B2 L' U2 L' U2 R2 U';2026-01-17 11:59:47;10.72
9000;9.80;;B' R' L2 D2 U2 B' F' R2 F' D2 L2 R2 B' L F2 D' F2 L U' R';2026-01-17 12:00:07;9.8
9001;8.56;;F' L2 B' R2 U2 R2 B R2 F2 L2 U L D' L2 D2 F2 L' F D R2;2026-01-17 12:49:54;8.56
9002;8.95;;B2 D2 B2 D F2 L2 U' R2 B2 U' L2 U2 F R' B' D' R2 U2 B' L D;2026-01-17 12:50:10;8.95
9003;8.46;;R B2 U2 B R2 F' U2 F' L2 B2 L D R U' B D' F' D R;2026-01-17 12:50:27;8.46
9004;10.90;;L' B R' D2 L' F2 R D2 L R2 B2 R F2 D F' U B2 F L U F';2026-01-17 12:50:46;10.9
9005;8.44;;R2 U F2 U B2 D' F2 D F2 D' L2 D F R U2 B D' U2 B F2;2026-01-17 12:51:05;8.44
9006;10.05;;L' U' L' U' L2 F2 U' L2 D2 R2 U F2 D L2 R D2 F R B L' B2;2026-01-17 12:56:51;10.05
9007;9.34;;F2 R F2 L' D' F' B2 L' U F2 B R2 F U2 F R2 L2 F2 R2 L2;2026-01-17 12:57:09;9.34
9008;9.60;;L2 U2 B2 D2 L' U2 F2 U2 B2 L D' L B' F' R' D2 B D2 B' U2;2026-01-17 12:57:28;9.6
9009;10.72;;L B2 U2 R2 F2 U F2 D2 U' L2 B2 R F U L B' F2 U' R2 U;2026-01-17 12:58:12;10.72
9010;9.56;;B' L2 B D2 F L2 D2 F L2 U2 B' U B' R B2 R2 U' B2 L' D U';2026-01-17 12:58:31;9.56
9011;9.32;;L B' U L D2 R2 U2 L D2 B2 L' D2 U2 R2 F' U' F2 L F' U' F;2026-01-17 13:41:19;9.32
9012;9.85;;R2 D' F2 U2 B2 L2 U F2 R2 D' U' F L' U2 R' D2 L2 B' R U' F';2026-01-17 13:42:30;9.85
9013;10.93;;U F B U R2 L B U B2 U' B2 D' F2 U2 F2 U B2 U B2 L' D;2026-01-17 13:42:48;10.93
9014;8.73;;F2 D2 F2 D R2 U L2 U F2 U2 F2 L B U B2 R B D' F D' R;2026-01-17 13:43:08;8.73
9015;9.28;;U B D2 R' D2 L F2 L' D2 F2 R2 U2 B2 L B' R2 D' L B2 D' U';2026-01-17 13:43:26;9.28
9016;8.38;;F R2 D2 U' R2 U' F2 L2 F2 U' R F2 U' L2 R' F L2 B F;2026-01-17 13:43:46;8.38
9017;8.35;;R L B' R2 F R F D R2 U2 L2 B2 R2 U2 B' R2 F' L2 F2 U2 D';2026-01-17 13:44:02;8.35
9018;9.16;;B2 D2 F2 R2 D' L2 D' R2 D2 L2 F U2 F' U2 R' D2 L B F;2026-01-17 13:44:17;9.16
9019;8.73;;R2 U' R2 U' L2 R2 U2 L2 F2 D U2 R2 F' D' L' R2 B' D' B' U2 B;2026-01-17 13:44:35;8.73
9020;9.39;;B L B2 R B2 U2 F2 L' D2 L2 F2 L2 F2 B' L' F2 U' B U B2 D;2026-01-17 13:44:53;9.39
9021;9.40;;D2 B2 L2 D R2 D2 L2 D L2 R2 F2 U' B R D' R2 D2 L' D2 B' F2;2026-01-17 13:47:55;9.4
9022;7.94;;L2 D R2 D' B2 U' R2 F2 L2 R2 U2 F' D R B U L' B F2 L' F;2026-01-17 13:48:13;7.94
9023;11.19;;F L2 F U D' R U' B F2 R F2 L' B2 L' F2 B2 L' D2 L2 B;2026-01-17 13:48:30;11.19
9024;8.62;;L U2 B U2 F2 R2 F' D2 F U2 B U2 L' U B' U' F2 D2 L' U;2026-01-17 13:48:50;8.62
9025;9.07;;U' L F2 U' R2 D F2 R2 B2 L2 U2 R2 D' B' U' B' D2 L2 B L;2026-01-17 13:49:07;9.07
9026;8.94;;D F' D2 L2 B D' R2 U' F' B2 R2 B2 L B2 R F2 U2 B2 L2;2026-01-17 13:49:52;8.94
9027;9.72;;R2 B2 D2 F2 R B2 D2 R2 D' B2 U2 B R U L' B' D';2026-01-17 13:50:09;9.72
9028;10.12;;B2 D2 B' R2 B2 D2 L2 D2 F D2 L2 R' F' L U B' R' F2 R D' R';2026-01-17 13:50:28;10.12
9029;8.89;;R' B' D2 L2 F' L2 F2 D2 L2 U2 L2 F R2 U' L D2 L' D2 B U;2026-01-17 13:50:46;8.89
9030;9.73;;B2 L2 D R2 D' L2 D2 U' R2 U2 B2 U' B' U2 F' D' L' R U' F;2026-01-17 13:51:03;9.73
9031;10.17;;R2 U' D' L D F U B U2 B2 L2 D' F2 R2 U' R2 L2 F2 U F2 B';2026-01-17 13:52:12;10.17
9032;11.60;;F D2 R2 D2 B F L2 F2 L' U' F D R' D2 F R U2;2026-01-17 13:52:30;11.6
9033;8.06;;D2 F2 L U2 R' D2 L U2 L2 U2 R2 F D U' F' L D2 R D R;2026-01-17 13:53:12;8.06
9034;18.19;;R2 F2 R2 D2 F R2 U2 B U2 B' U' B U2 L2 B' D' R' B R;2026-01-17 13:53:34;18.19
9035;9.64;;F L' F2 U2 F2 D2 U R2 U' B2 F2 R2 F' L' B' R B U2 R' B;2026-01-17 13:54:02;9.64
9036;7.99;;R' U2 L2 B2 R U2 F2 R D2 L' D R D' F' U2 F2 L' U' F';2026-01-17 13:54:21;7.99
9037;8.38;;D U2 B2 L2 D' R2 B2 L2 U B2 D2 L F U' R2 D B L' D B2 U2;2026-01-17 13:55:44;8.38
9038;7.94;;U2 R B' U B2 L2 U' D' F U F2 U B2 L2 D' R2 F2 U B2 U R2;2026-01-17 13:57:24;7.94
9039;9.73;;R B' L2 F L2 U2 B' L2 U2 F' R2 U2 B' R' D2 R2 U' B2 D' U';2026-01-17 13:57:39;9.73
9040;9.92;;D2 F' U2 B2 D2 F U2 B' D2 B R2 F' L' B2 D' L B2 L2 D L';2026-01-17 13:57:57;9.92
9041;7.78;;L' D2 R F2 L2 U2 F2 L' R' U2 F2 D' R2 F D U R' U' F' R;2026-01-17 13:58:16;7.78
9042;9.78;;L2 U R2 U2 F2 D F2 U2 B D' L F U' F2 L2 B2 F2 L';2026-01-17 13:58:37;9.78
9043;11.73;;U2 B' F2 L2 D2 F2 L2 D2 B2 L' U2 L' B2 D2 B U L B2 F' R2 U';2026-01-17 13:58:55;11.73
9044;10.39;;F' R D2 L' B2 R2 U2 F2 D2 L' D2 L2 B' R' D L F' U2 R' F';2026-01-17 13:59:32;10.39
9045;10.44;;L2 B2 D' R2 F2 D2 F2 D2 R2 U' F2 U' B' R2 B' L B' U R2 B;2026-01-17 13:59:51;10.44
9046;8.36;;B U' R2 U2 D R L U' F' L2 F2 R2 F2 D' L2 U L2 D2 R2 U';2026-01-17 14:00:10;8.36
9047;10.78;;F U' D2 F U2 B R2 B2 R2 D2 L2 F' D2 F' L' B2 D' F R' F R';2026-01-17 14:00:30;10.78
9048;11.87;;B' R L' D F' L' B R U' B' R2 U2 L2 D2 F' U2 F' R2 F2;2026-01-17 14:00:49;11.87
9049;9.33;;L R B2 U2 F2 D2 L2 R' B2 L' F2 U' F L' U L' B';2026-01-17 14:01:10;9.33
9050;10.80;;B' D2 L2 U L D B' L' F B U2 B2 D2 L2 F L2 F' U2 R;2026-01-17 14:01:28;10.8
9051;9.81;;R F U' F D2 B U2 L2 B L2 B' R2 B D' L R2 U' F2 D' R2;2026-01-17 14:02:21;9.81
9052;9.64;;F B2 R2 L2 D2 R U R' F2 R F2 R' D2 B2 R U2 L D B;2026-01-17 14:02:39;9.64
9053;10.76;;F' U2 R' F2 D2 R U2 L D2 L2 F2 R' D2 B R' D' F' D B' U' F2;2026-01-17 14:03:12;10.76
9054;8.45;;L' F2 D2 R' F2 L' F2 D2 L' R' D2 B2 F' L D' U2 R2 B' D2 U';2026-01-17 14:03:30;8.45
9055;8.36;;L R2 F2 L U2 R' B2 D2 F2 R2 U2 F' L' R2 U F' L D';2026-01-17 14:03:58;8.36
9056;10.55;;U2 B2 L' D2 L' F2 R2 F2 R U2 B2 L' D' R D L F U B' F' L;2026-01-17 14:04:17;10.55
9057;8.94;;U B2 R2 B2 F2 R2 U F2 D2 F2 R2 L' B2 F R2 U' F U B' F2;2026-01-17 14:04:40;8.94
9058;9.76;;L2 B L2 U2 L2 B' L2 R2 U2 B' R' D2 F D F2 U' L D U L';2026-01-17 14:05:33;9.76
9059;7.97;;B D' B' U2 L2 D2 U2 F R2 B' U2 F' R2 F L B' L' R D B2 D2;2026-01-17 14:05:55;7.97
9060;8.11;;F' R L2 B2 R2 F' D2 L2 F R2 F U2 F2 L U F U' R' D2 R D;2026-01-17 14:06:11;8.11
9061;8.83;;F2 R B2 F2 L' B2 R B2 R F2 L2 U2 F D' L' U F' R F2 L;2026-01-17 14:07:29;8.83
9062;12.96;;R' F' D2 L' U2 L' F2 L' D2 R' D2 F2 R2 U2 B L' D R2 B L2 B;2026-01-17 14:08:03;12.96
9063;9.00;;D' R2 U2 L2 U B2 L2 B2 L2 U' F2 L' U2 R' U' R' B D' B F L2;2026-01-17 14:08:24;9.0
9064;9.17;;D' R B R L2 D' B' D2 F D R2 D' F2 U B2 L2 U2 F2 R2 U F2;2026-01-17 14:09:39;9.17
9065;9.70;;B2 R2 D2 B2 L2 F2 R2 D F2 D2 R2 D' B' L' R2 F D' F U' R' D';2026-01-17 14:09:56;9.7
9066;12.20;;L' B' D U2 B2 L2 U' L2 R2 F2 L2 U' F2 L U B R' U2 F U;2026-01-17 14:10:43;12.2
9067;9.68;;R B2 D L2 D2 B2 F2 D' F2 U2 B2 F R' B2 U' F' D' B D2 F;2026-01-17 14:11:05;9.68
9068;9.74;;F R2 U2 F2 U2 B2 R B2 L D2 F2 R' D' R2 U F2 U' L2 B D';2026-01-17 14:11:23;9.74
9069;10.38;;B2 D2 R U2 R2 B2 L' U2 L' D2 L2 D' B' F' D R2 F R' U' L2;2026-01-17 14:13:40;10.38
9070;10.23;;B2 U' F2 D2 B2 D2 L2 D B2 F2 L2 U L D L U B' U' R B L2;2026-01-17 14:13:59;10.23
9071;8.92;;R D2 U2 B2 R U2 R' F2 R2 U2 R' B' D' U R' D2 L B2 F D U';2026-01-17 14:14:19;8.92
9072;9.93;;L2 D B2 R2 F2 U' R2 D F2 L U' R B' U' L' B2 U F' R';2026-01-17 14:14:37;9.93
9073;7.05;;R L2 D L2 B2 U2 L2 U R2 F2 D U2 R' U2 L' B' F D' L2 B;2026-01-17 14:14:56;7.05
9074;7.43;;R L F' D' B' R2 L D' R F2 U2 F2 U2 L2 D' R2 F2 L2 U;2026-01-17 14:15:12;7.43
9075;11.81;;D2 R2 F2 L D2 L B2 R D2 R' F2 L B' R' U R2 B R D' F2 R;2026-01-17 14:15:53;11.81
9076;7.17;;R F' U R F D' B U' L U2 L2 B D2 L2 F2 R2 B U2 R2 F';2026-01-18 12:40:06;7.17
9077;11.20;;L F' R U2 F2 U' R B U F2 U2 R2 D2 F R2 B' R2 B2;2026-01-18 12:40:23;11.2
9078;8.75;;U' F2 B D2 R' F U F' B' R2 U B2 R2 U' B2 D L2 B2 D' B2;2026-01-18 12:40:44;8.75
9079;9.45;;R2 B' U' R' B2 D L U B' F2 R2 U2 B2 D2 L U2 B2 D2 R2 F2 B2;2026-01-18 12:41:07;9.45
9080;8.40;;D' L F2 L2 U' B2 L2 D2 R2 D' B2 U B2 R2 B' L2 F2 D' F U F';2026-01-18 12:41:27;8.4
9081;12.01;;L' F2 U2 B2 D2 F2 R' D2 L' U2 D L2 B R' B U F' L' D U';2026-01-18 12:41:51;12.01
9082;8.94;;F2 R2 U2 B2 D' B2 D B2 L2 D2 R B R2 F' L2 U' R F' R U;2026-01-18 12:42:20;8.94
9083;13.87+;;L2 D' L2 R2 B2 D' R2 D2 B2 U' F2 U2 L' D U2 L2 F' D2 B' U R;2026-01-18 12:43:09;11.87
9084;11.23;;U' F L2 B2 U F2 U R2 F2 D L2 D' B' F' U L' U' R B' L2;2026-01-18 12:43:35;11.23
9085;11.15;;L' B2 D2 B2 L2 U R2 D F2 R2 D' B2 U' R' D2 F' D' U' B L2 F';2026-01-18 12:44:03;11.15
9086;8.09;;D L2 F' U D B' R' D L D2 R2 U2 B L2 D2 B' R2 U2 F B2;2026-01-18 12:44:25;8.09
9087;8.32;;L' U' F2 R D R L F B' R B2 R' U2 R' B2 R' B2 R' D2;2026-01-18 12:44:43;8.32
9088;10.95;;R' L2 F2 U' B2 D' F2 U' F2 D' R2 U2 F D F' L' B F U B';2026-01-18 12:45:00;10.95
9089;10.56+;;D B2 U L2 F2 R2 U2 F2 D R2 D2 U' B' L' D2 B L R2 U' L F';2026-01-18 12:45:23;8.56
9090;8.44;;F L' B2 L2 U L2 B2 L2 D2 U' L2 D' U2 F U2 L' B' D' U R2;2026-01-18 12:45:41;8.44
9091;9.32;;F2 L D2 R' U2 L' B2 R2 B2 F2 D2 R2 D B2 F' L U' B' D2 F2 R';2026-01-18 12:46:04;9.32
9092;10.40;;R D2 B2 D2 U2 R B2 D2 F2 L' F2 U' R' U' B F' D B U R;2026-01-18 12:46:36;10.4
9093;9.27;;D' L2 R2 B2 L2 R2 D' R2 U F2 D F' D2 U2 R D' L' D B R B2;2026-01-18 12:46:56;9.27
9094;11.30;;L' U D2 F' B U2 F' R F B2 R2 B2 U2 B' D2 L2 F R2 D2;2026-01-18 12:47:16;11.3
9095;10.65;;D R2 U2 R2 D B2 D F2 R2 U2 R' B' D' U' F' D' R2 D2 L' B;2026-01-18 12:47:38;10.65
9096;11.17;;U D2 L' F2 D2 B R D2 L2 F2 R2 D F2 U2 B2 U' R2 U' B2 L' D;2026-01-18 12:48:19;11.17
9097;9.86;;F' B R F' U' F' L U' B U2 F2 B2 D' L2 U D' F2 R2 D' L';2026-01-18 12:48:52;9.86
9098;11.88+;;B U' R F2 D2 B2 D2 F2 L B2 R D L' B2 R B U2 R;2026-01-18 12:49:13;9.88
9099;10.32;;R2 B D2 F2 R2 F L2 U2 F D2 L2 D2 R' F R2 U B L B R' D2;2026-01-18 12:50:08;10.32
9100;8.88;;L' D2 R2 B2 U2 B R2 B L2 D2 F2 R2 U2 D' R' U' R U B' L B;2026-01-18 12:50:28;8.88
9101;8.74;;D2 R' B' U D2 B U2 R D' F L' D2 R B2 R' B2 R' F2 B2 L' U2;2026-01-18 12:50:54;8.74
9102;7.95;;F' R2 U2 R2 D2 F2 L2 F R2 B U B2 R' B' D U F' D2 U;2026-01-18 12:51:25;7.95
9103;11.16;;R' B2 D2 L2 R2 F R2 U2 F' D2 F' R2 L F2 D' L' R2 B R U' B';2026-01-18 12:51:48;11.16
9104;10.85;;L2 U2 B2 U L2 D' B2 L2 D' R2 B2 R B F R2 U' B U2 L' D2 L2;2026-01-18 12:52:12;10.85
9105;8.72;;R' F' R2 U F2 U2 L2 U' R2 U2 B2 U' R' D2 B' L' F2 U R' D2;2026-01-18 12:52:35;8.72
9106;10.02;;R' F' D2 U2 B' D2 F R2 F L2 D2 U2 L' B2 D' L R2 F' D' F U;2026-01-18 12:52:56;10.02
9107;9.62;;R' D' R2 L2 B R' D2 B' R2 U2 F2 L2 D L2 B2 D F2 B2 D2 B2;2026-01-18 12:53:45;9.62
9108;10.50;;D L B2 U2 L2 U' L2 B2 D B2 D' B2 D2 R2 B' D L2 R' B D R;2026-01-18 12:54:05;10.5
9109;9.17;;D F' B2 L2 B2 U2 L' B2 R' U2 L' B2 F2 U' F D L' R2 D B;2026-01-18 12:54:34;9.17
9110;8.14;;F' B2 R D2 L D2 B2 F2 R B2 R' D2 F L' D' R' B2 R2;2026-01-18 12:54:57;8.14
9111;7.82;;R2 D R2 B2 D R' B2 R L2 F' L2 F' U2 F2 D2 F2 L2;2026-01-18 12:55:17;7.82
9112;9.66;;L' F2 U2 F' U2 R2 B2 U2 L2 R2 F U2 B L' D B U2 F' L D' B;2026-01-18 12:55:41;9.66
9113;11.64+;;B2 R' B L F B L D' L B2 U2 R B2 R' B2 R2 D2 L B';2026-01-18 12:56:03;9.64
9114;11.26;;F2 D2 L B2 L' U2 R U2 R' U2 R2 F D' F2 U' B' L' R' U' L2 D;2026-01-18 12:56:22;11.26
9115;10.12;;R' B2 L U2 L' F2 D2 B2 F2 R' B2 R2 B' F2 L' U L' R D F R;2026-01-18 12:56:51;10.12
9116;7.52;;L2 D2 B2 D2 F L2 B U2 F' L2 D2 U B' U2 L' D2 U' B2 R2 F';2026-01-18 12:57:19;7.52
9117;8.61;;B2 R' B2 L2 B L2 B U2 B' F2 L2 F' U2 L' R D' F' L D' L' B;2026-01-18 12:57:51;8.61
9118;10.87;;F' U2 F2 R D2 L2 R' B2 L2 B2 D2 F2 D B' D' F U F L' R;2026-01-18 12:58:16;10.87
9119;8.99;;D2 R2 B D2 B F D2 L2 B L2 B R F D' R B F2 R D;2026-01-18 12:59:13;8.99
9120;8.40;;U2 F2 L2 U F2 D' R2 B2 R2 U' L2 D2 F' D' B F2 U' R' D' L' F';2026-01-18 12:59:32;8.4
9121;7.97;;R F2 R' U2 D F2 D' F' R2 U2 R2 U2 D2 B2 L U2 R' F2 R;2026-01-18 12:59:53;7.97
9122;DNF(9.58);;U' L2 D' R2 D L2 D R2 F2 B D2 U' B2 R D B2 U L D;2026-01-18 13:00:12;9.58
9123;8.94;;U2 F2 U B2 R2 U2 B2 U L2 B2 D' B U F2 R B' F' R2 D' L U2;2026-01-18 13:00:39;8.94
9124;8.86;;U2 R' L2 B' D' B2 D2 F' L B2 L2 D B2 U L2 B2 D2 R2 B2 U;2026-01-18 13:01:00;8.86
9125;10.53+;;B L2 D2 B2 D' F2 D' B2 U F2 R2 B2 F2 R B' D L' D2 B' U F;2026-01-18 13:02:03;8.53
9126;8.18;;B' R2 B2 U2 B2 D R2 B2 U' L2 D B2 U2 F R B L' U' R' D U';2026-01-18 13:03:18;8.18
9127;8.94;;U2 F2 D2 F2 R2 B2 R' F2 L D2 B2 F' L2 R2 D2 U F' R U2 B2;2026-01-18 13:04:42;8.94
9128;9.90;;R' B F2 U F2 L2 U F2 D' F2 L2 U F R' F D2 B' U2 B D;2026-01-18 13:05:02;9.9
9129;8.67;;U' B' D' L2 D B2 U' F2 U' F2 R2 B2 R2 B L' D2 U L D' U2 L;2026-01-18 13:05:23;8.67
9130;10.11;;D F2 R' U2 B2 U R2 B2 D' F2 U' R2 B2 R2 F' R2 B' L F' D' U';2026-01-18 13:05:42;10.11
9131;8.88;;F D2 U2 B D2 F L2 B' L2 U2 F2 L2 U R' F' L' U2 B' L2 F2 D;2026-01-18 13:06:58;8.88
9132;8.90;;R2 U' L' D R2 F B L D' R U2 D2 B2 U2 R2 L' D2 B2 R' F2 R2;2026-01-18 13:07:28;8.9
9133;11.66;;U L F' R L' U2 F U2 B2 L2 U' L2 U' B2 U2 B2 U2 R2 L;2026-01-18 13:07:47;11.66
9134;10.13;;B R2 F2 L2 D' L2 F2 U2 B2 U2 R2 B2 U' B' U F2 R' U L' U' B';2026-01-18 13:08:09;10.13
9135;11.01;;L2 U2 L' B2 F2 R' B2 R2 U2 R F2 B L' D' B' F' R F D2 F2;2026-01-18 13:08:32;11.01
9136;9.60;;F' D' R' U B2 L B' U R' U2 D R2 U2 F2 R2 L2 B2 U' R2 D;2026-01-18 13:09:52;9.6
9137;9.56;;F' D' L2 D' B2 L2 F2 U2 R2 U2 R2 B2 L U' B2 D2 R' F' R2 B';2026-01-18 13:10:13;9.56
9138;7.75;;B2 U R2 D B2 D R2 F2 L2 U' R2 F U F' U B2 L' R' U L';2026-01-18 13:10:32;7.75
9139;8.92;;R' F' D R' D' F' L2 D F U2 F2 L D2 L' D2 F2 L U2 R D2;2026-01-18 13:10:52;8.92
9140;9.66;;L2 B2 U2 R2 D' B2 U F2 R2 U2 F U L' B2 R' B2 F2 U' R';2026-01-18 13:11:11;9.66
9141;9.24;;L2 R U L2 U' R2 F2 R2 U2 F2 U' F' R D U' F' L R D F2;2026-01-18 13:13:13;9.24
9142;7.92;;D2 L' F R' F' R2 U D2 R2 B' U2 B R2 D2 L2 D2 B L';2026-01-18 13:13:32;7.92
9143;10.96;;R L2 F2 R2 D' B2 D2 R2 D' U F' D2 L' B' D' F' R U' B2;2026-01-18 13:13:50;10.96
9144;9.30;;L' D' L2 D2 R2 B2 F2 D' R2 F2 D2 B2 D' L B' D2 R2 B' L' F' D;2026-01-18 13:14:13;9.3
9145;9.59;;B' U2 B2 D R2 U R2 B2 U' F2 U B L' F2 R' B R' D2 L2;2026-01-18 13:14:38;9.59
9146;9.94;;B R B2 L B2 L' B2 U2 L2 U2 F2 R' D' F D R2 B' L2 B;2026-01-18 13:15:33;9.94
9147;9.91;;L2 D U2 F2 R2 U R2 U' L2 R2 F U2 L D U2 B' R F R' U;2026-01-18 13:15:53;9.91
9148;10.87;;L2 F2 L2 U2 R2 U F2 R2 D R2 U' L U' F' R D' U2 R D' L2 U';2026-01-18 13:16:18;10.87
9149;7.77;;U' R2 L U' B' D F R' B' U2 F2 L2 B2 D2 R2 B2 U R2 L2 D2;2026-01-18 13:16:44;7.77
9150;9.89;;B' U R2 U2 B2 U' B2 U L2 F2 R2 B' U2 L D R' B2 U' B' D2;2026-01-18 13:17:01;9.89
9151;7.99;;D' B2 L2 U B2 R2 D2 B2 L2 D2 U' L B D L' R' D F U R2;2026-01-22 22:53:37;7.99
9152;9.42;;U' R2 U' F2 U' R2 B2 L2 R2 D' B2 L2 B' U' B' D2 B2 R' D' L R2;2026-01-22 22:53:55;9.42
9153;10.73;;F' U' F2 R D' R' F' B2 L2 D2 B2 L2 U' F2 L2 U L' D2;2026-01-22 22:54:15;10.73
9154;9.96;;B' U L2 D' R2 F2 U' B2 F2 U L D2 F R D L' F2 L2;2026-01-22 22:54:50;9.96
9155;10.00;;B2 L' U' L D F' U' R' F2 D2 F2 U F2 U' F2 R2 U2 L2 D2 B';2026-01-22 22:55:09;10.0
9156;9.58;;U' B R2 F2 D B2 F2 R2 B2 D R2 D B R2 B' L2 D' L B L';2026-01-22 22:55:31;9.58
9157;11.73;;U' L' F' B2 R2 B' U R' F D L2 F2 D2 F2 U' F2 U' B2 L2 U' L2;2026-01-22 22:55:50;11.73
9158;8.67;;F2 R2 B R2 D2 U2 B D2 R2 F2 D R' B R2 F2 D F2 R B' R2;2026-01-22 22:56:11;8.67
9159;10.63;;U' R' B U' F D L F L U F2 R2 U F2 B2 U2 D B2 R2 D';2026-01-22 22:56:29;10.63
9160;8.86;;L2 B2 D' B2 U' R2 U2 L2 B2 D' L' F U B L2 D2 B' U2 F;2026-01-22 22:56:48;8.86
9161;7.69;;D' R' B' D2 F' L2 R2 F2 U2 L2 D2 B' L2 U' B L' U R2 D R;2026-01-22 22:57:16;7.69
9162;9.28;;D' U2 L2 B D2 B F2 U2 L2 F L2 F2 R' U2 R2 D R U L D';2026-01-22 22:57:34;9.28
9163;7.48;;U2 B2 L' F2 U2 L' B2 F2 U2 L2 F2 R' F U2 L B2 U R' D' L2;2026-01-22 22:57:53;7.48
9164;11.61;;R' L2 U' L2 U' F2 R2 U B2 F2 U2 F2 R F L' U2 L2 U' B F;2026-01-22 22:58:09;11.61
9165;9.07;;F2 U' B' R U D' B U' L' U' F2 U2 B2 U2 R2 U F2 U' L2 D2;2026-01-22 22:58:34;9.07
9166;9.75;;B' R' F2 U D' B' L2 D F2 L' F2 L D2 L2 U2 F2 L' F2 L' U2;2026-01-22 22:58:53;9.75
9167;10.47;;L2 D B' R' L2 D F D2 R' U2 D F2 U R2 F2 B2 U D2 L2;2026-01-22 22:59:15;10.47
9168;8.73;;L2 F L2 F R2 F2 D2 B R2 F2 L2 D2 R' B' U F2 L R U' R U';2026-01-22 22:59:36;8.73
9169;8.30;;R2 F2 U F2 U B2 U B2 D2 L2 D' F2 R B U2 R D' B' L U' R2;2026-01-22 22:59:55;8.3
9170;10.37;;L2 U2 F2 R' F2 L' D2 R2 D2 F2 B L D2 L' F R' D' U2 R';2026-01-22 23:00:12;10.37
9171;9.46;;F U' R' U' R' D' F2 L R2 B D2 L2 B U2 R2 D2 B2 D2;2026-01-22 23:00:38;9.46
9172;9.77;;U D2 B' U2 B L2 R2 B' R2 B F2 L' F2 U L B L F' R' B2;2026-01-22 23:00:59;9.77
9173;8.26;;U' L2 F2 D' F2 L2 D2 R2 D R2 U' R' B' U F2 D' L B2 R' U';2026-01-22 23:01:37;8.26
9174;9.50;;D' R' U2 R2 D2 B D2 R2 F2 L2 B' L2 D2 L2 U L' R' F' D B U';2026-01-22 23:02:02;9.5
9175;8.77;;L2 F2 U2 R2 D F2 L2 R2 U' L2 B2 L B' D' U' F U2 B' R2 F;2026-01-22 23:02:19;8.77
9176;12.06;;R2 D R2 B2 F2 U F2 R2 U F2 D' L F R U' B' D L U' B;2026-01-22 23:02:44;12.06
9177;9.20;;L' F2 R U L2 B' R D L2 U' R2 L2 D' B2 U B2 U R B;2026-01-22 23:03:05;9.2
9178;10.16;;R' B L' U' D2 R' D' B' R2 F D2 R2 F2 U2 B' U2 F R D2 F';2026-01-22 23:03:27;10.16
9179;10.26;;B2 D' R2 U2 L2 R2 F2 U R2 B2 U' L R F U L U2 B D B L';2026-01-22 23:03:49;10.26
9180;11.09;;F' U L2 F L2 B' D2 B' L2 F U2 L2 D2 L' F' R U B2 L D U';2026-01-22 23:04:09;11.09
9181;10.35;;L' R2 F2 D2 F' R2 F' U2 R2 B2 L2 F' R' D2 F D L2 R2 F' L;2026-01-22 23:04:36;10.35
9182;9.23;;F2 R' B' L2 R2 D2 R2 B D2 F U2 F2 R2 F U B R' B2 F2 R2 U';2026-01-22 23:04:59;9.23
9183;8.92;;D2 R2 F R2 B' F' L2 U2 F2 L2 B' D' L D F R2 D' F U' F2;2026-01-22 23:05:18;8.92
9184;8.22;;F2 R U2 R' F2 L2 B2 D2 F2 R2 F L' U' B' D' B2 D' L2 D R';2026-01-22 23:05:58;8.22
9185;10.30;;F D' U2 R D2 B2 R B2 D2 F2 U2 F2 R D L' B' D' R' D' F;2026-01-22 23:06:19;10.3
9186;7.71;;B2 F2 D R2 F2 R2 B2 U' B2 D' U2 R2 F' L' B L2 D B' U L2 R;2026-01-22 23:06:51;7.71
9187;9.62;;B' R2 B' R2 U2 L2 U2 B2 D2 B' R2 U' B F' U L' F' U2 B' R' F2;2026-01-22 23:07:13;9.62
9188;10.30;;U2 B2 U R2 B2 U F2 D U R2 B2 F R' B' D' L F2 D2 F D' F';2026-01-22 23:07:34;10.3
9189;11.21;;U B R2 D' F2 L2 R2 D F2 U2 L2 F2 L2 R F' L R D' R' U' L;2026-01-22 23:08:06;11.21
9190;10.09;;R2 D' B2 L2 U2 D' F' L U L2 B2 R2 U F2 U B2 D B';2026-01-22 23:08:30;10.09
9191;7.62;;B F2 R2 U' B2 U L2 D' F2 R2 F2 U2 R B' R B L2 R F' U L;2026-01-22 23:10:21;7.62
9192;8.14;;D' R B2 L2 U2 B2 U L2 R2 U L2 F2 R F R2 D' R F' L U';2026-01-22 23:12:59;8.14
9193;9.56;;U R' L2 U' R D' B R' B2 U' D F2 U' L2 F2 U' B2 D F2 L2 F;2026-01-22 23:13:15;9.56
9194;9.85;;B R2 U' L2 B2 U' B2 U2 F2 L2 B2 D' F L D' U' L' D F R' D;2026-01-22 23:13:34;9.85
9195;9.47;;L D' L' U' D F' R' F2 D2 B2 U' F2 R2 D F2 D F2 D2 F' D';2026-01-22 23:14:05;9.47
9196;8.02;;R B2 D2 F2 R2 D2 L D2 R U2 L D' B U2 F2 L' D R2 B D2 L2;2026-01-22 23:19:47;8.02
9197;11.40;;D2 F L2 D2 R2 U' B2 D' U2 F2 D' B R' B' U' L' B2 F2;2026-01-22 23:20:06;11.4
9198;8.67;;L2 B L D R2 D2 B F2 U2 D2 R2 L F2 U2 R' F2 L F2 L D;2026-01-22 23:20:36;8.67
9199;7.75;;F' R F' U2 L2 R2 B U2 F2 R2 D2 U2 L' D' R' B2 L' B2 U B';2026-01-22 23:20:55;7.75
9200;9.57;;U2 B2 R2 F2 U2 B2 R' D2 L' R2 F' D F L' D' L B R U B;2026-01-22 23:21:51;9.57
9201;8.07;;L' D2 R2 U' L2 F2 U R2 U2 L2 D2 U' B' U R' F L F R2 F';2026-01-23 19:37:24;8.07
9202;8.29;;U2 B' F' R2 B U2 B2 F' L2 U2 L D' L' R B' U' R' D2 F' U2;2026-01-23 19:37:40;8.29
9203;9.20;;R B' U2 L' F2 R D' L' U2 B' D2 F' L2 F R2 U2 L2 B;2026-01-23 19:37:56;9.2
9204;8.17;;R2 F2 U' B2 D' L2 U' F2 L2 D2 L2 D L' F' L F' R D2 U F;2026-01-23 19:38:14;8.17
9205;8.70;;F R F' R2 D' B2 L F2 D' F2 R2 D' B2 U2 L2 D B2 D B2 L F2;2026-01-23 19:38:31;8.7
9206;10.69;;L2 B2 F' L2 D2 B' F2 U2 F U' L U' R B2 F2 L' U L2;2026-01-23 19:38:53;10.69
9207;9.11;;F' R' B' R2 B2 D2 B L2 D2 B' U2 B' U' B2 L R2 B R2 U;2026-01-23 19:39:28;9.11
9208;9.01;;U2 B2 R D2 F U B' L' F U' R2 F2 U R2 D R2 U B2 D R2 L2;2026-01-23 19:39:45;9.01
9209;9.50;;F U L2 R2 F2 R2 U2 L2 U' F2 D' R2 F2 B' R U' F' R2 B' U;2026-01-23 19:40:09;9.5
9210;9.82;;L' B' R' F' D2 B' L2 F' U' B2 U2 R2 B2 L2 U' F2 R2 U L2 U B';2026-01-23 19:40:30;9.82
9211;7.46;;F' L2 F2 L D B' D2 F R L2 F' R2 L2 B U2 F2 B' R2 U2 B';2026-01-23 19:41:06;7.46
9212;10.41;;D2 U2 L2 B2 U2 B D2 L2 F' R2 B' R U L2 D F U2 R U' B;2026-01-23 19:41:22;10.41
9213;8.26;;R2 B' F' D2 L2 D2 B R2 B' F2 R2 F' D' F' L2 D R' F2 D F2;2026-01-23 19:42:23;8.26
9214;9.60;;F2 R2 F' L2 R2 U2 L2 F D' L D' L' R F' R2 D2 U' F;2026-01-23 19:42:41;9.6
9215;8.40;;U2 B' D2 U2 B R2 D2 U2 F R2 F2 L2 R B2 D B' U2 F2 L F2;2026-01-23 19:42:59;8.4
9216;9.60;;L F2 R' D2 F2 R' B2 R' D2 B2 D2 L' U' L' R2 F D' L' U B' D';2026-01-23 19:43:18;9.6
9217;10.06;;U' R' D2 R2 D L2 U' L2 B2 F2 U2 B2 L2 D L F2 R' F' D F R;2026-01-23 19:43:36;10.06
9218;10.65;;L' D' F U2 R' D2 F' D2 F2 D F2 R2 U2 F2 R2 D' R2 D F' L';2026-01-23 19:44:00;10.65
9219;7.92;;U2 B L2 B2 R2 D' B2 D' U' L2 R2 F2 B' L2 U' B' D' R F';2026-01-23 19:44:19;7.92
9220;8.38;;U2 R B' D F' L U R' U2 B2 U2 R2 D2 F D2 B2 L2 U2 B D';2026-01-23 19:44:37;8.38
9221;7.99;;D' B' U2 F R' B' R' L2 U' L2 U B2 U' R2 L2 F2 B2 U2 L2 F;2026-01-23 19:44:55;7.99
9222;8.90;;U L D2 F' D B' U' F2 R2 U2 D2 F2 R' F2 B2 L' D2 L' U2 B' U';2026-01-23 19:45:12;8.9
9223;11.35;;B2 D2 R2 U2 B' L2 D2 U2 F L2 R2 F' R' U B2 D B R F2 R2;2026-01-23 19:45:32;11.35
9224;10.84;;F' L2 U2 B' F2 R2 B D2 F' U2 L2 R' B L' D2 B U L R2 D2;2026-01-23 19:45:52;10.84
9225;8.36;;R2 D' F' B2 R2 D2 L2 U' L2 D' L2 B2 D F L' B F2 D L B';2026-01-23 19:46:20;8.36
9226;11.34;;L' B' L2 F2 U2 F2 R2 B' R2 F' U2 R D2 L B L' R' D F2;2026-01-23 19:46:40;11.34
9227;8.86;;F U2 L' F2 U D' B D2 R B2 D' R2 U B2 D' R2 U' B2 L2 U2;2026-01-23 19:47:06;8.86
9228;8.31;;D' L2 B2 D B2 D2 R2 F2 D R2 D' F L' B' D2 B2 L' B' D' B2 U;2026-01-23 19:47:24;8.31
9229;8.66;;D2 R L2 U B' L2 D' L D2 F B2 R2 F D2 F' L2 F R2 U2 F2;2026-01-23 19:47:43;8.66
9230;10.85;;D2 B2 L2 D' R2 U R2 B2 U2 B2 D' F' U' B' L' D2 U' R' D B' U2;2026-01-23 19:48:05;10.85
9231;9.62;;F R' D F2 L2 D L2 U' R2 F2 U F2 U' F2 B' U L2 D F2 L' B2;2026-01-23 19:48:24;9.62
9232;8.74;;D U F2 L2 U' R2 F2 L2 D2 R2 F2 U' R B2 U2 R2 U' L U B F2;2026-01-23 19:48:45;8.74
9233;8.27;;U' D' B2 L2 B U R2 U' F2 R U2 R U2 F2 R' L2 U2 R2 D2 F2;2026-01-23 19:49:03;8.27
9234;9.49;;U F2 U' L2 R2 U' R2 B2 L2 F2 D2 F2 B' D R D2 L' F U R2 F2;2026-01-23 19:49:26;9.49
9235;9.44;;B D2 B R2 U2 B2 L2 U2 B' L2 U2 L B U2 B F' R U' R2 F;2026-01-23 19:49:49;9.44
9236;8.46;;B' L' R2 B2 D2 F2 U' L2 R2 D2 B2 R2 L' B' U L U' B F U2;2026-01-23 19:50:07;8.46
9237;10.25;;D2 B' L2 R2 D2 B D2 B D2 B2 U2 F' D B F2 R B R2 F' D' B2;2026-01-23 19:50:27;10.25
9238;8.11;;B D B' L2 B2 R2 F D' R' D' R2 D2 B2 U L2 B2 D F2 L2 B2;2026-01-23 19:51:28;8.11
9239;10.10;;U2 D' R' L2 U F R F L U2 D2 F' U2 B R2 D2 R2 U2 B' R;2026-01-23 19:51:45;10.1
9240;9.53;;U F L2 D' L2 B2 L2 F2 U' L2 D2 B R2 D2 L' U R F2 D;2026-01-23 19:52:08;9.53
9241;10.57;;F L2 B2 U L2 B2 U' L2 F2 R2 U' L2 B' U R' B' L2 F D L' B2;2026-01-23 19:52:37;10.57
9242;10.02;;F' U2 L' B2 L D2 B R U' D2 B' R2 D2 F U2 B' U2 B' R2 F' D2;2026-01-23 19:52:56;10.02
9243;7.85;;U' B' U' F2 U L2 U2 F2 U' R2 B2 U' R D' U2 L' F' R D2 L2;2026-01-23 19:53:16;7.85
9244;8.32;;U2 B D2 B2 D2 L2 F2 L' U2 F2 R' U2 F2 L' D' F U B2 F R' B';2026-01-23 19:53:34;8.32
9245;8.90;;R2 D2 L2 F2 R2 F U2 B2 D2 F' L2 D2 R' D' L B D2 F U2 F2 U';2026-01-23 19:53:52;8.9
9246;10.65;;D B' D2 L' F2 L' R2 D2 U2 R' D2 R F2 D' B2 U' F U2 F2 L;2026-01-23 19:54:10;10.65
9247;9.70;;F' R2 U' B2 D' F2 R2 F2 D L2 D' U2 R' D2 L B2 D2 B' D' R2;2026-01-23 19:55:09;9.7
9248;10.79;;D B D2 B' D2 F R2 B L2 F' R2 B' U2 L' F' L2 B' D' L U B;2026-01-23 19:55:32;10.79
9249;8.55;;F2 L2 U2 B L2 D2 U2 B D2 L2 U' B' F R U2 F' D' F';2026-01-23 19:56:01;8.55
9250;9.26;;F' L' R2 B2 D' R2 F2 U' R2 F2 D R' D R B L2 U L' U';2026-01-23 19:56:21;9.26
9251;10.16;;B2 F2 U R2 D F2 U F2 D2 R2 D' L B R D2 F' D' U' R2 U2;2026-01-23 19:56:39;10.16
9252;9.40;;D' R2 U2 F2 U' L2 R2 U F2 D' R' B U2 F2 U L2 D' F2 R B2;2026-01-23 19:56:58;9.4
9253;8.43;;L2 D2 B' D2 F2 L2 R2 U2 B R2 F D R D2 B' F' U2 B' L B;2026-01-23 19:57:17;8.43
9254;9.38;;L D2 B2 L D2 B2 R U2 F2 D2 B2 R2 F D' F2 D' U2 R' B' F U2;2026-01-23 19:57:34;9.38
9255;9.22;;D2 B2 D L2 B2 D F2 B D' L' B' D R F L R' F;2026-01-23 19:57:52;9.22
9256;7.46;;B L' U' R' B2 R' D' R' B2 R2 D2 B2 U' R2 D' R2 U' B2;2026-01-23 19:58:12;7.46
9257;10.52;;R' U' D L F' U' D2 B D F B2 R2 B2 L2 F R2 D2 F' U2 R2;2026-01-23 19:58:27;10.52
9258;11.37;;U F2 L2 U2 B2 U2 B2 R2 U B R2 F' U B2 U' B' L U' F2;2026-01-23 19:58:46;11.37
9259;10.76;;U D2 R' L' F U B' U F U2 F2 D F2 B2 U L2 D L2 D R2;2026-01-23 19:59:14;10.76
9260;9.50;;B' L' U B2 D L2 U2 L2 U B2 F2 R2 U2 L' B' L2 U2 F' L' F';2026-01-23 19:59:34;9.5
9261;9.22;;D B2 R2 B2 L2 U2 L2 F2 R2 F' U2 B D' L' U' R U L2 U F2;2026-01-25 20:40:21;9.22
9262;9.67;;D' F B R' D B L U2 F D F2 U2 L2 D B2 U' R2 B2 D' L2 F2;2026-01-25 20:41:05;9.67
9263;10.93;;R2 D F' R2 D F R' U' F R2 U L2 U2 D B2 R2 L2 U' F2 L2 F2;2026-01-25 20:42:08;10.93
9264;10.80;;L' F' L2 U' R2 D' U2 B2 U' L2 R2 U2 R2 F2 R' F L2 B2 U' F' U;2026-01-25 20:42:46;10.8
9265;13.06;;F' L2 U' F2 D2 F' U L U' L2 B2 U F2 U L2 B2 D B2 U;2026-01-25 20:43:35;13.06
9266;9.21;;L2 D2 R' F U R L U F U2 L2 U2 R2 F2 U R2 D F2 D2;2026-01-25 20:44:58;9.21
9267;9.99;;B2 R B2 L' F2 U2 L' U2 F2 L' B2 R2 U' R' B2 U2 R2 B' U' R' F2;2026-01-25 20:45:22;9.99
9268;11.60;;F2 D B L2 U' R' F' D2 F2 U2 R2 B' D2 L2 D2 B' U' L;2026-01-25 20:45:47;11.6
9269;8.87;;L2 R2 U R2 B2 L2 D2 F2 D L2 B R2 F U2 R' D' B2 R' U B2;2026-01-25 20:46:39;8.87
9270;8.95;;D R F2 L2 U F2 D L2 D' U L2 B2 D2 B2 F' U' B F' L' U';2026-01-25 20:47:00;8.95
9271;11.28;;L2 B' R U2 B2 R2 B2 U2 R' B2 U2 B2 D2 R2 F' U' F2 D' R' B L';2026-01-25 20:47:20;11.28
9272;11.50;;F2 D2 F R2 B R2 F D2 U2 F L2 U L B2 R U2 R D' F' R2;2026-01-25 20:47:42;11.5
9273;10.02;;R2 D' F2 U2 R2 D' B2 U F2 R2 B2 U F' L D' U L R2 B F U';2026-01-25 20:48:27;10.02
9274;8.76;;D2 U2 F R2 F' R2 F R2 F' L2 B' D2 U L2 R B U2 L B2 R B;2026-01-25 20:48:49;8.76
9275;10.07;;F B2 D R2 L F' D L' D U2 R2 F2 U2 R U2 R2 B2 L B2 L F2;2026-01-25 20:49:42;10.07
9276;9.70;;D' F L B' R2 L D' U2 R' U2 F2 R L2 B2 U2 L2 U2 L' U' R2;2026-01-25 20:50:09;9.7
9277;9.22;;B2 U2 F2 L2 F2 L2 D2 R2 F2 U' L2 F' L U' R2 F' L2 D2 R';2026-01-25 20:50:49;9.22
9278;8.88;;R' F' U2 F2 D2 U' R2 U B2 D' L2 R2 F2 R D2 B2 F' L F D';2026-01-25 20:51:13;8.88
9279;9.65;;F2 R2 D B2 R2 B2 L2 D' U2 B2 L2 D2 B U' B D' F' R D' U2 L';2026-01-25 20:51:36;9.65
9280;8.40;;L F2 R2 F2 U2 F2 R D2 F2 L' R2 U' R D2 U' R F R2 D' F2;2026-01-25 20:51:58;8.4
9281;10.56;;D2 B2 D B' D2 L' U R F' L2 D' B2 U2 D' L2 U' L2 B2 U2 B2;2026-01-25 20:52:19;10.56
9282;8.04;;R F' L R U2 B2 R' U2 B2 R' D2 R' F2 R U B F R D R2 F';2026-01-25 20:52:53;8.04
9283;9.04;;B R2 L' F B' U' F2 R' L2 B2 U2 D2 R' U2 L' D2 B D2;2026-01-25 20:53:15;9.04
9284;10.27;;L2 F B2 D' L2 R2 U R2 U F2 D U2 L D B2 U F2 R' U';2026-01-25 20:53:41;10.27
9285;9.68;;B D L2 F' U2 R2 B' F2 L2 B2 R2 U2 R2 D' R F2 L' D L2 D2;2026-01-25 20:54:07;9.68
9286;10.46;;L2 R2 U' R2 F2 D B2 L2 D' B U L F R2 B L F U R';2026-01-25 20:54:29;10.46
9287;7.91;;D' L2 F2 U2 L2 U' L2 F2 D2 U' B2 U' B' U F2 D2 L F2 L B L;2026-01-25 20:54:52;7.91
9288;11.44;;U2 R2 U2 L2 B2 L2 D R2 B2 U2 L' B D B' F2 D F' L' D' L';2026-01-25 20:55:11;11.44
9289;10.55;;D' L U F2 R' B' U' L2 U R2 U2 R2 L2 U R2 D L2 U' R F;2026-01-25 20:55:34;10.55
9290;11.81;;U D R2 U2 L U2 D F B' R2 L2 D F2 D' B2 D2 B2 U R2;2026-01-25 20:55:56;11.81
9291;9.51;;B2 D B2 L2 F D' F2 L' B L2 B2 D2 F2 R' B2 R L F2 B';2026-01-25 20:56:30;9.51
9292;10.21;;U R2 U2 L2 F2 D U2 B2 F2 R2 D L' F L B' F2 D' L' B' D B;2026-01-25 20:56:51;10.21
9293;8.14;;D' F D2 F' R2 F' D' R' U2 B2 R' D2 R' F2 B2 D2 L2 D' L2;2026-01-25 20:57:19;8.14
9294;13.86;;F2 L' D F' D2 F L2 B D2 F L2 F L2 B2 D' L' B2 U R' F2 R';2026-01-25 20:59:34;13.86
9295;11.16;;F2 D2 B2 D2 L' U2 R' B2 R D2 R2 D L' R B' D' R' F2 D B;2026-01-25 20:59:58;11.16
9296;7.75;;F' B2 L2 U' R2 D F2 U2 F2 U' F2 L' U2 B' D2 F D R' B2 D2;2026-01-25 21:00:22;7.75
9297;8.87;;D2 R2 B U2 R2 F U2 F D2 L2 F2 L2 D' L' F' R F2 U2 F2 R;2026-01-25 21:00:39;8.87
9298;12.44;;D' L2 U2 L2 U B2 U' R2 U' R2 B' U' R2 U F D' B R U L';2026-01-25 21:00:57;12.44
9299;9.85;;B2 R2 U' L2 B2 F2 U F2 D2 F2 D' B' L' D' R' D2 R' F2 D2 B2;2026-01-25 21:01:21;9.85
9300;7.11;;U2 R2 D' F2 R2 F2 D L2 F2 D F' L' F' L R D L' F L' F2;2026-01-25 21:03:16;7.11
9301;9.40;;F D R' L U2 D' F' R2 U' L2 D' L2 F2 D2 B2 D' R2 U B2 L F;2026-01-27 02:08:01;9.4
9302;9.10;;U2 R2 D2 R2 F2 L' B2 R U2 R2 D' B' F2 U' B' D' L D' R B L2;2026-01-27 02:08:19;9.1
9303;9.94;;L' D R B' U2 L2 B L D2 B2 U' F2 L2 B2 U' F2 U' B;2026-01-27 02:08:38;9.94
9304;9.15;;D2 B' D' B2 R2 D R2 U' L2 D' U2 F R' F L B2 L' U2 L;2026-01-27 02:08:58;9.15
9305;9.31;;U' B2 L' U2 L D2 R' U2 R' B2 U2 B2 L2 U' R2 B R F' D' L' F;2026-01-27 02:09:19;9.31
9306;9.70;;L U L2 F2 R' B2 R B2 F2 L F2 U2 R' F' L2 B R2 D' L2 F2;2026-01-27 02:09:42;9.7
9307;10.82;;U2 F2 L2 U L2 D2 F2 R2 U2 B2 R' D2 F' R U2 L2 U F' L' B';2026-01-27 02:10:06;10.82
9308;9.58;;D2 B2 F2 L' D2 U2 R' D2 L B2 U' B2 L' D' L2 R' F' L2 F2;2026-01-27 02:10:25;9.58
9309;9.90;;F' L2 F2 L2 F' R2 U2 L2 U2 B' D2 U2 R' B' U2 B' D R' B2 U' F;2026-01-27 02:10:46;9.9
9310;9.11;;F' B2 R2 D L F U D L' D2 R2 U2 B2 L2 B2 L' U2 D2 F2;2026-01-27 02:11:07;9.11
9311;9.92;;B2 D2 B U2 B' R2 B2 D2 R2 D2 F2 D F' U' L2 R' D B L' B R;2026-01-27 02:11:28;9.92
9312;14.37;;U2 F R2 U' L D L B U L R2 B2 R2 D B2 U' D B2 R2 U2 L2;2026-01-27 02:11:45;14.37
9313;8.57;;U2 D' R' B U L' B R L2 B' D2 F' U2 D2 R2 F2 R2 B R2 F' D;2026-01-27 02:12:17;8.57
9314;10.28;;L D2 F' R2 U' R L' B2 D F' U' D' F2 L2 F2 D' L2 U' B2 R2;2026-01-27 02:12:35;10.28
9315;9.25;;D2 B2 R2 D2 L2 B' D2 B' R2 D2 R2 U2 D' L B D' F2 R' D U2;2026-01-27 02:12:54;9.25
9316;11.36;;L2 D' L2 D' L2 B2 U R2 B2 F2 U2 L' F' R D B' R F2 D2;2026-01-27 02:13:12;11.36
9317;10.98;;D2 L2 F2 L2 B2 U R2 D F2 D' L2 B R F' D B' R B2 L D2 U;2026-01-27 02:14:07;10.98
9318;7.86;;B2 U L2 U2 F L' U' R B' U2 B D2 L2 F' B2 D2 L2 B' R2 D;2026-01-27 02:14:31;7.86
9319;10.90;;U2 L' D2 B2 U2 F L2 D2 R2 F U2 B' D2 U' F' L2 D F2 R2 B';2026-01-27 02:14:51;10.9
9320;8.94;;B D2 R2 B U2 R2 U2 R2 F R2 B2 R2 L' D' F L' R2 D2 R' D B2;2026-01-27 02:15:15;8.94
9321;8.38;;L2 R2 F2 L2 U2 B D2 F' D2 F2 D2 F' D' F' L2 R' U L R U B;2026-01-27 02:16:46;8.38
9322;9.46;;U F2 R2 D' F2 D2 U' L2 F2 D' B' L2 D L' D' L' R F2 U' B';2026-01-27 02:17:04;9.46
9323;10.43;;F D' L' U2 F2 D2 U2 L' B2 F2 L' F' D' U2 F' U2 F2 R';2026-01-27 02:17:22;10.43
9324;9.28;;U' B L' U2 L2 F2 D' B2 L2 D' R2 B2 D' R2 L' D F' L U' B D2;2026-01-27 02:18:28;9.28
9325;8.66;;L' D R2 U2 F' U2 B' D2 B' L2 U2 F' D2 L U2 B D' B2 D L;2026-01-27 02:18:56;8.66
9326;8.07;;R F' R2 B U2 L' B2 U' R U F2 B2 D B2 D2 R2 D2 R2 U F2 L2;2026-01-27 13:46:20;8.07
9327;9.40;;D R L U D2 L' U B L2 D B2 D F2 L2 U' F2 U R2 U B' D';2026-01-27 13:47:00;9.4
9328;12.12;;L2 R2 B' U2 R2 F D2 L2 B' F2 L2 R2 D' L' D' B L R B R2;2026-01-27 13:47:25;12.12
9329;9.66;;F2 L' D' B U2 F2 U2 L' U R2 B2 U2 R2 D2 B' R2 F D2 B2 R2 L2;2026-01-27 13:47:51;9.66
9330;10.52;;F R' L D' R B' U F B' D2 B2 R' B2 R L D2 F2 D2 L';2026-01-27 13:48:16;10.52
9331;9.17;;U2 B2 L R2 U B2 D2 U B2 L2 D' B2 L2 F L2 R2 D' R' B' L2;2026-01-27 13:51:55;9.17
9332;9.18;;L2 D2 B2 F2 R F2 L D2 L F2 R2 U F2 R F' D B F2 D' L R';2026-01-27 13:52:22;9.18
9333;8.80;;R' F' U' F' B D R D F R2 U R2 U' D2 L2 U F2 R2 F2 R2 D';2026-01-27 13:52:47;8.8
9334;9.74;;D R2 F D2 B2 L2 F' R2 U2 F2 U2 F2 U2 L' B2 F2 D' B' R B D;2026-01-27 13:53:08;9.74
9335;9.92;;R2 F' U B' U' F2 B' D2 F2 B2 R F2 U2 F2 D2 L' U2 F2 D';2026-01-27 13:53:30;9.92
9336;8.51;;D L2 R2 B2 D L2 R2 B2 D F2 D L2 F R' B R' D' U2 R D';2026-01-27 13:54:10;8.51
9337;8.87;;B' U2 B' R2 D2 R2 F D2 F R2 D' F' L' D2 U R' D' U' R;2026-01-27 13:54:32;8.87
9338;8.96;;R' D' F L F2 D2 B F2 U' R2 D F2 L2 U' R2 D L2 U B2 L';2026-01-27 13:54:50;8.96
9339;8.94;;R' D2 F2 U2 L B2 D2 L R U2 F2 B U' L B2 L2 F D F2 L';2026-01-27 13:55:11;8.94
9340;9.19;;R U2 F2 U2 F L2 B2 L2 U2 B L2 B D' L2 F2 U2 B' D' R B';2026-01-27 13:56:30;9.19
9341;10.40;;D' L2 F2 R2 D2 B' L2 F L2 D2 B R2 L F' R' F D F' L F';2026-01-27 13:56:59;10.4
9342;9.94;;U2 B2 L2 F B U' B L' U' B2 L2 D2 B2 U' L2 U2 B;2026-01-27 13:57:20;9.94
9343;11.27;;F' U R' B2 U2 L2 D' R2 B2 D U2 L2 R2 B' R' D2 R F2 R' B;2026-01-27 13:57:47;11.27
9344;7.30;;B2 L' U2 F R' D' L' B R2 D R2 U' B2 D F2 D L2 D' L';2026-01-27 13:58:10;7.3
9345;10.61;;U' R F2 U' B R2 F' L U2 F2 U' B2 U R2 F2 D B2 U L2 D2;2026-01-27 13:58:31;10.61
9346;11.05;;L2 D2 R2 U L2 U' L2 F2 D' L2 F2 L2 B' L2 U' L R B F' U' R';2026-01-27 13:58:59;11.05
9347;8.31;;U' L2 U' R2 B2 F2 U B2 F2 U2 B U B' U' L' B2 D' L' F R;2026-01-27 13:59:22;8.31
9348;8.14;;L' F B2 L2 B2 L F2 R2 U2 B2 R2 U2 R' B L2 U' L B R' F;2026-01-27 13:59:43;8.14
9349;8.44;;U R2 D L2 D2 L2 F2 U L2 U B U' F D' L F' R2 U2 B R;2026-01-27 14:00:03;8.44
9350;9.21;;U' R L2 F' R2 U2 B U2 F D2 L2 F' R B F2 L' U' R2 D2 L2;2026-01-27 14:00:35;9.21
9351;8.61;;D2 R2 F' B2 D F2 D' L U R2 L2 D F2 B2 R2 F2 U' R2 D B2;2026-01-27 14:16:12;8.61
9352;8.52;;U B' U D2 B2 L' U L R2 F2 U F2 D R2 B2 D B2 L2 D;2026-01-27 14:16:31;8.52
9353;8.54;;L' R2 F2 U R2 D L2 U2 L2 F2 D' L2 F D L2 D R B F U2 R';2026-01-27 14:16:51;8.54
9354;10.32;;D' U2 L2 U R2 F2 D2 U B2 F' R F' L' D F' L2 R2 B D';2026-01-27 14:17:11;10.32
9355;9.06;;F' B2 U2 B2 L B' L2 D' R' U2 L2 U B2 D L2 D' R2 F2 U2 L2 R;2026-01-27 14:17:31;9.06
9356;10.42;;L2 D' R B' L' B2 D' R F2 R2 B2 U' R2 U2 D R2 U2 L2 U' L';2026-01-27 14:17:59;10.42
9357;10.67;;D B2 R' F B U' F2 B2 U' F' U2 D2 L2 F B2 D2 F' R2 B2 D2;2026-01-27 14:18:21;10.67
9358;8.25;;U2 R' D U F2 D' L2 R2 B2 U B2 D' F2 R F L U F D U2;2026-01-27 14:19:25;8.25
9359;9.84;;B2 L2 F' U2 F L2 D2 B U2 R2 U2 F U' F' L2 U2 F' L R' F U;2026-01-27 14:19:46;9.84
9360;11.20;;U2 R2 B2 F2 U' L2 D' R2 U' R2 L' U' L2 F2 L' D2 B R U;2026-01-27 14:20:07;11.2
9361;9.48;;L' B D2 B R2 B R2 F' D2 R2 B' D2 B U' L D' B2 U' R B' L;2026-01-27 14:23:26;9.48
9362;11.15;;B2 U' F2 D2 L2 U' F2 U' F2 R2 F2 L' R' F U B' R2 D' R D2;2026-01-27 14:23:55;11.15
9363;10.87;;R2 U2 F' L2 D2 B R2 U2 B2 F2 L' R D' R B R F' L2 D;2026-01-27 14:24:28;10.87
9364;8.16;;D B D' F' R2 B' L F' R2 D2 F2 B2 L2 B2 D F2 U B2 U;2026-01-27 14:25:33;8.16
9365;8.64;;F2 R2 L B U' F2 U' R2 F' L' B2 R U2 R2 B2;2026-01-27 14:25:52;8.64
9366;11.80;;R' L F2 L' D2 F' L D' F' U R2 U' F2 U' L2 U B2 R2 D;2026-01-27 14:26:12;11.8
9367;13.16;;D2 B2 L2 U' L2 D' U' L2 B2 L2 F' D L2 U B' L' R' B D U';2026-01-27 14:26:34;13.16
9368;10.04;;R' F2 R2 U2 R B' U' F' D F2 R2 L2 U2 D' L2 B2 R2 B2 D2 L D';2026-01-27 14:27:04;10.04
9369;11.89;;L2 B2 R2 D L2 U R2 U2 B2 U' R2 U2 L' U' F L' U B2 D2 R2 U2;2026-01-27 14:27:25;11.89
9370;10.59;;B' F2 D R2 U L2 U' B2 F2 U' R2 D2 L' U2 F L F2 L U F D;2026-01-27 14:27:49;10.59
9371;11.45;;D U2 B' U2 B2 F' U2 B' L2 B L2 D' R' D' U B D L' B2 D U;2026-01-27 14:28:56;11.45
9372;7.65;;F D2 U2 L2 F D2 B2 R2 B U2 R U2 L U2 L' B D U2;2026-01-27 14:29:25;7.65
9373;8.91;;U R D2 B' R2 D' R2 U2 L' R2 D' R2 F2 B2 U F2 L2 U2 L2 D2;2026-01-27 14:29:45;8.91
9374;8.10;;D B2 L2 F2 D2 R2 D2 R2 U' B2 D R' U2 L' F' L2 F U' F L';2026-01-27 14:30:05;8.1
9375;9.65;;U2 F' R2 B R2 U2 B2 D2 B' U2 B' U2 D' R F2 U' B' D' B2 L2 R';2026-01-27 14:30:29;9.65
9376;8.73;;L2 F2 U2 L' D2 R2 D2 B2 U2 R' U B' R2 B F L R2 B' R';2026-01-27 20:31:02;8.73
9377;9.82;;R2 F2 U R2 B2 U' F2 U L2 D' F2 U2 F R U L2 B' R2 D L D';2026-01-27 20:31:22;9.82
9378;10.02;;R F' R2 B D2 B' L2 B2 D2 F' D2 F2 R2 U' L' F R' D' B L' D';2026-01-27 20:31:55;10.02
9379;9.73;;B' U2 B' U D F' U2 R' D' R2 U2 R' B2 L2 U2 R' F2 D2 B2 U2;2026-01-27 20:32:15;9.73
9380;10.21;;F2 D2 U2 F2 L' D2 R2 B2 L' F2 L D' L R2 U' F U' L2 R2 B;2026-01-27 20:32:35;10.21
9381;8.63;;U' R2 B2 D' F2 U' L2 U' F2 U2 B2 F D2 U' L2 D' F' L R2 F R;2026-01-27 20:32:59;8.63
9382;11.54;;B L2 U2 R2 F' U2 B L2 F2 R2 F R D' B' R D F2 D' L2 B2;2026-01-27 20:33:18;11.54
9383;9.24;;B2 R2 U' L2 U' L2 D B2 U2 B2 L2 D2 F' R F2 L U B D F2 U';2026-01-27 20:33:39;9.24
9384;8.68;;L' F' R U2 R' B2 U2 L2 U2 L' D2 B2 R F2 D L2 B' R B' F' L;2026-01-27 20:34:02;8.68
9385;8.30;;L2 D R2 D2 F2 U' B' U B2 R U2 R D2 B2 U2 L D2 R L F2;2026-01-27 20:34:44;8.3
9386;9.92;;F2 R F2 L2 F2 D2 R' F2 U2 L' F2 U L' D' F R' B' U2 L D R2;2026-01-27 20:35:06;9.92
9387;11.29;;F2 D' L2 R2 D R2 D' L2 R2 F2 U L U2 R' B2 L' B F' L' D U';2026-01-27 20:35:30;11.29
9388;10.67;;U' F L' U D L' U' F' L R2 D' R2 U' R2 F2 B2 R2 D B2 L2 U2;2026-01-27 20:35:51;10.67
9389;9.79;;U L2 U2 R' F2 L2 U2 R' U2 R B2 L' D2 F R2 U' L B' L2 B' D;2026-01-27 20:36:24;9.79
9390;8.44;;R2 U2 B' R2 B D2 L2 B2 L2 B2 D2 R2 U' L' R' F2 U' R B2 R';2026-01-27 20:36:45;8.44
9391;9.01;;L2 U R2 F2 L2 F2 D L2 B2 F2 U' R2 L B' L' B' D2 L2 U' L' U;2026-01-27 20:37:08;9.01
9392;9.83;;U' L F2 D R2 F' R B' R U2 D2 R B2 D2 R L D2 R' U2 B2;2026-01-27 20:37:30;9.83
9393;8.76;;L' D2 L' B2 L R2 F2 D2 R2 D2 F2 U' L2 F' L' R B2 L B' L2;2026-01-27 20:37:53;8.76
9394;9.85;;F D' B2 R2 U' F2 U B2 D' B2 R2 B2 U' B' L2 F D F2 R D';2026-01-27 20:38:12;9.85
9395;9.54;;R D2 F R L' D2 B R2 U L2 U2 D R2 F2 U' B2 D L2 U' B;2026-01-27 20:38:34;9.54
9396;9.78;;U R' D2 F2 D' L2 U' F2 L2 F2 R2 U' F2 D' B' F' U' R2 U2 B2 L';2026-01-27 20:38:55;9.78
9397;9.32;;F' R' B' R B' U D2 L' D2 B U2 D2 L2 D2 F' B2 L2 B2 L2 U;2026-01-27 20:39:17;9.32
9398;7.39;;L' D2 L' B' D F U R U B2 L2 D R2 L2 U' F2 R2 U' D2 R2 L';2026-01-27 20:39:38;7.39
9399;12.66;;B2 L' B2 F2 L D2 F2 L2 U2 R B2 U2 F' U2 L U' R2 B' R' U B2;2026-01-27 20:39:56;12.66
9400;9.94;;L B2 R F2 L' D L' B R2 L2 D B2 D' L2 U D L;2026-01-27 20:41:10;9.94
9401;8.48;;L' B' L2 R2 U2 L2 D B2 L2 U L2 F2 U2 F2 R F L' D L D L';2026-01-27 20:47:38;8.48
9402;9.16;;U' F' L' B2 L2 R2 U L2 U' F2 L2 D B L B F2 D R' B2;2026-01-27 20:47:58;9.16
9403;9.94;;L2 B F2 D2 R' B2 U2 L D2 L2 U2 R2 F2 U2 D' L F U' L2 B U2;2026-01-27 20:48:18;9.94
9404;8.52;;B2 F' L2 D2 F' D2 L2 F' U2 F' D2 F' L' U' B2 D' F U2 R2 D;2026-01-27 20:48:42;8.52
9405;9.49;;U B R L2 F2 U' L2 B' D L2 B2 D2 F' U2 B' R2 L2 F D2 F';2026-01-27 20:49:02;9.49
9406;7.86;;D F D2 R2 B2 D R2 D L2 D2 R2 B2 U' F R' F' L B D2 B U';2026-01-27 20:49:23;7.86
9407;11.40;;F' R B2 U' L2 D' R2 D L2 U2 L2 R2 U L2 F' L' R' U' B' R U2;2026-01-27 20:49:43;11.4
9408;9.29;;U' L F2 R' U2 F2 D2 L2 D2 L' U2 F2 U' F2 U B' R B F' R2;2026-01-27 20:50:04;9.29
9409;10.60;;B U2 B' L B2 D' R2 D' B2 U F2 D L2 F' R U B' D R F;2026-01-27 20:50:24;10.6
9410;12.47;;R B2 D2 B2 R' D2 L F2 D2 B2 U2 L2 B' U R' B L' R' B' R2 D';2026-01-27 20:50:47;12.47
9411;8.76;;D R F L F B2 U2 D' B U2 L2 F2 R' B2 L' U2 L' D2 L B2;2026-01-27 20:54:56;8.76
9412;9.45;;B' F2 R2 D R2 F2 U2 B2 F2 L2 R2 D B' U B F L2 D2 R' D2;2026-01-27 20:55:15;9.45
9413;10.66;;L B R2 B L2 B' R2 F2 U2 F L2 R' F U F2 U2 L D R';2026-01-27 20:56:18;10.66
9414;10.04;;L D2 R2 U' B2 D2 L2 U L2 U2 B2 F' D R2 U B2 U2 R' F2 R2;2026-01-27 20:56:40;10.04
9415;9.68;;R2 U R' F2 D' B2 R2 B2 D2 L2 U B2 R2 F L2 R2 B' R B F;2026-01-27 20:57:10;9.68
9416;9.99;;D B' D2 F' U2 B' D2 L2 U2 B' R2 B U2 L D' B2 U L B F' U2;2026-01-29 01:39:58;9.99
9417;8.99;;D R2 D2 R2 F2 L2 B2 U' F2 U' L D' L D2 L R2 F L R';2026-01-29 01:40:24;8.99
9418;9.69;;D F' B2 L U2 R' L2 F D L' U2 F2 R2 D2 F2 L D2 L D2;2026-01-29 01:40:50;9.69
9419;8.83;;F L2 R2 F R2 U2 L2 R2 B' F' L U R' B L U' B L' F;2026-01-29 01:41:11;8.83
9420;12.20;;R2 D2 B2 R2 F2 U B2 U' B2 R2 U' R B' L F' U L2 F' D F;2026-01-29 01:41:32;12.2
9421;9.74;;B' U B' D F2 L' F' R2 U' B2 L2 U F2 U' L2 U' D' L' B2;2026-01-29 01:41:55;9.74
9422;11.71;;U' R2 U2 L2 F2 D2 U' F2 U2 L R U' F D' R2 U F U2 F2 U;2026-01-29 01:42:40;11.71
9423;8.17;;F' L2 U R' U2 R2 L F D' F' R2 F' R2 F L2 B' R2 D2 F L2 U';2026-01-29 01:43:07;8.17
9424;12.55;;D L2 B U2 F2 B' R' D' B R' U2 D2 R U2 R U2 L' F2 R2 F2 U2;2026-01-29 01:43:25;12.55
9425;8.35;;B' R2 F' R2 F' L2 D2 U2 F U2 R2 F2 R F' D2 R2 D' R' U R2 F;2026-01-29 01:43:46;8.35
9426;7.66;;B' L2 D L2 D' L2 U2 B2 U L2 U' B2 F2 R' B' L R B R2 U;2026-01-29 01:45:13;7.66
9427;12.80;;D2 L2 F2 D L2 F2 U R2 F2 L2 F2 D R B D2 L' R' F R' B2;2026-01-29 01:45:48;12.8
9428;9.39;;B L F2 D2 L2 B' U2 B R2 D2 B' R2 F' D' R B2 F U R' F2;2026-01-29 01:46:12;9.39
9429;10.28;;F U2 B2 L2 D' R2 D U L2 F2 L2 U2 F L F2 U R B' U L' F2;2026-01-29 01:46:35;10.28
9430;10.20;;F L2 R2 B2 D R2 D F2 D' B2 D2 F' D' R' U' L2 F U2 L;2026-01-29 01:46:58;10.2
9431;9.53;;R2 U2 F R2 D' F2 B' R B' D' F2 R2 U' B2 U F2 B2 U F2 R2 F2;2026-01-29 01:47:27;9.53
9432;8.44;;B' L' U' F2 L2 B2 D L2 U R2 F2 U B' D2 F2 L' U2 L2 U' F;2026-01-29 01:47:47;8.44
9433;9.11;;R B L' D' R U L' F2 D2 R2 B2 D' B2 D' L2 F2 L2 U' B' U2 F;2026-01-29 01:48:08;9.11
9434;9.28;;U B' D' B L' U F' U B R U2 R2 F2 U R2 L2 D2 R2 U R2 B2;2026-01-29 01:48:26;9.28
9435;9.94;;L D' R2 U L2 B2 L2 F2 R2 D' R2 U' R D' B F U' B' D2 B';2026-01-29 01:48:53;9.94
9436;9.82;;B D' U' L2 B2 D U2 F2 U' L2 R2 U' F L B2 R2 D2 F U R2;2026-01-29 01:49:12;9.82
9437;10.96;;L U B L2 B D2 B' U2 L2 F D2 F R2 F D' R D F2 L2 R D2;2026-01-29 01:49:31;10.96
9438;8.52;;F L2 F U2 L2 D2 F R2 B2 R2 U2 L' U F L' B' U' B F L' D';2026-01-29 01:49:50;8.52
9439;11.07;;F2 L2 D2 L' B2 R B2 U2 R B2 L' D' F R2 B U R2 U2 R';2026-01-29 01:50:05;11.07
9440;11.98;;B2 F2 U' B2 D B2 D R2 U' R2 U' L' U2 L2 F2 U2 B' D B R2;2026-01-29 01:50:28;11.98
9441;8.63;;U2 F2 L2 B2 R2 F2 U2 L2 U' L2 D' B R' D2 F2 L2 B' D U2 B2 D;2026-01-29 01:55:03;8.63
9442;9.79;;U B F2 L' B2 L B2 F2 D2 B2 L2 F2 U F D2 B R2 U2 R2;2026-01-29 01:55:24;9.79
9443;9.54;;B2 R F2 R2 F2 D2 L2 F2 D2 R2 F' D' B D' F' U B' F2 U2;2026-01-29 01:56:00;9.54
9444;8.78;;U L2 R2 D' L2 D B2 R2 U R2 D2 F' R D L' F' U R2 B2 U' R2;2026-01-29 01:56:17;8.78
9445;10.14;;L2 B' U2 F2 D B2 F2 D2 R2 D' R2 B2 U' F2 R U F2 D2 F';2026-01-29 01:57:16;10.14
9446;9.41;;B2 D B2 D2 R2 F2 L2 U2 R2 D U2 B U' B R' D2 R' D F' D';2026-01-29 01:57:55;9.41
9447;9.24;;U2 F2 U2 B2 D L F' U F2 U B2 U2 D F2 U2 R2 B2 L2 D' F R;2026-01-29 01:58:15;9.24
9448;15.73;;U F' B2 D B2 U2 L2 F' L B2 R' F2 B2 D2 R F2 D2 F2 D2;2026-01-29 01:58:38;15.73
9449;9.69;;D2 L2 B D2 L2 D2 B' F' L2 B' U' B D' B D L2 R D2 U;2026-01-29 01:59:06;9.69
9450;8.92;;D' U2 F2 D2 B2 R2 D2 U' L' B2 R D' B2 F' U L2 D' U2;2026-01-29 02:00:47;8.92
9451;7.96;;L2 D B' D F2 U' F2 L' R2 D' R2 D' R2 U F2 R2 L2 D' R2 D' F';2026-01-29 02:01:09;7.96
9452;8.75;;B' L' F' U2 B2 R D R2 B' U2 L2 U' D L2 F2 U' F2 R2 U L2 F2;2026-01-29 02:01:41;8.75
9453;10.31;;F2 L2 F U L2 U F U R' F2 L U2 R B2 R2 F2 B2 L' B;2026-01-29 02:02:26;10.31
9454;9.36;;U' B' R2 B U2 B R2 B2 D2 L2 B R2 U2 L B L' U' R' F2 D R';2026-01-29 02:02:57;9.36
9455;9.77;;R U' B2 R' U2 B' R U R D2 B2 R' U2 R' U2 F2 R2 F2 L2;2026-01-29 02:03:14;9.77
9456;7.93;;U2 F U' R' F' L' D2 L F' R2 D2 B D2 F L2 B2 D2 R2 B D';2026-01-29 02:03:36;7.93
9457;10.61;;D2 F' R L U D' F D' R2 B2 D2 R2 L2 D' L2 D R2 U B2 L U';2026-01-29 02:03:55;10.61
9458;11.31;;R2 F2 R2 F2 U2 B2 F' L2 R2 F' L' R B L2 D L' U' B2 F;2026-01-29 02:04:15;11.31
9459;9.53;;B2 L2 U' L2 D' F2 L2 U' B2 R2 D F' U' L R' D2 U B2 U' F R';2026-01-29 02:04:34;9.53
9460;8.86;;L2 D L U B' R' F' U2 B2 R2 U2 R U2 F2 R2 B2 L F2 L B D';2026-01-29 02:04:55;8.86
9461;9.03;;F2 L2 F B D' L U F R D2 L2 F2 U2 D2 R2 F' R2 F U2 L2 U2;2026-01-29 02:05:13;9.03
9462;9.92;;L D' F2 D R2 B2 L2 R2 D R2 F2 D' L' D' R F' D L' B2;2026-01-29 02:05:57;9.92
9463;10.25;;D U2 L2 F2 D2 L2 F2 U2 R2 U2 R' U B2 L' U2 B2 L F L' R2;2026-01-29 02:06:16;10.25
9464;10.59;;U' F' R D' B D' F R U2 R F2 L U2 L D2 R' U2 F2 L' U L;2026-01-29 02:06:36;10.59
9465;11.54;;D' R L2 B D B U R2 U2 B L2 D2 L2 F' L2 F' D2 B L2 R F';2026-01-29 02:07:04;11.54
9466;7.67;;U F2 U2 L2 U' L2 U' R2 D L2 R F' L2 D L2 R U B L' U';2026-02-02 15:44:59;7.67
9467;10.75;;B' U' R' L2 D B' U L B2 D2 F D2 F D2 F B2 L2 F' D2 L2 R;2026-02-02 15:45:34;10.75
9468;8.97;;L' U' F2 L' F' B R D' R' D' B2 R2 L2 D F2 U' L2 U' F2 U' L2;2026-02-02 15:45:57;8.97
9469;10.70;;L B2 D2 L' B2 L' F2 U2 B2 R2 F2 L B' L R D R2 U' B' R U';2026-02-02 15:48:09;10.7
9470;11.77;;B L2 F2 U' L U2 D F2 B' R2 B2 R2 D2 F' R2 D' F2;2026-02-02 15:49:16;11.77
9471;8.38;;L D' B R2 F D2 L F2 U B2 R2 F2 D2 L2 U2 D' R2 B2 R;2026-02-02 22:57:17;8.38
9472;8.25;;R2 U' D2 F' U2 B2 U2 L2 R2 F D2 B' L U R' D L B F D';2026-02-02 22:57:34;8.25
9473;9.18;;U2 B' F D2 U2 F L2 U2 R2 U2 D' B U2 L2 F D L U2 B';2026-02-02 22:57:51;9.18
9474;12.45;;L' B R' D2 L2 B2 D B2 D2 U F2 U B2 L2 R' B2 L2 B U' L B;2026-02-02 22:58:11;12.45
9475;8.00;;F2 R2 B2 L' B2 U2 R' B2 F2 U2 B2 L2 F R2 B U' B D L B' D2;2026-02-02 22:58:38;8.0
9476;11.68;;L B2 D2 B' U2 B R2 U2 F D2 F U' L' B2 L2 B2 U2 F' R2 D';2026-02-02 22:59:08;11.68
9477;8.82;;B R D2 L U2 B R' B' U' L2 D2 R2 D2 F' B' R2 B' U2 D2 R2 L2;2026-02-02 22:59:47;8.82
9478;8.35;;B' U2 R' D L B' R B' U L2 U' L2 D F2 U R2 U2 R2 U L2 F;2026-02-02 23:00:05;8.35
9479;13.94;;R' B2 R L2 U' L2 U L2 F2 D L2 R2 B2 D2 F' R' D B' L' F D2;2026-02-02 23:00:23;13.94
9480;7.23;;B2 L' F D B2 L2 B2 R2 U' R2 F2 D F2 R' U L B D L D2;2026-02-02 23:00:46;7.23
9481;9.70;;R' U2 B2 L U2 L F2 L2 B2 R D2 B' L' B2 D U' R D' R U2;2026-02-02 23:01:02;9.7
9482;12.45;;F2 R D B L2 U' R' D2 B U2 L' U2 L2 B2 R' L2 U2 B2 L' B2;2026-02-02 23:01:21;12.45
9483;10.82;;L B R2 D F2 D R2 F2 U' R2 D B2 R2 F' U' L' F L2 R F;2026-02-02 23:01:43;10.82
9484;9.23;;L B R F2 D2 L' D2 B2 L' B2 R D2 R D2 B' L2 U B D F2 R';2026-02-02 23:02:15;9.23
9485;7.98;;L B2 D2 L' F2 D2 R2 F2 R B2 F' R' B' L' D' L' U L2 U L;2026-02-02 23:02:35;7.98
9486;10.15;;U2 L' B R L B' L' U2 D2 F D2 B' D2 F L2 U2 F D2 B' U B';2026-02-02 23:03:41;10.15
9487;8.46;;B R' D' L2 U B2 U B2 F2 U' F2 D2 B L2 D' L R' F D' U;2026-02-02 23:04:18;8.46
9488;10.81;;D' U' L2 B2 D' L2 D' L2 B2 R2 F D' B2 L R' B2 F U' F';2026-02-02 23:04:34;10.81
9489;10.86;;F2 L2 U2 F U2 B F2 U2 L2 R2 F2 R' D2 F' U' L2 F2 L2 U' R U;2026-02-02 23:05:58;10.86
9490;10.24;;F R D' R2 F L D2 F' R2 B2 D' F2 U L2 B2 D2 B2 D F2 D L';2026-02-02 23:06:23;10.24
9491;11.30;;D2 R U D R' U2 L' B D' F U2 F2 D2 B' R2 F U2 B R2 D2 B';2026-02-02 23:07:20;11.3
9492;9.82;;B D2 L2 U' R2 U2 F2 L2 F2 U L2 D U F' L' D F2 U R2 F2 L2;2026-02-02 23:08:18;9.82
9493;9.48;;U F2 D R2 U L2 B2 L2 U' F2 L2 B R' F2 U F' D R B2 F' R2;2026-02-02 23:08:37;9.48
9494;8.27;;R' D2 U B U2 L2 F' L2 U2 F' D2 B' R' D2 F' L' R D L' B';2026-02-02 23:09:05;8.27
9495;8.39;;U' R2 B R2 F D2 F' U2 R2 B2 L2 B2 D B2 L' R U B2 R' B;2026-02-02 23:09:23;8.39
9496;6.11;;F R U2 B D2 B2 R2 B' L2 R2 B2 R2 B' R B' F' D' L2 F L;2026-02-02 23:11:34;6.11
9497;9.97;;R2 D2 B U' F2 L2 U' F2 L2 D F2 U2 R2 B2 R' B L' U B U' F2;2026-02-02 23:11:55;9.97
9498;9.89;;L2 F2 U2 L2 R2 U R2 U B2 D L2 B' L F2 L' R' F U2 R U L;2026-02-02 23:12:28;9.89
9499;10.10;;R' D2 U2 L' B2 U2 R' F2 R B2 L F' R' B U' L' R2 D2 R;2026-02-02 23:12:56;10.1
9500;7.79;;L2 B2 L' D2 B2 U2 L' D2 R2 B2 F' U' L2 D' B2 D2 U' B2 D';2026-02-02 23:13:19;7.79
9501;8.55;;U2 R2 D2 R2 B L2 R2 F U2 F2 L' D L B R F' U B2 R;2026-02-02 23:15:29;8.55
9502;8.88;;B2 L2 B' U F' R' D B' U2 F2 D F2 D R2 U2 R2 D B2 U';2026-02-02 23:15:48;8.88
9503;11.03;;L U' D2 L U2 B2 L2 F2 R D2 B2 L B2 R2 B' D' L' F' D2 B' U;2026-02-02 23:16:06;11.03
9504;8.97;;B2 R2 B U2 F U2 L2 F L2 F' L2 U2 R' B' U' F' D R B' U2 F;2026-02-02 23:16:31;8.97
9505;9.82;;R2 D2 R D2 B2 D2 L2 F2 L' U2 F2 R2 U' L D2 B L R U' B' D2;2026-02-02 23:16:51;9.82
9506;8.82;;U' R2 D2 F' U2 L2 F R2 F' D2 F D2 F U' L B L2 R' B2 D B;2026-02-02 23:17:45;8.82
9507;10.94;;D' R2 U' B2 F2 R2 B2 D' R2 D2 F U2 L' B R D U R D2 U2;2026-02-02 23:18:28;10.94
9508;9.61;;B2 U L2 R2 D L2 B2 L2 U B2 U' B' R' D2 B L2 D L' R B F';2026-02-02 23:18:54;9.61
9509;9.61;;B2 U F2 D2 L2 B2 R2 B2 D R2 U' L' B D' U F' L B' L' U;2026-02-02 23:19:19;9.61
9510;10.84;;D2 L2 B2 U2 L B2 U2 L2 B2 D2 R F U R B' R2 D B' F' R2;2026-02-02 23:19:43;10.84
9511;8.71;;L D F2 D R' L2 F' U L' D2 B2 D2 R2 U2 R' F2 U2 D2 F';2026-02-02 23:21:38;8.71
9512;8.98;;R2 F2 D' B2 D F2 L2 F2 R2 D U L' F' D2 F' L' R B2 F' U' R;2026-02-02 23:22:01;8.98
9513;7.33;;B F2 D' L2 U2 B2 R2 D2 F2 R2 D' F2 B U' F2 U2 F2 L' D' U;2026-02-02 23:22:24;7.33
9514;9.27;;D2 R F2 D F' L2 U' D2 B2 D2 L2 F L2 D2 B' U2 F D2 R2 L';2026-02-02 23:22:42;9.27
9515;9.39;;B' F2 D' F2 U2 L2 R2 F2 R2 U B2 U' F R' F U' R' B2 U B';2026-02-02 23:23:00;9.39
9516;12.03;;D R2 D2 L2 R2 D' B2 D U' R D' R2 F U' L' D B D2 U2;2026-02-02 23:23:17;12.03
9517;11.00;;U2 B2 R2 U2 F2 R D2 L F2 U2 R U F2 D' B' D' U B2 R' F2;2026-02-02 23:23:47;11.0
9518;9.56;;U' B2 D' R2 U' R2 U L2 D F2 L2 F2 L' F D B' L R2 U R D';2026-02-02 23:24:24;9.56
9519;8.58;;U2 R' U2 R' U2 F2 L F2 R B2 F2 R' F U F R B R2 U' B L2;2026-02-02 23:24:42;8.58
9520;8.33;;F' U' F' U' B' R' L F U' L' D2 L U2 R B2 L B2 L2 B2 L2;2026-02-02 23:25:01;8.33
9521;10.29;;D2 F2 U2 B' L2 B D2 B' L2 U2 F2 L B2 L D' B' U2 B2 R U';2026-02-02 23:25:18;10.29
9522;9.46;;U L2 D R2 U' F2 U' L2 U' L2 R2 U R D L2 U2 F' D' L' B F';2026-02-02 23:25:55;9.46
9523;10.75;;F2 D2 U2 R D2 R' D2 R' D2 F' U2 B2 U F U' R2 B';2026-02-02 23:27:06;10.75
9524;9.85;;U2 B2 L2 U F2 U2 R2 F2 U' B2 L F2 D' B F2 R2 D U B;2026-02-02 23:28:18;9.85
9525;9.38;;L2 U L2 D U2 B2 U B2 R B D' B2 F' R2 D U' F' L F;2026-02-02 23:30:55;9.38
9526;9.91;;B L' B2 U' D' B' L' U D B2 U' R2 U L2 D2 F2 L2 D L';2026-02-02 23:33:02;9.91
9527;10.69;;F' R2 D' R' U2 L2 D B L U D2 F L2 B2 U2 F' L2 F R2 L2 B';2026-02-02 23:33:21;10.69
9528;9.42;;F2 U' F2 L2 R2 U F2 D L2 D L' R U' L D U' F' R2 U2;2026-02-02 23:33:50;9.42
9529;12.37;;U R' L2 U F2 L2 U F2 D' L2 B2 U B2 F R' F' D' B D2 U F';2026-02-02 23:34:32;12.37
9530;10.72;;R2 L2 U2 R' F L2 U' R2 D L' U2 F2 U2 B2 U2 B' U2 F' R2 L2 U2;2026-02-02 23:35:14;10.72
9531;13.73;;R' F' L' B2 U2 R' U2 L2 U2 R' B2 D2 L U2 D L2 U2 B' R2 F' R;2026-02-02 23:35:34;13.73
9532;10.40;;U' R2 D U2 B2 R2 F2 L2 U B2 U2 R D' F L U2 F2 L' D B D;2026-02-02 23:36:36;10.4
9533;11.04;;R U2 F2 D' L2 R2 U2 B2 D' L2 D R2 B2 F U2 R2 D R U' B' F;2026-02-02 23:36:56;11.04
9534;9.80;;B' U2 R2 U' B' D' B U R U2 D2 R2 B2 D2 R U2 L' F2 B;2026-02-02 23:37:43;9.8
9535;8.09;;B2 F2 L' F2 R' U2 F2 L' U2 R B2 R F' R B' U' L F D' R2 F2;2026-02-02 23:38:29;8.09
9536;8.35;;L2 F2 D2 F2 R U2 L F2 L2 F2 R' F D' B R D F2 U' L' U;2026-02-02 23:38:57;8.35
9537;11.21;;B2 D L' F' R' U' L' B L2 U2 F2 D F2 D' B2 U2 F2 L2 D' F';2026-02-02 23:39:13;11.21
9538;9.94;;D2 U2 L' D2 R F2 L' D2 L R2 D2 B L' U2 L D2 U' F2 L D2;2026-02-02 23:39:34;9.94
9539;9.67;;B2 L' F R D' F2 U D2 L U2 L B2 U2 D2 L' D2 L' U B;2026-02-02 23:39:52;9.67
9540;10.23;;F D L2 D L B U B F2 U2 D' R2 U L2 U B2 D L2 F2 U' F;2026-02-02 23:40:11;10.23
9541;8.55;;B L2 D' F' B2 R F D R' B2 R U2 D2 B2 R B2 R2 L B2 U';2026-02-03 15:44:25;8.55
9542;9.49;;R2 U L2 B2 U2 F2 U L2 U' F2 R' B' D L' F U2 F L' R;2026-02-03 15:44:58;9.49
9543;10.19;;F' R2 B2 L2 U' B2 L2 R2 D' F2 L' B' L2 D B2 R F L2;2026-02-03 15:45:24;10.19
9544;9.89;;L' U R' B2 R' F2 R B2 R' D2 B2 L D2 U' B2 F' L' B L2 D;2026-02-03 15:45:43;9.89
9545;8.91;;F L B2 R2 F2 D2 L2 U2 B D2 R2 F2 R2 U F' L2 F' D2 R F';2026-02-03 15:46:02;8.91
9546;10.96;;L D2 U' R2 B2 D L2 B2 U F2 U' B2 F2 R' B R D2 L' U2 R' D';2026-02-03 15:46:24;10.96
9547;9.31;;L2 B2 R2 F2 D2 U2 R' B2 R' B2 R F2 B' L' U' R2 D F2 R' D' F2;2026-02-03 15:46:48;9.31
9548;7.22;;L' F2 U D' B L F D B' U' L2 F2 D' L2 U' L2 U F2 L2 D;2026-02-03 15:47:12;7.22
9549;7.81;;D2 F2 R B2 R' F2 U2 R' B2 F2 L2 R' U' L' F D' U' F R' D2;2026-02-03 15:47:29;7.81
9550;8.56;;R D B' L' U2 R' U' B2 R' F D2 F' B' L2 F D2 B' U2 D2 B';2026-02-03 15:47:55;8.56
9551;8.79;;R' F U' D2 R' D2 F2 D2 U2 L B2 R2 B2 R' F R' F2 L' U' L2 B;2026-02-03 15:48:17;8.79
9552;9.35;;D L F2 U2 L B2 U2 L2 R' F2 L2 R' D' B' U' R2 U R B2 F2;2026-02-03 15:48:34;9.35
9553;6.79;;D R2 U L2 U2 R2 B2 D' L2 B2 F2 U' F D2 F D' B D R U2 R;2026-02-03 15:48:54;6.79
9554;11.54;;U' F' U2 R' U2 F2 R' B2 R' F2 D2 R2 F2 D' R F U F' U2;2026-02-03 15:49:24;11.54
9555;9.62;;D' L2 D R2 U R2 D2 F2 D' F2 B L B2 F' U L U L' F2;2026-02-03 15:49:46;9.62
9556;10.30;;R2 F R2 D2 L2 D2 U2 B2 U2 F' L2 B2 D' R' U L B' L2 F' L' U';2026-02-03 15:50:20;10.3
9557;9.32;;L B2 R' B2 D2 L2 U2 L F2 R D2 F2 B' U L' D R' B2 R' B;2026-02-03 15:50:42;9.32
9558;9.53;;D2 L2 U F2 D' U2 F2 L2 R2 U B' F U2 L B' L' U F2 R' U;2026-02-03 15:51:01;9.53
9559;10.03;;B2 U' L2 F2 D2 B' U2 F R2 D2 U2 F' R U F2 U F L2 U';2026-02-03 15:51:23;10.03
9560;9.15;;R2 F2 R2 F' D2 R2 F2 R2 D' F2 D' L2 R D2 B F' L;2026-02-03 15:51:59;9.15
9561;11.42;;U F L U' L2 U2 L2 B2 D2 F2 D L2 U L B' F' D' B R B2 D';2026-02-03 15:52:46;11.42
9562;9.92;;U' L F2 D B2 D' R2 D2 B2 U2 F2 R U' B F' D2 L R;2026-02-03 15:53:07;9.92
9563;8.67;;B' D' L2 R2 B2 D F2 R2 U2 F2 R2 U' B U' L U2 F R' B' L D';2026-02-03 15:53:27;8.67
9564;8.74;;B2 D U2 B2 F2 L2 B2 U B2 F2 D R U' F D2 L' U L' R2 D2;2026-02-03 15:54:04;8.74
9565;9.74;;U B U' F U' F L' F' B U R B2 U2 D2 R' F2 D2 R U2 F2 B2;2026-02-03 15:54:28;9.74
9566;8.74;;U' R B2 U' F2 U' R2 F2 D' L2 B2 D2 F2 U' L' F D2 R' U' R' U';2026-02-03 16:34:24;8.74
9567;8.79;;R B' L U2 F' R2 D R D2 R' F2 L' B2 U2 R2 B2 R F2 R2 B' D';2026-02-03 16:34:41;8.79
9568;10.09;;F' L F' B L' F L U L2 U' L2 U L2 F2 U' D2 B2 D F L2;2026-02-03 16:34:57;10.09
9569;8.65;;B R U2 L2 F' L2 R2 D2 B U2 F' U2 L2 F' U L R2 F2 R2 U L;2026-02-03 16:36:03;8.65
9570;8.62;;R' F2 R' D2 L' D2 B2 L B R U R' D U' B F' R2;2026-02-03 16:36:21;8.62
9571;8.39;;F L D' L2 F D2 L' F D F2 L2 U' L2 D' F2 U' B2 L2 U';2026-02-03 16:36:40;8.39
9572;9.16;;L' D' B R U2 D' R' U L2 B2 D2 R2 L2 B D2 L2 F D2 B2 U2 D;2026-02-03 16:36:58;9.16
9573;8.32;;B' D2 B2 R' F B' R B' R2 F2 U' R2 U F2 U D2 B2 L2 D2 L;2026-02-03 16:37:16;8.32
9574;9.60;;D L' B2 D B' R D2 L' B D2 R L B2 U2 R' U2 F2 B2 L F2 B2;2026-02-03 16:37:31;9.6
9575;7.78;;L2 U B2 L2 U F2 U' R2 D' F2 B L F D L D2 L B R U';2026-02-03 16:37:52;7.78
9576;10.80;;D' B2 L U2 F2 D L2 U' L2 B2 D L2 R2 D' F L R' U' L2 D2 B;2026-02-03 16:38:12;10.8
9577;7.62;;U2 B2 L2 D' U' L2 F2 U R2 B2 D2 B2 F' L B' R B' F2 U F2;2026-02-03 16:38:32;7.62
9578;7.28;;R' B' L2 D' L U' B U2 R F2 R' D2 R2 D2 F2 U2 D' R;2026-02-03 16:39:03;7.28
9579;8.43;;B2 R2 B' R2 F2 L2 B' U2 B' L D2 F' U B L' R U F R';2026-02-03 16:39:18;8.43
9580;11.07;;D2 B L B2 L2 F2 U F2 L2 R2 U2 R2 U F U L D2 B2 U' L';2026-02-03 16:40:29;11.07
9581;8.47;;L' U' F L B' R B D L U2 B2 D2 B L2 U2 F U2 B2 R2 B' U2;2026-02-03 20:10:26;8.47
9582;8.28;;F2 U B2 R2 D R2 F2 R2 F2 U L' U R' F2 L' D' B' D2 F D';2026-02-03 20:11:02;8.28
9583;9.96;;F2 U2 L2 D2 U2 L D2 F2 R' U2 F2 L U' L2 F L2 R D R B2 R;2026-02-03 20:14:34;9.96
9584;7.96;;R2 D2 F2 U2 F' R2 B' L2 F D2 U2 L B' F2 L B2 D' L U' B;2026-02-03 20:14:53;7.96
9585;8.56;;L2 D2 L' B' U' F' D R2 L2 F' D2 F R2 F L2 D2 F R2 B D L;2026-02-03 20:15:22;8.56
9586;7.92;;L2 U2 B' L2 F2 L2 F D2 R2 U2 L2 F' R U' B F2 U' L F' U2 L';2026-02-03 20:15:48;7.92
9587;12.89;;F D2 F' L2 B' F' D2 R2 D2 R2 F' L' F' U L' F U' B U R' F;2026-02-03 20:16:07;12.89
9588;9.89;;U F U D L' D2 R' L2 B U2 F2 R2 U' D R2 U F2 B2 U F2 R2;2026-02-03 20:16:29;9.89
9589;9.15;;R B R F' B' L U' R D R2 D2 L2 U' R2 D R2 F2 U' L2 B2 R;2026-02-03 20:16:49;9.15
9590;8.00;;R B2 U' R2 F2 D L2 F2 U' F2 D2 L U B U2 R' F' D' U2;2026-02-03 20:17:07;8.0
9591;11.41;;R' F2 R2 D2 R' U2 B' D U2 R2 L2 F' U2 F' L2 B' L2 U2 D2 B L;2026-02-03 20:17:26;11.41
9592;7.89;;U2 F D2 F L2 D2 F2 U2 R2 F' D2 F' U' R' U2 F L D' L2 B';2026-02-03 20:17:46;7.89
9593;9.68;;B D' B2 R2 D R2 D2 L2 B2 R2 U2 L B D' R' F2 D R' F';2026-02-03 20:18:07;9.68
9594;7.34;;U2 B' L2 R2 B R2 B2 D2 F' L2 R2 F' U B' L' R2 B U' B';2026-02-03 20:18:25;7.34
9595;12.68;;B R' B2 U2 F' L' F' R D2 R2 F2 D2 L2 D' B2 D2 L2 B2 U';2026-02-03 20:18:46;12.68
9596;13.40;;L2 F' D2 R2 U2 L D2 L' U2 B2 R B2 L' B2 F' R2 F U B2 R2 B;2026-02-03 20:19:09;13.4
9597;12.09;;L' B L2 D2 B' R2 F' U2 B L2 B' R2 B' L D R' D2 U L2 F2;2026-02-03 20:19:52;12.09
9598;9.33;;U B2 L2 B2 D' U' R2 B2 U B D' L2 U R2 B2 R' B' F U';2026-02-03 20:20:12;9.33
9599;11.44;;F' U2 F B2 R' B2 R B2 L2 D F2 U L2 U2 F2 B2 U2 F2 R D;2026-02-03 20:20:34;11.44
9600;9.18;;L2 U R2 U L2 U2 B2 U L2 D F' U R' B' L' F2 D' R' B;2026-02-03 20:20:53;9.18
9601;7.44;;D2 L2 D F R U' D R' L2 D2 B2 R2 F' L2 B' L2 B2 U2 D2 L2 D';2026-02-03 20:21:24;7.44
9602;9.81;;F' U' B' R2 U2 L2 D2 B U2 B D2 R' D2 U B' D R D2;2026-02-03 20:21:50;9.81
9603;9.71;;R B L2 U2 F2 L2 B2 F' U2 F' U2 L' B' D2 F2 U B' F2 R2 D2;2026-02-03 20:22:12;9.71
9604;11.74;;D' B' L2 B2 U F2 D' B2 D B2 U' F2 R' D' U L' F2 D' F' R;2026-02-03 20:22:32;11.74
9605;9.35;;R' U2 B2 F2 R U2 F2 R' D2 R U B D' L' D' R B' R;2026-02-03 20:22:51;9.35
9606;10.00;;B R F' L' U2 R' L2 F L2 U F2 B2 R2 D2 B2 U2 B2 U R2 D2 B;2026-02-03 20:23:11;10.0
9607;9.05;;L2 R2 U F2 R2 D' L2 U B2 L2 U B' L' B2 U2 B D' U' F D;2026-02-03 20:23:37;9.05
9608;8.99;;U R2 F R F' D' F' U' L2 B2 U' L2 U2 F2 D2 B2 R2 B';2026-02-03 20:23:53;8.99
9609;12.11;;B' L' R2 B D2 B' L2 F' L2 U2 B' F U' B F' U2 R' U' L';2026-02-03 20:24:15;12.11
9610;10.46;;L2 D' R2 D L2 R2 F2 D R2 D' B2 D2 B D U2 F D' L D U F;2026-02-03 20:24:37;10.46
9611;9.23;;L2 D B2 U' L2 B2 U L2 D F2 D F R2 U B L' R' B' L' D L2;2026-02-03 20:25:01;9.23
9612;DNF(10.00);;L' D B2 F R2 F2 L2 U2 F' R2 F R2 F D B' R U L2 U F;2026-02-03 20:25:20;10.0
9613;10.77;;R2 B R2 U2 R2 D2 F' L2 B' R2 D2 F' L' D B D' U' F' D2 B U';2026-02-03 20:25:50;10.77
9614;9.27;;F2 D B2 D2 R2 D2 F U2 F R2 F2 D2 F U2 R' B U2 F D U2 F2;2026-02-03 20:27:18;9.27
9615;9.77;;U2 L' R2 B2 R B2 U2 L' B2 R B2 R U' F' R U2 F U' L' U F2;2026-02-03 20:27:41;9.77
9616;7.88;;U' F L2 B' L' F R' F L' R2 F2 R2 D' B2 D' F2 U F2 U;2026-02-03 20:28:03;7.88
9617;14.40;;B U2 R2 B2 D2 F' R2 D2 L2 U2 F2 R F R' B R D R2 F' U2;2026-02-03 20:28:20;14.4
9618;10.64;;L' B2 D2 U2 R D2 R2 F2 D2 L R2 F L' R F L' R2 D F2 R;2026-02-03 20:29:24;10.64
9619;10.94;;D R2 B2 D2 L2 B2 R2 B2 U' F2 U F' R2 U F2 D R' D2 U B2;2026-02-03 20:29:47;10.94
9620;10.41;;R2 B' D2 U2 L2 D2 B' F' U2 B' U F' D' U2 R' D' L2 U2 R' F;2026-02-03 20:30:11;10.41
9621;8.79;;U2 L2 R2 B2 D2 L2 D B2 F2 U' L D2 B U F' L2 U B D2 R';2026-02-03 20:30:44;8.79
9622;8.97;;R2 F L2 D2 B' U2 F2 L2 F L2 F' R2 L' D L R B' R D U2;2026-02-03 20:31:02;8.97
9623;9.81;;F' D2 F' U R U R' L' U B2 U2 R2 B2 L2 U2 F U2 D2 L2 B';2026-02-03 20:31:23;9.81
9624;10.13;;B' U2 R2 U2 F U2 F R2 B F U2 L' D' R F' U' L F' D2 U F';2026-02-03 20:31:41;10.13
9625;7.16;;D' F2 L B2 L2 B2 D2 L' D2 U2 F2 U' F' R F2 D2 B2 D R;2026-02-03 20:32:08;7.16
9626;8.79;;L B' F2 L' B2 D2 B2 L F2 R D2 L2 U2 R D' F' L U2 B' U R';2026-02-03 20:32:25;8.79
9627;8.98;;R D' R2 D2 U2 B2 F D2 B F D' L2 R' F D F' L' U;2026-02-03 20:32:47;8.98
9628;10.56;;B2 U' L F B D' F L2 F2 B2 L U2 R D2 B2 D2 F2 R' U L2;2026-02-03 20:33:05;10.56
9629;10.77;;U2 F2 D' B2 F2 R2 U B2 L2 D' F2 L' B' L' B2 R' U B' R2 U2;2026-02-03 20:33:35;10.77
9630;8.73;;L2 D2 L2 B2 U2 R2 D' F2 D' L2 U B D L F' D F2 U L2 D2;2026-02-03 20:33:56;8.73
9631;7.99;;D F2 D' B2 F2 D' R2 D B2 F2 R F D' B' U F2 R' D U2 B2;2026-02-03 20:34:12;7.99
9632;9.61;;D2 U2 L2 B R2 F U2 R2 U2 B F2 D2 L' D L2 U B L' R' F' D2;2026-02-03 20:34:32;9.61
9633;7.95;;F2 R2 D2 U2 B2 R U2 L' B2 R2 B2 R2 U B R' F R2 D2 F' R' F2;2026-02-03 20:34:50;7.95
9634;9.44;;B' D2 L' F2 U2 B2 R2 F2 R D2 R' D2 R F U' L2 D F2 L B D2;2026-02-03 20:35:10;9.44
9635;8.37;;U2 B' L D' R' U2 B' U F B2 D2 R L' D2 B2 D2 R' U2 L' B2;2026-02-03 20:35:40;8.37
9636;9.23;;R B2 R' B2 F2 R' D2 R' B2 L' F L2 R2 D' L2 U' B' U' L;2026-02-03 20:35:57;9.23
9637;9.05;;L2 D' R2 D U2 L2 D B2 D' F2 R F' L U2 F' L' F2 D B2 R';2026-02-03 20:36:15;9.05
9638;8.43;;U2 L' B L' B D' B R2 F D2 R2 D' B2 R2 D' R2 U F2 D R2;2026-02-03 20:36:36;8.43
9639;10.93;;F B' D2 R U' F B2 D' F2 R2 D2 B2 U2 L2 U2 F' R2 U2 B D';2026-02-03 20:36:53;10.93
9640;9.59;;U B D2 B2 U' F2 U' F2 R2 D' L2 U B2 R2 L B' L D B' F2 R2;2026-02-03 20:37:17;9.59
9641;9.63;;R' D' B U' B' L B D F R2 L2 F2 D R2 F2 U F2 U' R2 B2 D2;2026-02-03 20:37:39;9.63
9642;9.63;;D B' U R2 U2 F2 D' B2 F2 L2 B2 U F2 U' R B U' F D2 B2;2026-02-03 20:38:05;9.63
9643;8.18;;U' D2 B F2 D2 F' D2 R2 F' R2 L' F' U L2 R' B D R' U;2026-02-03 20:38:30;8.18
9644;10.56;;U L2 F2 U' B2 F2 D' R2 B2 U R' D' F' D2 L2 R2 F' R F2 R;2026-02-03 20:38:51;10.56
9645;12.08;;L D B2 R' U2 L2 R B2 R F2 U2 R' B' R F U2 B2 L R;2026-02-03 20:39:26;12.08
9646;10.83;;F' L' D2 U' R2 F2 L2 F2 U' L2 B2 F2 D' F D B D2 B2 L U2;2026-02-03 20:39:58;10.83
9647;10.42;;D2 R' F R' B' D R' F2 L2 F' R2 B' R2 B' U2 R2 U2 F2 U R';2026-02-03 20:40:17;10.42
9648;8.93;;B2 D L2 U' L2 B2 D R2 B2 U F L' U' L2 R2 U2 R F L B;2026-02-03 20:40:35;8.93
9649;8.80;;F' D2 R2 F R2 F' L2 D2 R2 B U2 B' R' D2 U B2 R D' F' L2 F;2026-02-03 20:40:55;8.8
9650;10.82;;F2 B' R' F2 U F2 U2 L F2 R2 F' L2 F' D2 B' R2 B L2 U;2026-02-03 20:41:17;10.82
9651;9.47;;D B2 L2 D2 L' D2 R D2 F2 D2 L B D U' R2 F' R' F D2 R;2026-02-03 20:42:07;9.47
9652;10.37;;U2 L B2 U2 L2 R U2 R' D2 B2 L B' U' L F' D R' D2 F';2026-02-03 20:42:26;10.37
9653;8.77;;U L2 F2 R' F2 R' U2 F2 L2 U2 R F2 R2 F' L2 U' F' R2 B2 F';2026-02-03 20:42:45;8.77
9654;9.78;;L' D2 R' B2 U R2 D2 F2 L2 B2 L2 D R2 B' R' U' L B U R';2026-02-03 20:43:02;9.78
9655;8.52;;D' L' U B' R' F2 L F L' U2 B2 U2 R2 U' B2 D2 F2 R2 B2 L2 U2;2026-02-03 20:43:23;8.52
9656;8.65;;B' R L2 F' U2 B' U2 B2 R2 U2 F D2 F2 R D' R U' L2 D2 L';2026-02-03 20:43:39;8.65
9657;10.32;;U2 L R2 B' F' D2 L2 R2 F' L2 B' R' U' L' R' D' B2 U' R2;2026-02-03 20:44:42;10.32
9658;6.91;;R L2 B2 L2 U2 F' R2 F U2 L2 D2 F D2 L' U F L2 F2 U2 B' R';2026-02-03 20:45:06;6.91
9659;10.03;;L2 F2 U2 B R2 F L2 U2 F' D2 R2 U' B2 D' B L B2 D F2 L;2026-02-03 20:49:05;10.03
9660;7.35;;F2 U2 R2 B' L2 D2 R2 F R2 B D' L' D' F' U' B2 L' F R F;2026-02-03 20:49:30;7.35
9661;10.74;;B' R' U2 R2 U2 D L' F R B2 R2 F R2 B U2 L2 F2 U2 B L2;2026-02-03 20:49:48;10.74
9662;9.02;;B2 L' U2 B U2 R' U' F' R' U2 D2 L2 F R2 U2 F' L2 D2 B U2 F;2026-02-03 20:50:07;9.02
9663;8.91;;F2 R' U D2 B' R2 U' L' U2 F2 D B2 R2 U R2 D L2 B2 U' L2;2026-02-03 20:50:26;8.91
9664;9.30;;U D' L' F' D' F2 D2 B' U F2 B2 L' F2 R U2 R B2 D2 R' F2 R;2026-02-03 20:50:50;9.3
9665;11.98;;R' B L' D2 L2 D2 B2 L D2 L F2 L' U2 R' B' D B2 L F' U' R;2026-02-03 20:51:23;11.98
9666;8.54;;D' R2 D' F2 D F2 U2 L2 D' R2 B F' R' U' L2 R' B2 F;2026-02-03 20:51:44;8.54
9667;8.56;;R2 F B2 D L2 R2 B2 U L2 F2 U' R' B D L' F R U F2;2026-02-03 20:52:00;8.56
9668;8.61;;D L2 D L2 U' B2 F2 D L2 U' L B' U R B' D' F' L' F2 U;2026-02-03 20:52:18;8.61
9669;12.17;;R B2 L' U2 L' B2 U2 R2 D2 U2 R B L' B2 U F2 U' R' D';2026-02-03 20:52:36;12.17
9670;8.08;;F R B2 L F2 R' D2 F2 L' D2 L' U F2 L' U B D2 B2;2026-02-03 20:52:59;8.08
9671;12.76;;R' B U2 L2 F' D2 L2 R2 B' F2 L2 F U L2 R' F' U' B' U F';2026-02-03 20:53:17;12.76
9672;9.94;;F' D2 L2 B' D2 F' L2 D2 F2 L2 F' L U' F2 R' B R2 F2 D' L' R2;2026-02-03 20:54:05;9.94
9673;10.58;;B2 R' U2 R F2 U2 L' U2 L F2 R F' D U2 B2 L' R2 D2 U L';2026-02-03 20:54:33;10.58
9674;10.04;;U L2 F2 R2 B2 U R2 U' L2 U' R2 U B U' R' B' F L R F L2;2026-02-03 20:54:54;10.04
9675;9.37;;D2 B2 F2 R' B2 L2 D2 R F2 U2 B D2 F2 R2 U L' R2 B2 D;2026-02-03 20:55:12;9.37
9676;8.51;;F2 U' L2 B2 F2 D' R2 B2 U' R2 U2 F2 R' U F' U' F' D2 L2 F2;2026-02-03 20:55:34;8.51
9677;9.79;;U B2 D2 R2 F' U2 F U2 F2 L2 R2 D F' R' U' B2 U F L;2026-02-03 20:55:50;9.79
9678;7.46;;D B2 U' F2 R2 U' L2 U' L2 R2 D' B D R' U2 F' R2 B2 D2 F';2026-02-03 20:56:09;7.46
9679;8.23;;L2 F' R2 D2 L2 F' R2 B' U2 B2 U B2 R2 B2 F' U2 R B2 F';2026-02-03 20:56:29;8.23
9680;8.55;;R' L D2 R2 F2 U2 F2 B' D' R F2 U2 L' F2 L D2 R2 F2 D2 B2;2026-02-03 20:56:46;8.55
9681;9.43;;L U L2 R2 D U2 F2 U' B2 F' D2 L B U F D2 B R2;2026-02-03 20:57:05;9.43
9682;10.00;;R2 B2 D' B2 L2 D2 R2 D F2 U' B2 F' D B2 R U L U2 L D F';2026-02-03 20:57:23;10.0
9683;10.73;;U' B U' F D' F' L' R2 F2 B U2 B' D2 L2 B L2 B' U2 L U;2026-02-03 20:57:45;10.73
9684;11.12;;U' R2 U2 L U2 F2 R' B2 R2 F2 U2 R' U F2 U2 R' F' R D;2026-02-03 20:58:08;11.12
9685;11.38;;B' L U2 F2 L' U2 R D2 U2 L B2 D2 U' R B R2 F L U' F;2026-02-03 20:58:29;11.38
9686;8.66;;R' L2 B R' B U' F' L B' F2 U2 F2 R D2 L F2 D2 L2 B2;2026-02-03 20:58:55;8.66
9687;9.74;;L2 F' U2 R2 D B2 R2 B2 R2 D B2 U' F2 U' L' R2 D2 U2 B' L D';2026-02-03 20:59:18;9.74
9688;8.99;;L D2 B2 U' R2 D' F2 R2 U2 F2 U' F R2 F2 U2 L U' L B';2026-02-03 20:59:39;8.99
9689;8.51;;R2 B U2 R2 D2 R' U2 L' F2 L' R2 B2 R D2 U L2 B' F D2 U' R2;2026-02-03 20:59:59;8.51
9690;10.99;;D B2 R2 B2 D L2 U B2 L2 U2 F' L2 R' B' D R B2 R D2 R';2026-02-03 21:00:17;10.99
9691;11.21;;L' B L2 U2 R2 U2 B2 U2 R D2 L' F2 R F2 U' B D2 L B2 F D;2026-02-03 21:00:42;11.21
9692;9.04;;D B U' L2 F U' R F2 L' U' B2 U' F2 L2 D2 B2 L2 U L2 B2;2026-02-03 21:01:17;9.04
9693;14.26;;L2 B' L2 F D2 F U2 L2 D2 F2 D2 L' F U' R2 U' L F' R B' L;2026-02-03 21:01:53;14.26
9694;8.88;;R2 U L2 D F2 D F2 U' F2 R2 B' D2 B' D U' F L D' U' L';2026-02-03 21:02:16;8.88
9695;11.14;;U' B2 R' D F' R' U' R2 D' B U L2 D' F2 L2 D' R2 F2 U B2 L2;2026-02-03 21:02:35;11.14
9696;7.26;;B' L' B2 U2 D B U2 F' R' B2 D2 L' F2 L U2 R2 B2 U2 B2;2026-02-03 21:03:07;7.26
9697;8.23;;R B' L2 B' D2 R2 B' R2 F D2 F' U2 B' D' B2 L' F2 D2 L2 D' R2;2026-02-03 21:05:06;8.23
9698;8.59;;F2 B L2 B' D' F2 L U B L F2 U2 B2 U2 B2 L D2 B2 L2 B2 L;2026-02-03 21:05:28;8.59
9699;11.70;;R' U2 L U' B2 R2 U' L2 D' R2 F2 L2 D' R2 B' F' D' B2 F' U' F2;2026-02-03 21:05:47;11.7
9700;8.45;;F2 U' R2 F2 U' F2 D' B2 D B' L U R D' R U L2 B2 R2;2026-02-03 21:06:09;8.45
9701;7.92;;R D2 L2 U2 R U2 L' D2 F2 L B2 R U' L D2 R2 F' D2 U' B;2026-02-04 12:30:39;7.92
9702;9.74;;F' U R' B L2 D R' U L' U2 D2 L2 F R2 F' L2 F2 D2 F' U2 F2;2026-02-04 12:31:00;9.74
9703;8.17;;R' D2 B2 R B2 L B2 F2 U2 F2 L F2 B' R' U2 R F2 L' D' F' U2;2026-02-04 12:31:20;8.17
9704;10.50;;D2 B2 R2 B D2 B D2 B U2 B U2 L U B2 F' D' L2 R U' B2;2026-02-04 12:31:41;10.5
9705;7.95;;R' U' B' L U R2 L2 U' F U2 F2 D2 L' D2 B2 R D2 R2 D2 F2;2026-02-04 12:32:01;7.95
9706;8.67;;R U' F D2 F' D2 L2 B' D2 B2 L2 B' D F U L F2 L2 U2;2026-02-04 12:32:20;8.67
9707;12.28;;F2 D2 R' U2 L2 U2 R' B2 L B2 F2 R2 B' D R' D' U2 F L U' L';2026-02-04 12:32:40;12.28
9708;9.72;;R' B2 L2 F2 D2 F2 R' B2 L' D2 U2 R2 U' F' D' B2 R D2 L B D;2026-02-04 12:33:05;9.72
9709;9.31;;B L2 B' D L U' B2 R' D2 R2 D2 R2 U B2 U' F2 U R2 B2 D;2026-02-04 12:33:26;9.31
9710;8.28;;L2 D2 F2 R2 D' R2 D2 U F2 D' B R D' U L R U R' F U2;2026-02-04 12:33:47;8.28
9711;10.15+;;F' R2 D' B2 D2 L B2 D2 R' U2 L D2 U2 L F' L F D B U R;2026-02-04 12:34:09;8.15
9712;10.87;;U' L F B R' L2 B' R' L2 D' F2 U L2 B2 D' F2 D L2 U L2 F;2026-02-04 12:34:31;10.87
9713;9.50;;D' R' B2 L2 D2 B R2 B L2 D2 B R2 F R B2 D B2 U F' D' B2;2026-02-04 12:35:00;9.5
9714;14.43;;F2 U2 F2 L2 B2 L2 R2 D B2 U R' D2 L B' U2 F2 R2 B D U;2026-02-04 12:35:22;14.43
9715;9.14;;B2 D' R2 D' B2 U2 F2 R2 U B2 F2 R U2 B' L2 B' R D L' R';2026-02-04 12:35:49;9.14
9716;8.20;;D' L D2 U2 R2 B R2 F2 U2 F D2 L D2 U' L R2 U2 F2 U';2026-02-04 12:36:10;8.2
9717;11.84;;L2 F2 R2 U L2 U F2 D' R2 U F2 L2 B' F D L' R D2 L2 U' R2;2026-02-04 12:36:30;11.84
9718;10.46;;L2 U' R' F B2 R F' D' R' F2 L F2 D2 R' U2 L2 F2 U2 R';2026-02-04 12:36:59;10.46
9719;9.55;;B D2 R2 D2 U2 B2 L2 U2 B R2 D' R' F' R D2 L' F R F;2026-02-04 12:37:21;9.55
9720;8.88;;F U' D R D2 F R2 D R' D2 F L2 D2 F U2 D2 F L2 F' B2;2026-02-04 12:37:41;8.88
9721;9.08;;D2 L2 U L' U2 F B L U' F R2 B2 R2 U2 R2 L2 F2 B U2 D2;2026-02-04 12:38:05;9.08
9722;9.35;;U L2 R D' B2 D' L2 F2 D2 L2 U' L2 U F' U B2 R D L U2;2026-02-04 12:38:25;9.35
9723;9.10;;D L2 B2 D' F2 D L2 B2 F2 U2 R2 B F' D' R U R' F' R' U2;2026-02-04 12:38:45;9.1
9724;9.88;;B2 F R2 U2 R2 D2 B2 F' D2 L2 R2 D' F' R B2 L' B2 U' L U F;2026-02-04 12:39:06;9.88
9725;9.18;;B' R2 F' U2 F' U2 R2 D2 B L2 D2 B' L' B2 R' B U' L D2 B L;2026-02-04 12:39:26;9.18
9726;9.62;;U' L F2 U2 B2 U2 R' U2 L2 U2 R' U2 R2 B' R D B L' R U2 F';2026-02-04 12:40:01;9.62
9727;9.13;;R2 L D2 F' L D L U F2 R2 U2 F' U2 D2 B' U2 F' D2 B L';2026-02-04 12:40:58;9.13
9728;9.88;;F D B L' U' D F R2 D2 R2 F2 R2 D' F2 L2 D R2 U' F2 L' F2;2026-02-04 12:41:41;9.88
9729;7.77;;L B2 D2 F' R' U2 R F2 L2 D2 L2 U' R2 B2 D B2 R2 F L;2026-02-04 12:42:02;7.77
9730;12.69;;U' B2 R2 F2 R' F2 L' U2 R B2 F2 L U B' D F' U F' L' F';2026-02-04 12:42:19;12.69
9731;9.34;;U R U F2 L2 D' F2 R2 D2 B2 U' L2 B2 U B U2 L U' L2 D U;2026-02-04 12:42:42;9.34
9732;9.78;;B2 L2 D B2 U L2 U R2 U' F2 L2 R' B F2 U L U R' F R D';2026-02-04 12:43:11;9.78
9733;8.00;;U2 L2 U' R D' F D' B F2 R2 D' F2 U' B2 L2 B2 L2 D2 L;2026-02-04 12:43:35;8.0
9734;9.20;;F R' L2 B' F L2 U2 L2 U2 F R2 B2 R2 U R' D' L B' L2;2026-02-04 12:43:53;9.2
9735;8.16;;B L2 R2 B2 L2 D2 F' L2 D2 F' R2 D' B2 R' D' L R U F2 D;2026-02-04 12:44:16;8.16
9736;11.40+;;L' D' L2 D' F' B2 U' R B' U2 R2 U' F2 D' R2 F2 U2 R2 D';2026-02-04 12:44:37;9.4
9737;8.81;;F' R2 B' U2 B F D2 L2 B2 D2 L2 F2 U' L B L2 F2 U' B R' F';2026-02-04 12:44:58;8.81
9738;8.60;;U2 B2 U B' D' F2 B R2 D2 F2 D2 B2 R F2 L' D2 L' B2 L B' L2;2026-02-04 12:45:19;8.6
9739;10.75;;R F2 L' R2 B2 U R2 U2 R2 D2 F2 B' L' F' R D' L2 F2;2026-02-04 12:45:39;10.75
9740;9.37;;B' R2 B2 R B' R2 F2 U L U R2 L2 F2 R2 U2 L2 U2 L2 U;2026-02-04 12:46:04;9.37
9741;8.14;;F R2 F' R2 D2 B2 L2 B U2 L2 R' D L' B2 R D U' L2 D' F2;2026-02-04 12:46:25;8.14
9742;10.35;;D2 F U2 F L2 F' U2 R2 B' R2 D2 L' F R' F' U L2 D U R;2026-02-04 12:46:43;10.35
9743;9.21;;R' D B' L2 F2 D2 B L2 U2 R2 D2 F R D' B D' U2 F;2026-02-04 12:47:04;9.21
9744;8.49;;F2 U R F2 U R2 B' R F' D2 L F2 U2 L B2 L F2 L2 B2 L';2026-02-04 12:47:25;8.49
9745;11.61;;F' U' B L2 U' F R B' R' L2 D2 R' U2 D2 R' U2 D2 B2 L' D';2026-02-04 12:47:45;11.61
9746;8.06;;R2 B U F' R F D' B' L D2 F' D2 B2 D2 L2 F' L2 B' D2 R2 F2;2026-02-04 12:48:12;8.06
9747;9.34;;D R' D2 F2 U' D' B D' R' B2 D2 B2 R2 U2 L' U2 L D2 R' U';2026-02-04 12:48:30;9.34
9748;12.39+;;R2 D2 L2 U L2 R2 D B2 D R2 L U L' D' R' F2 U' B R' D2;2026-02-04 12:48:49;10.39
9749;8.74;;U' B' F2 L2 F2 D2 R2 U B2 D2 U F2 D B R2 F' R' D L R U;2026-02-04 12:49:16;8.74
9750;DNF(13.17);;R2 D2 R2 F2 U B2 D2 U L2 D' L2 B2 L B' R' U' L F R2 F' R;2026-02-04 12:49:37;13.17
9751;12.22+;;B R2 D2 U B2 F2 L2 D F2 D' B2 F' L' R' B' D B2 D2 B2 F;2026-02-04 12:50:03;10.22
9752;9.70;;B2 U L2 U' B2 U2 F2 L2 F2 U' L' B2 U B R F L2 D2 U' B;2026-02-04 12:51:28;9.7
9753;8.80;;R' F B' R2 U L B' D2 R' F2 D B2 U R2 U' R2 F2 B2 U R2;2026-02-04 12:51:48;8.8
9754;9.88;;L2 D B' L2 D2 L' B2 F2 R D2 R2 D2 L' D2 F D B' U R B' U2;2026-02-04 12:52:12;9.88
9755;9.92;;R2 D' L2 B2 D F2 U F2 R2 F2 D' B D' R2 D2 F2 L B2 L F';2026-02-04 12:52:47;9.92
9756;9.80;;U2 L D B R' F' D R2 F U2 D2 R' F2 U2 R2 F2 U2 F2 L' B2 R2;2026-02-04 12:53:13;9.8
9757;8.16;;L2 R2 D F2 R2 D R2 D U2 B2 L2 U' B' D' L F D' R' U B' R;2026-02-04 12:53:44;8.16
9758;11.01;;F2 D L D2 L2 R F2 L2 B2 U2 R' F2 R' B' U L' B' U2 L' U2;2026-02-04 12:54:04;11.01
9759;9.72;;L' D2 F2 R' B2 L2 U2 R' B2 R' D2 R2 B' D' R' F2 R2 B2 D B;2026-02-04 12:54:42;9.72
9760;10.23;;R D' R U' B U' B' U D2 R D2 R F2 D2 B2 L D2 R L D';2026-02-04 12:55:12;10.23
9761;9.61+;;B L D2 L D2 B2 D2 L' R' F2 U2 D' R2 B L' B2 D B2;2026-02-04 12:55:36;7.61
9762;11.52;;D F2 D2 L2 D2 B D F2 R' U' F2 R2 U F2 R2 L2 U' F2 U F2;2026-02-04 12:55:55;11.52
9763;9.32;;R U2 R2 B2 L2 B' R2 F D2 B R2 B U B2 L' R' F2 U' R2 B;2026-02-04 12:56:29;9.32
9764;9.13;;L2 D R2 U F2 L2 R2 F2 U L2 R2 B' R F' R U' R D2 F2 R' B;2026-02-04 12:56:54;9.13
9765;8.58;;R2 B2 L2 U' R2 U L2 F2 U R2 U2 R' F D2 L2 U R' B' R2 B U';2026-02-04 12:57:13;8.58
9766;9.46;;F2 U2 R F2 L' R2 U2 L2 B2 R2 U R' B L B L R2 U';2026-02-04 12:57:31;9.46
9767;7.81;;R2 D' R2 L' F' R2 F D R2 L2 D R2 F2 R2 U2 B2 R2 U' L2;2026-02-04 12:57:49;7.81
9768;8.73;;R' B' U D B2 U B' R L2 F2 D2 B' U2 D2 R2 B U2 B2 U2 R;2026-02-04 12:58:11;8.73
9769;8.56;;R2 F L U D2 R U2 F U2 D' R2 F2 R2 D B2 U' F2 B2 U R';2026-02-04 12:58:30;8.56
9770;8.87;;B R F' D2 F L2 B F2 R2 U2 B R2 F' R2 L' U R F U' F U2;2026-02-04 12:59:10;8.87
9771;8.48;;F L' U2 F' B2 D' L F2 L2 F2 U' F2 R2 F2 R2 D' F2 L D2;2026-02-04 12:59:57;8.48
9772;9.41;;F2 U' L R2 U2 L2 D R2 F2 D' U2 B2 R2 B' U' B2 L2 F2 R' U';2026-02-04 13:00:20;9.41
9773;11.04;;B2 L' B' U L F2 R F' R' U2 L B2 L F2 U2 L U2 D2 R B';2026-02-04 13:00:50;11.04
9774;8.75;;U2 F2 D' U2 B2 D L2 D' L2 U B' L U B U F' L D2 U';2026-02-04 13:01:13;8.75
9775;11.16;;L2 D R' U' D2 R B2 L B' L' D2 B2 R' B2 R' D2 F2 R2 D2 B2 R;2026-02-04 13:01:39;11.16
9776;9.90;;U L B2 L2 D U2 R2 F2 U2 B2 U' B2 U R2 B' L R U' B D2 L;2026-02-04 13:02:01;9.9
9777;9.36;;U' L B U F2 R2 B2 U' B2 D B2 U' R2 U2 B' R F' R2 F2 L;2026-02-04 13:02:24;9.36
9778;11.55+;;L2 F' B U' R' D L' F D2 F' U2 R2 D2 F D2 B R2 D R2;2026-02-04 13:02:48;9.55
9779;11.69;;D2 R' B D2 R B2 U' F' L' F2 L2 F2 R2 U2 F D2 B2 U2 D2 R2;2026-02-04 13:03:15;11.69
9780;9.86;;D2 F' D B L2 F U2 L2 U2 R2 B F U2 R D L2 U' F' D' L;2026-02-04 13:04:43;9.86
9781;8.17;;F D' B2 F2 R2 D2 R2 U' R2 U F2 L2 R F' D2 U2 R' U2 L';2026-02-04 13:05:21;8.17
9782;9.52;;D2 B U2 B U2 F L2 B2 R2 F' L2 F R U B' L2 U B' U' B;2026-02-04 13:05:45;9.52
9783;11.23;;L F U2 R' B2 L' F2 L R D2 U2 R D B U' L D2 R' U2 B';2026-02-04 13:06:07;11.23
9784;7.76;;R B F2 L2 D' B2 D L2 U F2 D2 R2 U' R2 F' U R F' R' D R2;2026-02-04 13:06:31;7.76
9785;10.96;;F2 D2 R U2 R U2 B2 F2 L B2 R U' L' D2 L2 D F' U2 B2 R';2026-02-04 13:06:57;10.96
9786;8.34;;L U D2 R B' D2 L2 D F D2 B2 R2 U' L2 U2 B2 R2 B2 U' D';2026-02-04 13:07:40;8.34
9787;9.93;;F' D' L2 U' L2 R2 D U2 B2 R2 U' F' L2 B' R D U B2 U R2;2026-02-04 13:08:03;9.93
9788;7.75;;L R2 U' F2 D' F2 U' F2 R2 B2 F2 U' R B' R' U' F U' B';2026-02-04 13:08:21;7.75
9789;8.39;;R' B U2 B2 R U B' R2 L' U R2 F' L2 F' R2 D2 F' R2 U2 F B;2026-02-04 13:08:40;8.39
9790;9.81;;F2 L' D' F2 R2 U' F2 U B2 D2 L2 B2 F2 L' B F2 U2 L D' L2 U';2026-02-04 13:09:06;9.81
9791;8.33;;B' R' B2 D2 B' F' L2 D2 B' D2 U2 R2 D' L2 F R U B F' R';2026-02-04 13:09:28;8.33
9792;9.50;;F B2 R' B U' D R F2 U2 R2 L2 B' D2 R2 F R2 F2 U2 F U' L;2026-02-04 13:09:47;9.5
9793;9.04;;L' F2 L2 F D2 U2 L2 D2 B' L2 B' L U2 B' R D R' B R U';2026-02-04 13:10:29;9.04
9794;7.55;;B' L D' L' B' D L U R F2 R2 F2 B2 R2 D' B2 D' F2 L2 D' F2;2026-02-04 13:10:56;7.55
9795;8.02;;D B' L' F' R' D' R' L2 U2 B2 R2 U L2 D L2 U B2 U B' L';2026-02-04 13:11:17;8.02
9796;11.71;;D2 B' D2 B2 L2 U L2 D L2 R2 F2 D F D R' B D L U' R2;2026-02-04 13:11:41;11.71
9797;9.31;;F' U2 L2 F2 U L2 U' R2 D R2 F2 U B D L B F' D' B' R' U;2026-02-04 13:12:10;9.31
9798;9.39;;U2 F' L2 B D2 L2 U2 L2 B' R2 F2 L' U2 L2 U' F' L B' L' R U;2026-02-04 13:12:28;9.39
9799;9.64;;D' R2 F L' B D L2 F' U2 D2 R D2 B2 U2 F2 R L D';2026-02-04 13:12:56;9.64
9800;9.43;;U2 F D2 F' D2 R2 B' D2 F' U2 F' D2 L D F' D2 F2 D2 L2 F' L;2026-02-04 13:13:19;9.43
9801;6.89;;B D B2 U B2 R2 D2 F2 U' B2 R2 U2 F' R2 B' U F2 R' F' L' R;2026-02-04 14:53:27;6.89
9802;11.54;;B2 U' F2 D' R2 B2 U' L2 U R2 F' U' L' D F' D' F R D;2026-02-04 14:53:42;11.54
9803;9.67;;R D2 F' L U2 L2 B U' R2 U2 L2 F2 R2 F D2 L2;2026-02-04 14:54:07;9.67
9804;9.50;;L2 F D' B2 D' U' F2 R2 U L2 U L2 U R' F D2 L B U2 B';2026-02-04 14:54:28;9.5
9805;9.41;;D F L B2 L' D2 U2 L' D2 L R' U2 B' R' F2 L' U' F D2;2026-02-04 14:54:45;9.41
9806;9.94;;R2 F L D R' U R' F2 R F D2 F' U2 R2 F2 L2 B' U2 F2 U2;2026-02-04 14:55:02;9.94
9807;9.75;;F L2 F2 L U2 B' R' D R2 U2 L' U2 L B2 L B2 L2 B2 U2 D;2026-02-04 14:55:22;9.75
9808;10.78;;F2 R2 D' U2 F2 L2 U' F2 U' B2 F' L' U' L' R U' B2 L D B';2026-02-04 14:55:40;10.78
9809;14.93;;R B2 D' L2 D2 R2 U F2 R2 U F2 D2 R' B' R F L' F' R2 B2;2026-02-04 14:55:59;14.93
9810;8.54;;B2 U' F2 R2 D' L2 U2 F2 U B D R2 B2 L' R U L' B R2;2026-02-04 14:56:25;8.54
9811;7.88;;B2 D' B R U B D F L2 B U2 F' R2 B U2 F U2 F2 D2 R B2;2026-02-04 14:56:42;7.88
9812;7.48;;F2 D' F2 U' F2 D2 L2 R2 F2 L2 R2 F' D L' R F2 D' B L' R U;2026-02-04 14:56:58;7.48
9813;10.27;;U2 F2 U2 L' D2 L' F2 L F2 D2 L2 U2 B' R2 U' B D U L F L';2026-02-04 14:57:16;10.27
9814;10.08;;B2 L D' R2 B R' B U' F' L2 B2 D2 R' D2 R F2 D2 L';2026-02-04 14:57:34;10.08
9815;8.38;;U2 R' D2 U2 R2 B2 L' R2 U2 F2 R' F D L' R' U R' B' F' R;2026-02-04 14:57:55;8.38
9816;10.75;;D2 B2 D2 U' R2 U' B2 D' B2 U2 R B2 U L F' L' R D' B' D';2026-02-04 14:58:11;10.75
9817;10.97;;R2 U' B2 U' F2 L2 U2 R2 U2 F2 L2 U' B L2 B' D2 F2 L R2 F2;2026-02-04 14:58:31;10.97
9818;11.12;;F2 R2 F D2 U2 B' D2 B' U2 F' L2 U2 D' F' R D U2 F U' L2 F2;2026-02-04 14:58:52;11.12
9819;11.33;;R2 D' R2 U' L2 D2 F2 U F2 R2 U F2 B U' F2 R' B L' R' D B2;2026-02-04 14:59:11;11.33
9820;11.76;;B' L2 B D2 R' U' B D' F D B2 U L2 D B2 D' F2 B2 R2 D2;2026-02-04 14:59:36;11.76
9821;8.88;;F D B' U' R B' D B' U R2 L' D2 F2 L F2 U2 D2 F2 L D2 B2;2026-02-04 15:00:52;8.88
9822;9.12;;D' B2 L2 D2 F2 R' U2 R' F2 L' F2 D2 L' F' U F L' D U2 L;2026-02-04 15:01:11;9.12
9823;10.52;;B2 L' B2 R' F2 L' R2 B2 L U2 F2 U2 F D R2 B' L F U L2 F';2026-02-04 15:01:28;10.52
9824;9.08;;F' U F2 L B2 U2 B2 U2 L' R2 F2 R D' B2 U2 L D' L R2;2026-02-04 15:01:48;9.08
9825;8.72;;B2 U2 L2 D F2 D' F2 U' L2 F2 L2 F2 B' U B' R2 U B U' R2;2026-02-04 15:02:05;8.72
9826;8.88;;B2 R' B U2 L' U2 B2 F2 L D2 R2 D2 B2 R U' F2 D' L' F D' B;2026-02-05 20:39:47;8.88
9827;10.01;;R' B2 U2 F2 L U2 R2 U2 R' B2 D2 L' D' B U' R2 D' R D' B' F;2026-02-05 20:40:09;10.01
9828;9.45;;B' L2 R2 U R2 F2 D' F2 D2 F2 U L2 F2 L U2 F' R D2 L' D B';2026-02-05 20:40:34;9.45
9829;10.96;;U2 L' B2 L U2 B2 L' F2 L2 B2 U2 L D' U' L B' U' L2 R' B' L';2026-02-05 20:40:54;10.96
9830;15.58;;F2 U2 B2 F' D2 B' R2 D2 U2 R2 F L' F' U B2 F' L' D' F R;2026-02-05 20:42:40;15.58
9831;10.07;;U F' R' L F' U' L D2 R2 B2 R2 F2 U' L2 U2 F2 L B;2026-02-05 20:45:17;10.07
9832;8.28;;F' L2 U2 R2 F R2 B L2 R2 U2 R' U2 B D' U F2 L2 D B;2026-02-05 20:45:38;8.28
9833;11.80;;U2 B' L U2 F U2 B2 F' R2 F' U2 R2 U2 D' F U2 F' R' D' U';2026-02-05 20:45:53;11.8
9834;7.28;;R U' R B D' L F' L2 U' D2 F U2 F B2 R2 D2 F2 D2 F' R2 U2;2026-02-05 20:46:22;7.28
9835;9.32;;L F2 U F2 L2 B2 L2 F2 R2 D2 L2 D' R' D' L' D' L' F U B';2026-02-05 20:46:40;9.32
9836;9.66;;B2 D2 L R2 U L2 D F2 U R2 U2 L2 U' R2 B F' L' F2 D' L' U';2026-02-05 20:46:58;9.66
9837;9.33;;F' D' B2 L' F2 D B2 L' U' F2 U2 D R2 L2 F2 R2 D' F2 R2;2026-02-05 20:47:19;9.33
9838;8.29;;R F U B2 D2 R2 F2 D2 R2 B2 D2 R2 B' R' D L2 R U2 B';2026-02-05 20:47:36;8.29
9839;9.79;;R' B2 R2 U' B2 R2 U' F2 R2 U2 L' R' B L' B' U B R F';2026-02-05 20:47:53;9.79
9840;9.43;;F' L D L B' L D2 L' D F2 R L2 F2 U2 R' U2 R F2 U2;2026-02-05 20:48:11;9.43
9841;8.57;;B2 D R2 U2 R2 U L2 F2 U L2 B2 D' L' F2 D R' U' F2 L F' U2;2026-02-05 20:48:30;8.57
9842;10.55;;F2 L2 U2 F2 U L2 D' R2 D2 R2 D' F' L2 R B2 D2 L' D2 B D;2026-02-05 20:48:46;10.55
9843;11.59;;L' U' L2 D' B2 L2 U' B2 U' L2 U B R' U' L2 B F' L F2 U2;2026-02-05 20:49:27;11.59
9844;8.40;;D' F2 D2 R' D2 L' D2 F2 R' F2 L2 U2 R D' L' F D B L2 U L';2026-02-05 20:49:47;8.4
9845;9.54;;D2 L2 R U2 L2 D R2 F2 U2 B2 F2 U F' R' B L B2 R F U';2026-02-05 20:50:02;9.54
9846;8.34;;U2 D' B U R D' B' D B' R2 U2 R2 U2 F2 U2 B L2 F L2 R B2;2026-02-05 20:50:24;8.34
9847;9.97;;R2 F' R2 U2 B' L2 F D2 F2 U2 F' U' R F' D' R2 U R' F2 L';2026-02-05 20:50:39;9.97
9848;11.00;;B2 D R2 F2 U2 L2 D2 F2 D2 F2 B R U2 R' F U2 B2 L F2;2026-02-05 20:51:01;11.0
9849;8.46;;U' F2 R2 B2 L D2 B U R L2 U2 L2 F' D2 F B2 U2 R2 U2;2026-02-05 20:51:22;8.46
9850;9.57;;U2 F' D2 L D2 U2 R D2 B2 L F2 R2 B2 D' R2 B R U B2 F;2026-02-05 20:52:35;9.57
9851;7.49;;B U' F2 L' D2 F U' L2 B2 L2 B2 D2 B' U2 R2 L2 F' R2 D2 U;2026-02-05 20:53:08;7.49
9852;9.11;;F2 L2 F2 L2 D' B2 D B2 U' B2 D R' D B' D L' U L' D F L2;2026-02-05 20:53:31;9.11
9853;7.89;;F' U2 B2 L' U2 D R' D2 B2 L2 F' L2 U2 L2 B' U2 L2 B U2 L U';2026-02-05 20:53:50;7.89
9854;12.55;;R U2 F2 R U2 R' B2 D2 L2 D2 L B2 D' B2 L2 U' B' L' R D' U';2026-02-05 20:54:08;12.55
9855;9.62;;F R' L F' L2 D' B U' F R2 B2 D2 R D2 R2 B2 R2 F2 L' D2 L;2026-02-05 20:54:56;9.62
9856;8.11;;D' L2 U' R2 B2 L2 U R2 B2 D' L F2 R2 F' L2 U' F2 D' U' R;2026-02-06 14:16:52;8.11
9857;11.60;;U B R2 U2 L2 B2 U2 B' D2 U2 B R2 L' U R D B U F' L;2026-02-06 14:17:37;11.6
9858;9.35;;F2 U F2 U D2 B L' F2 R D2 F2 U B2 U F2 U' B2 R2 D B2 L2;2026-02-06 14:17:56;9.35
9859;7.58;;L' U B2 D2 L' R' B2 L2 R' F2 D2 F2 D L' B' D2 U' R F2;2026-02-06 14:18:43;7.58
9860;10.81;;D B' R' U2 L B2 R2 B2 D2 R D2 U2 B2 R' D' B' L U' B U2 R';2026-02-06 14:19:22;10.81
9861;8.92;;U' L' D L U R D' F U F2 L2 D F2 L2 D' F2 R2 U2 L2 D2 R;2026-02-06 14:19:46;8.92
9862;10.00;;U2 B F2 D2 F2 L2 R2 D2 U F2 U' L2 F U' F D' L' D' L2 D';2026-02-06 14:20:08;10.0
9863;9.22;;B' R2 L U2 R D' B L' U2 B2 U' L2 F2 R2 D2 B2 U L2 B;2026-02-06 14:20:26;9.22
9864;8.34;;D2 R2 B' D2 B U2 L2 U2 B' U2 F' D' L2 U' B D' L R' D R;2026-02-06 14:20:44;8.34
9865;12.48;;U B' R2 U2 R2 B2 D2 R2 B2 U R2 U2 B2 F2 L D' R2 B' F' D' U;2026-02-06 14:21:02;12.48
9866;8.35;;B2 F R2 D B2 D2 R2 U' F2 D2 U' F' U2 L2 R B2 L2 D' U2 L';2026-02-06 14:21:28;8.35
9867;10.04;;R2 B2 D2 U B2 L2 D2 R2 U F2 B U' B U2 B L' U L2 F2 R;2026-02-06 14:21:56;10.04
9868;9.33;;R F D' F R2 F2 R2 F' L2 R2 D2 F' L2 F2 L' U2 B L U B' R2;2026-02-06 14:22:13;9.33
9869;8.75;;B' U' R D2 F' R2 F2 L2 F L2 D2 L2 U2 F' U B' L R F U;2026-02-06 14:22:35;8.75
9870;9.48;;D' R2 B' U2 F R2 B R2 D2 L2 U2 F2 L' U' L' U2 L' D B R U';2026-02-06 14:22:55;9.48
9871;12.80;;B' U' R2 D2 B D L' F D' R2 D' B2 D2 R2 U' L2 B2 D2 F' B2;2026-02-06 14:23:21;12.8
9872;7.11;;U' F' D2 L2 B2 D L2 D' F2 L2 R2 U' F2 U B D' L B2 R U R;2026-02-06 14:24:02;7.11
9873;11.56;;L B' U2 F U2 L2 B' R2 F R2 F D F' U' F2 L B D' R;2026-02-06 14:24:17;11.56
9874;8.49;;B R' D' L' D F' R' D2 L2 D2 B2 U B2 D F2 U2 B2 R' B;2026-02-06 14:24:41;8.49
9875;8.86;;F D2 B2 L2 B2 U F2 U2 B2 U F L' U' B' R' D R' U2 R';2026-02-06 14:25:00;8.86
9876;10.82;;U2 F' L2 B' D2 B D2 F L2 F D2 B L D R U' B R D R2 F2;2026-02-06 14:25:20;10.82
9877;9.57;;D2 R2 U R2 U2 B2 D' U2 L2 F2 D' B R F D F2 R' B F' L;2026-02-06 14:25:42;9.57
9878;10.08;;U' F' U2 F2 L' R' D2 B2 R' D2 F2 R' B2 U F L D2 B2 U' B2;2026-02-06 14:26:01;10.08
9879;9.16;;B L2 R2 D2 R2 B2 F' D2 B2 D2 F' L U' R2 F U' L2 F2 R F;2026-02-06 14:26:28;9.16
9880;10.74;;B' R2 B' U2 R2 U2 L2 F' D2 F R2 D' U L' B D' B2 D' U' R;2026-02-06 14:26:56;10.74
9881;9.07;;F2 D R2 B2 U L2 U' L2 R2 B2 D' R F' L' U F' D2 F D' R2 D;2026-02-06 14:27:20;9.07
9882;9.64;;L' B' D' F2 D F2 L2 D' L2 U F2 U' L2 B L U2 R' B' U L';2026-02-06 14:27:37;9.64
9883;10.55;;U2 L' F2 R B2 U2 R' B2 L2 B2 U2 F' D' B2 U F2 L' B' D F' L';2026-02-06 14:28:00;10.55
9884;7.99;;B2 D2 F L2 R2 F' D2 B' U2 L2 F R2 U B D2 U L D L2 R2 U';2026-02-06 14:28:23;7.99
9885;9.32;;L2 D U L2 B2 D L2 B2 U' B2 U' R2 B D' B' U' R' F' D' B' R';2026-02-06 14:28:38;9.32
9886;7.31;;D2 F' D2 F' L2 B U2 F' D2 F2 R2 D L2 D2 B F2 L R2 B;2026-02-06 14:29:05;7.31
9887;11.16;;U2 B2 U L D R' L' F U F2 R2 U2 F2 L B2 D2 R' U2 D2;2026-02-06 14:29:25;11.16
9888;8.58;;L U2 L' U2 R' D2 R2 F2 U2 R2 D R2 U' B U' R2 D' B;2026-02-06 14:29:52;8.58
9889;9.59;;U' L' F2 R2 F2 D F D' R U' B2 D R2 D L2 U R2 U2 L2 B2;2026-02-06 14:30:13;9.59
9890;9.44;;R D B2 L2 F2 L2 F2 U' B2 U R2 D B' L R2 F2 R D U B2;2026-02-06 14:30:38;9.44
9891;8.57;;B D B2 L B' R2 D U2 R F2 R' U2 F2 L' B2 R2 U2 R B L2;2026-02-06 14:31:01;8.57
9892;9.08;;D2 R F2 L' B2 R' B2 D2 R2 U2 L U B' L2 F R2 F2 R' F' L' D';2026-02-06 14:31:34;9.08
9893;7.79;;D' F R2 L F2 R B' D2 R U2 F2 D B2 R2 D2 B2 D' B2 L2;2026-02-06 14:31:56;7.79
9894;11.23;;U2 B L2 B' R2 B R2 F' R2 F R2 U' F' D' B' R2 D R F D';2026-02-06 14:32:17;11.23
9895;8.08;;D' F U2 B D2 F2 R2 F U2 L2 F' R2 U' L' F' D' B F R' F;2026-02-06 14:32:46;8.08
9896;10.69;;D' F2 U2 F2 L2 D' F2 U F2 D2 L U B' D U L D2 B2 R2 U2;2026-02-06 14:33:03;10.69
9897;10.99;;R2 B R2 D2 B L' D' R B R' B2 U2 R2 L' D2 F2 U2 B2 R' D2;2026-02-06 14:33:32;10.99
9898;8.06;;U B' D L2 B' U2 R L' B' F2 D' F2 R2 F2 D' L2 B2 U R2 D2 F2;2026-02-06 14:33:54;8.06
9899;9.87;;F' L' D R F' D2 R' F U2 F' D2 R2 D2 B U2 F U2 R2 F' L' U';2026-02-06 14:34:11;9.87
9900;9.64;;R2 F D2 L2 D B2 R2 D B2 L2 F2 R2 L U F U R2 U2 L' F2;2026-02-06 14:34:33;9.64
9901;9.35;;U2 B2 U' B2 D R2 U B2 L2 B2 U2 R2 B D F2 D L' R' F' D' R;2026-02-06 14:35:42;9.35
9902;8.02;;B' D2 F' U2 F U2 L2 B' U2 F' U2 L2 D' U L' U2 B L2 U R B';2026-02-06 14:36:03;8.02
9903;8.04;;F' U2 F D2 B2 R2 F U2 B' U2 F2 L' B D U2 L F' R' U;2026-02-06 14:36:25;8.04
9904;9.45;;L' U2 F2 D' L2 U' L2 U2 F2 U2 F2 B' U L' U' F' R2 D B2;2026-02-06 14:36:42;9.45
9905;11.22;;L2 B2 D2 L2 B2 L' D2 L' R2 U2 F2 D2 F' L2 R B D F2 U B' R';2026-02-06 14:37:12;11.22
9906;11.52;;F2 D L2 F2 U F2 R2 D' U' F2 U B U2 R' D2 U' L' D2 B2 U2;2026-02-06 14:38:18;11.52
9907;9.18;;B2 F2 D' L2 R2 D2 F2 D L2 U' B' L' B2 R' F L' D2 B U' B';2026-02-06 14:38:42;9.18
9908;11.09;;D2 R F2 L D2 R' F2 L2 R' B2 D2 F2 D F' L B2 F2 L' U F' L';2026-02-06 14:39:05;11.09
9909;8.94;;D' B2 L2 D L2 D R2 F2 U' B2 D F2 R' U R B' L' D' U' F' U;2026-02-06 14:39:48;8.94
9910;10.47;;D B2 D L2 F2 U2 F2 D2 U' B R' B2 L' R' F' L2 U F2 L2;2026-02-06 14:40:07;10.47
9911;12.20;;R2 U L F2 U2 L2 B2 D R2 U F2 D2 B2 R B U2 L B2 F D2;2026-02-06 14:41:34;12.2
9912;10.53;;L2 R2 B2 D' R2 U' F2 R2 D' F2 B' U2 L2 R U' F' R' D2 B D';2026-02-06 14:41:57;10.53
9913;10.26;;L U F2 L2 F D2 B R2 D2 B2 D2 B D2 R2 U L' D2 U' F L' D;2026-02-06 14:42:26;10.26
9914;8.84;;L' D' L U' L' U' B2 R B2 D2 L2 F' L2 B D2 R2 B U2 L2 U;2026-02-06 14:42:45;8.84
9915;8.93;;B' U' R2 U R2 B2 U B2 L2 R2 U' F' R D L' R2 B2 F D L2;2026-02-06 14:43:01;8.93
9916;11.80;;B R2 L2 B' U' F2 L' R2 F2 L2 F' U2 R2 F' L2 F U2 B R U';2026-02-06 14:43:25;11.8
9917;9.27;;F2 L U' F' R D B' U' F D2 L' F2 B2 D2 L2 D2 R' B2 D2 R';2026-02-06 14:43:50;9.27
9918;9.52;;L' B D2 B2 U2 F R2 F L2 F U2 L' B2 D U' B2 R' D U';2026-02-06 14:44:10;9.52
9919;11.56;;R D2 B2 R' D2 R B2 R F2 R' D' R2 B2 U2 F D2 R B' D' R';2026-02-06 14:44:31;11.56
9920;8.10;;R2 U2 R' B2 L' F2 L' B2 R2 D' B D2 U L2 F D' R' F';2026-02-06 14:45:10;8.1
9921;9.79;;R L2 F B' R' L2 F D' L2 B U2 F U2 R2 F2 R2 U2 B' D2 B;2026-02-06 14:45:26;9.79
9922;8.45;;B2 D2 L2 D2 B L2 D2 F' U2 F2 L U' R B2 R B' F2 R' D' F2;2026-02-06 14:45:50;8.45
9923;8.85;;B2 U2 R2 F2 D' U2 R2 B2 D' F2 U' R U2 F L2 B F U2 L2;2026-02-06 14:46:07;8.85
9924;7.93;;F R' D L2 D L2 U' F2 D2 B2 F2 R2 F L U' L2 R2 B U' F2;2026-02-06 14:46:29;7.93
9925;8.24;;D' B2 L2 D' F2 L2 U B2 L2 D R2 D2 F' R U2 F2 U F' D' L2 R;2026-02-06 14:46:47;8.24
9926;9.11;;B U F' R' B2 D F R2 D F2 L2 U R2 B2 R2 F2 D' R2 B' L';2026-02-06 14:51:26;9.11
9927;9.02;;B R' B D2 B' L2 B U2 F U2 R2 D2 F2 U' B2 F2 D B' D2 L' B2;2026-02-06 14:52:06;9.02
9928;9.17;;B2 R2 D F2 L2 U B2 L2 D B2 D2 L' R' D' B R D2 F' D B;2026-02-06 14:52:34;9.17
9929;13.39;;B U2 F' L2 F' R2 U2 B R2 D2 U2 F' D' B U' F2 L' B D F;2026-02-06 14:57:11;13.39
9930;8.45;;D2 R2 B2 U L2 F2 U L2 U' R2 F2 D R D R F' R2 U2 L F' R2;2026-02-06 14:57:42;8.45
9931;8.64;;R' B L' U D2 L2 B2 D' L2 B2 L2 B R2 F L2 U2 F L2 F' L2;2026-02-06 17:17:38;8.64
9932;8.44;;R2 F' R2 B D2 B2 L2 F' L2 D2 L2 B L' F' R' U L2 D2 F2 U' R2;2026-02-06 17:18:01;8.44
9933;9.89;;B' R2 U2 B' L2 B' U2 B L2 B' L2 F2 L' U2 R U' B F' L' D;2026-02-06 17:18:22;9.89
9934;9.71;;U F R B L2 U' L2 F2 L2 D F2 D F2 D R B L2 U' F' U' L;2026-02-06 17:18:56;9.71
9935;10.37;;F' U' F B' R' F L U2 R' B L2 F' U2 L2 B' R2 F' U2 F2 R2;2026-02-06 17:19:18;10.37
9936;8.28;;L B R' D R U' L' B' U' L2 D R2 D' R2 F2 B2 U B2 D L2;2026-02-06 17:20:11;8.28
9937;10.16;;D' F' R' U2 R' D2 R' U2 L' B2 R B2 R2 F' L' B D R D2 U;2026-02-06 17:20:45;10.16
9938;8.63;;D2 B' D2 R2 D' R2 B2 F2 U' B2 U R2 D R' U' F' U' R U R B;2026-02-06 17:21:06;8.63
9939;11.12;;F' U' R2 D2 L2 B L2 B2 L2 D2 B2 U2 R D' L' B2 L' D' F;2026-02-06 17:21:28;11.12
9940;10.53;;F R F2 U B2 D2 U' B2 L2 F2 U' B2 D2 F U2 F' D L' B L2;2026-02-06 17:21:49;10.53
9941;9.25;;F2 U2 D' L B U2 R' F2 D2 F R2 F L2 U2 F B L2 U2 F' R U;2026-02-06 17:22:14;9.25
9942;10.52;;U2 B2 D' L2 D' U F2 L2 U' R2 B2 R' D' L2 D2 B U' B2 R2;2026-02-06 17:22:34;10.52
9943;9.73;;R D2 F' L2 F D' L' D2 F2 L2 U2 D2 B L2 U2 B L2 F' R U;2026-02-06 17:24:29;9.73
9944;8.55;;F D' B2 R2 D' R2 B2 L2 D' L2 U' L2 R F2 D B' U2 L2 U';2026-02-06 17:26:35;8.55
9945;8.73;;D' F U' R2 F' L' D' R' F2 U2 F2 B2 R' U2 L B2 L' U2 F2;2026-02-06 17:27:01;8.73
9946;8.55;;U2 R2 D L' B L' U D2 R B2 R L2 B2 L F2 D2 F2 U2 R F' D2;2026-02-06 17:27:25;8.55
9947;9.77;;L U2 F2 L2 B2 L2 U' L2 D' F2 R2 B F' R B D2 U' F2 L2 F';2026-02-06 17:27:46;9.77
9948;9.94;;F2 U' L2 D B2 F2 L2 U B2 D' F2 U' F L' D B F' R' F R';2026-02-06 17:28:08;9.94
9949;9.06;;R D' L2 R2 D' L2 F2 U' F2 U2 L2 R2 F' U L' F' D' F' U2 F' U';2026-02-06 17:28:31;9.06
9950;10.40;;U2 L2 F2 U2 F2 R2 F2 U F2 D B2 F' D L U' L2 B2 F' L F' L2;2026-02-06 17:28:50;10.4
9951;10.45;;U2 L2 B L2 B' D2 F2 R2 B2 L2 U' F2 L F' U' B D' F D2;2026-02-06 17:29:42;10.45
9952;7.82;;B2 R2 B2 U' L2 U' B2 D L B L2 U F L2 F L' D2 U2;2026-02-06 17:30:06;7.82
9953;9.46;;B' D' R2 L' U' L U2 B' U' B2 D2 R F2 B2 R F2 B2 R B2 L2 F2;2026-02-06 17:30:25;9.46
9954;8.36;;R2 B L2 D2 L' B2 R' B2 L2 U2 B2 U2 L' D B L F L2 R B2 U;2026-02-06 17:30:57;8.36
9955;10.90;;L' B2 L' F2 R2 B2 D2 B2 F2 R2 D2 U' R' U L' D' U2 B F2 L';2026-02-06 17:31:16;10.9
9956;9.92;;D2 R2 F B2 L B R' D' R' D2 L U2 L' F2 B2 D2 R D2 B2 L;2026-02-06 17:31:38;9.92
9957;10.56+;;U D' B R B D2 F R B2 U2 L2 B2 D2 R2 F' D2 B' R2 F R;2026-02-06 17:32:00;8.56
9958;10.56;;U' R2 U2 F D2 B' D R' F2 U2 L2 F U2 L2 F' B R2 U2 F2 R;2026-02-06 17:32:58;10.56
9959;13.34;;R' F2 R2 U' F2 U2 F2 U' F2 U2 L2 R D B D' U' F R U L';2026-02-06 17:33:17;13.34
9960;11.76+;;B R' L2 F2 D2 B2 U' L2 U' R2 D' B2 F' U2 L B2 U' L' R D;2026-02-06 17:33:42;9.76
9961;11.93;;F' R2 U' F D L2 D B2 L U2 R U2 B2 R2 U2 R' U' D2;2026-02-06 17:34:04;11.93
9962;11.44;;R2 D L' B2 R' F2 R B2 R' D2 L2 D2 L2 U' B' R B U' B' F;2026-02-06 17:34:28;11.44
9963;9.79;;D R2 F2 D2 R2 U L2 D' B2 U2 B' U R2 U B2 F' D' R' U' L;2026-02-06 17:34:52;9.79
9964;8.66;;R' F2 R F' L2 F2 L2 B2 D2 F R2 B R2 F' L' F2 R D B' F U;2026-02-06 17:35:43;8.66
9965;8.87;;R' F2 R2 F2 D' L2 D' R2 F2 L2 U' F D L' R U' R' U B' R;2026-02-06 17:36:45;8.87
9966;9.32;;U2 B2 U' L2 U' F2 D' R2 U2 L B U B2 R B2 U2 B F R2;2026-02-06 17:37:05;9.32
9967;8.01;;B' L2 D2 L F2 U2 L' U2 L U2 R' D2 F' U' B' L' U2 R' U B;2026-02-06 17:37:26;8.01
9968;10.54;;F' L' B2 D2 F R2 B' U2 B L2 F2 U2 F' D2 U L R2 U' L D U';2026-02-06 17:37:45;10.54
9969;10.74;;B' D' B2 D' L2 D R2 D' L2 F2 U L' D' F' U L' F2 R' F R';2026-02-06 17:38:19;10.74
9970;8.81;;B R U2 B' R2 U2 B' L' D F U2 F2 R2 D2 F2 L2 D2 F D2 F2;2026-02-06 17:38:41;8.81
9971;7.45;;F2 L2 D2 F' U2 B' U2 F2 L2 B R2 D2 L B R' U' L2 F' D U R;2026-02-06 17:39:30;7.45
9972;7.69;;U L2 U B2 L2 F2 U' R2 B2 U L' F' D U' R2 B L2 U;2026-02-06 17:39:49;7.69
9973;11.37;;L' U2 B' D2 F D2 B' U2 B2 F' D2 F2 D2 L' R2 F' R' U' L F L;2026-02-06 17:40:17;11.37
9974;7.86;;R' U2 R' B2 L D2 B2 R U2 B2 D2 R F' U' B L2 B2 R' U' L2 R2;2026-02-06 17:40:44;7.86
9975;10.34;;B2 L' U F2 L2 D R2 D' U2 L2 F2 U' B2 L D' U B' D R' D2;2026-02-06 17:41:09;10.34
9976;9.95;;B D2 U2 L2 F D2 B2 L2 D2 F R2 U2 L' B F2 D' B R' F U2 L;2026-02-06 17:41:44;9.95
9977;9.97;;B2 D2 U2 F2 R B2 R2 B2 R' D2 B D2 U2 F L D B' F2 R2;2026-02-06 17:42:05;9.97
9978;9.22;;L F' D2 L U2 R F2 R' U2 L U2 L U2 F2 U' B F' D B2 L' F2;2026-02-06 17:42:24;9.22
9979;9.51;;L' B R' F2 L' D2 R' D2 B2 R D2 B' R F U' B2 L2 B2;2026-02-06 17:42:48;9.51
9980;11.76;;R2 D' U2 L' B2 L D2 L' D2 R U2 R B2 D R F U F2 R F2;2026-02-06 17:43:12;11.76
9981;8.63;;R2 B' U2 B2 L2 U L2 U' L2 D2 B2 L2 F' U' B D' L D2 B' U';2026-02-06 17:43:35;8.63
9982;8.42;;F' D L F' R' D2 L U R2 L2 F R2 D2 F D2 R2 L2 B L;2026-02-06 17:44:00;8.42
9983;9.92;;B2 D2 R' B2 U2 B2 L U2 R' D2 F2 R' B' R2 U' B R D L' F' R2;2026-02-06 17:44:19;9.92
9984;8.51;;U2 L2 U F2 L2 F2 L2 F2 D' L2 D2 L' D F2 R' U2 F R' U' L F;2026-02-06 17:44:40;8.51
9985;9.42;;L U' R' B D R B R F' D L2 U' B2 L2 U' B2 D' B2 U B2 D';2026-02-06 17:44:58;9.42
9986;8.66;;U F L U R2 D R2 L' D L2 U2 B U2 R2 U2 F R2 F' D2 B;2026-02-06 17:52:25;8.66
9987;11.74+;;U2 F' L2 B U2 R2 F R2 F2 U2 R D' U L U' F' R2 U2 R;2026-02-06 17:53:05;9.74
9988;10.97;;F L2 U R2 U R2 D2 L2 U L2 U' F2 U2 R' F R2 U' L2 D' L D';2026-02-06 17:54:37;10.97
9989;9.87;;B2 F2 L2 D L2 U R2 D2 F2 R2 U' B2 F' U' B D' B' L' R' D' U;2026-02-06 17:54:59;9.87
9990;8.60;;L U2 B2 R F2 R' B2 D2 R U2 F2 R D' L2 F' L2 B2 U' R' B' U2;2026-02-06 17:55:59;8.6
9991;9.91;;R2 U2 R2 D2 F2 L2 B' F2 R2 U2 L2 D' L U F U2 F R U F';2026-02-06 17:56:19;9.91
9992;9.08;;R' B2 D' L2 D' U2 B2 D' U' B' F' R B' L' U2 F' D F';2026-02-06 17:57:24;9.08
9993;11.10;;F' R U F2 R B' L B U' D2 B2 R B2 L' U2 F2 B2 U2 B2 L';2026-02-06 17:57:46;11.1
9994;9.88;;U' L U2 B2 L D2 B2 L' B2 L D2 U2 F' R' B R U' F L D;2026-02-06 17:58:15;9.88
9995;12.23+;;F U2 R2 B2 L2 B2 D2 F2 U' R2 F2 D R B' L' F' D L2 R U B2;2026-02-06 17:59:19;10.23
9996;8.58;;U' L2 D2 R U2 L D2 U2 R' B2 L' D R B F' R' F R2;2026-02-06 17:59:43;8.58
9997;9.06;;D F B R' B2 D2 L2 F' B2 U2 L' F2 R D2 R' F2 D2 R D2;2026-02-06 18:00:37;9.06
9998;10.56;;F' D R2 U L' D2 R F' L F2 L F2 B2 U2 R F2 L2 B2 U2 F;2026-02-06 18:01:25;10.56
9999;9.90;;D2 F' R2 U2 B' R2 U2 L2 D2 B U2 L2 U' R2 U2 B2 L' B' D' F' R';2026-02-06 18:01:53;9.9
10000;8.49;;D2 B L2 B' F' U2 B' R2 B U2 B' U R2 D2 F D L' F R B2;2026-02-06 18:03:24;8.49
10001;10.77;;U B2 U' R' F D2 R' B2 R' D L2 U D2 B2 D' R2 D R2 D';2026-02-06 18:11:59;10.77
10002;11.53;;U2 F2 B R' U F R' B2 U' F2 B2 R2 U R2 D' B2 D' B2 R U' B2;2026-02-06 18:12:51;11.53
10003;10.00;;U' F2 R2 F U2 B2 U2 B' U2 F' R2 D2 B' U L' U2 F L' B U2;2026-02-06 18:13:36;10.0
10004;11.19;;D B2 L' U D2 L' U B R' F2 R' U2 R D2 R2 F2 L2 B2 R';2026-02-06 18:14:05;11.19
10005;DNF(9.99);;U2 L2 D L2 U' L2 B2 U L2 B2 D' R' D R' B' F' L' B' U' F2 U;2026-02-06 18:15:07;9.99
10006;8.96;;F2 R2 D2 L2 F2 D' L2 B2 U2 L2 U2 L D' B2 U R2 F' D U' B D;2026-02-06 18:15:37;8.96
10007;8.03;;R' F L' D F L2 B2 D' B L2 U2 F2 B2 R2 B2 U2 F2 D R2 D2;2026-02-06 18:16:34;8.03
10008;9.68;;R B U' B R F2 R U' L' U2 L2 D F2 U2 L2 U L2 U' R2 U2;2026-02-06 18:16:55;9.68
10009;9.21;;F' R2 F' B' D B2 U' R' L2 D2 R2 U2 B' D2 B2 U2 R2 B R2 B';2026-02-06 18:17:45;9.21
10010;7.25;;L R2 D2 L2 D2 B2 D2 B' U2 B' R2 F' D2 L' U2 B' U' F L2 B' D;2026-02-06 18:19:06;7.25
10011;10.72;;U2 R F2 R U2 L2 B2 R U2 R' B2 R2 B L' R D B U' F2 D2 B';2026-02-06 18:19:47;10.72
10012;11.23+;;L2 D R2 B2 R2 U' B2 U' F2 U B2 D2 R' U2 R' D F D2 L D' U;2026-02-06 18:21:30;9.23
10013;DNF(10.89);;F' R2 U F U' L2 D' R D B D2 B' R2 F D2 B' D2 B L2;2026-02-06 18:22:12;10.89
10014;8.75;;R2 D2 R2 U2 B2 R2 B2 U' B2 F2 D F L D F U R2 B2 L2 U';2026-02-06 18:23:17;8.75
10015;9.58;;L' U D' F L2 B R L2 B' L2 U F2 D B2 D' L2 B2 D B2 U;2026-02-06 18:23:36;9.58
10016;8.90;;R' B2 L' F U2 D' F' R2 U' B2 D R2 D' F2 U' R2 D' F2 L';2026-02-06 18:24:23;8.9
10017;11.11;;R' B' D2 U2 B F2 R2 B' U2 L2 F' D2 U' L' D R2 F' U2 B' D2;2026-02-06 18:25:20;11.11
10018;8.83;;F' B2 L D2 B L' F B D L2 D2 B2 R2 L2 F D2 F' R2 D2 R2;2026-02-06 18:26:30;8.83
10019;9.29;;R D B2 D R2 U' B2 D L2 U R2 U2 L U B2 L' B' F2 L D2;2026-02-06 18:26:53;9.29
10020;10.12+;;B' U' L2 B D2 U2 F L2 B2 F' R2 F L2 D' B' L2 U R B' F' L2;2026-02-06 18:27:47;8.12
10021;8.37;;D2 F' R2 D2 F R2 D2 F D2 F L2 F' D F2 L2 U' R B2 U' B D2;2026-02-06 18:28:06;8.37
10022;8.85;;L' F' D B' R U F' D' R D2 R2 L2 U L2 D2 B2 D' R2 B2 D;2026-02-06 18:28:34;8.85
10023;8.65;;R2 D2 B D2 F D2 F R2 D2 R2 L D B U B2 L2 D' F2 U;2026-02-06 18:28:54;8.65
10024;11.04+;;U L2 D' L2 R2 F2 D' F2 R2 F L' F2 U2 B R2 B' L' U2 R2;2026-02-06 18:29:57;9.04
10025;11.96;;R' F' D R' U2 R' U L F R2 U2 D2 B2 L F2 U2 R2 L' B2;2026-02-06 18:31:00;11.96
10026;12.29;;U F R' D2 B U L' U L2 F2 U2 F2 R U2 R' B2 L' B2 D2 L U;2026-02-06 18:31:41;12.29
10027;8.48;;U B2 R2 B2 D2 R U2 L2 F2 R' F2 R2 U' F' R' B' U' L U R2;2026-02-06 18:32:21;8.48
10028;9.37;;R' F2 L2 U B2 R2 D2 B2 R2 U' R2 F2 L D L' D' B U2 R2 U2;2026-02-06 18:33:51;9.37
10029;8.08;;U' R2 U B U D' F' R B' R2 L2 D B2 R2 D' L2 D' F2 D2 B2 D';2026-02-06 18:34:40;8.08
10030;9.25;;U' F' L2 D2 F2 R2 F D2 R2 F' R2 L B' R' D' L2 D2 L U2 B2;2026-02-06 18:35:26;9.25
10031;9.55;;L' R2 D' L2 R2 U F2 L2 U2 B2 D' L B' F D U L D B' R2;2026-02-10 14:13:21;9.55
10032;9.28;;L F B2 U' R2 U R2 D2 B2 F2 D' B2 U R' F' L2 R2 U2 R' F;2026-02-10 14:13:39;9.28
10033;9.93;;B2 L' D2 L F R' U' L2 F U2 R2 D L2 F2 L2 B2 D R2 L2 D2;2026-02-10 14:14:00;9.93
10034;12.53;;L B R2 F2 U R2 L' F B2 R F2 L' F2 R B2 L' B2 L' D2 L U;2026-02-10 14:14:40;12.53
10035;9.74;;U B' L U F' U2 L B R2 B2 U R2 U2 D B2 U' R2 B2 R2 D' B;2026-02-10 14:15:08;9.74
10036;11.20;;U' B D2 B2 L2 U2 B2 R U2 F2 R F2 U2 D' B' L2 R F L2 B2 R';2026-02-10 14:15:43;11.2
10037;11.30;;L U2 B R D2 F U F' B' R' D2 F2 R D2 R' B2 R' B2 D2 R2 U2;2026-02-10 14:16:05;11.3
10038;10.98;;L2 R2 D' F2 D L2 D2 F2 R2 U' F2 B' D' L' B2 F2 D F D' B';2026-02-10 14:16:30;10.98
10039;10.86;;L F2 L R2 B R2 B2 L2 F' R2 D2 B U2 F2 R' U' B R' U L' D;2026-02-10 14:16:51;10.86
10040;14.18;;U F' D2 R2 D' B2 U' R2 U L2 R2 D' U' B' U B D L' U' R;2026-02-10 14:17:14;14.18
10041;12.04;;U2 F2 U2 B2 R2 F2 L' F2 D2 F' D' U2 B L B L F' D';2026-02-10 14:18:57;12.04
10042;12.14;;F U2 R2 F R L2 U L' B' R2 F2 U2 R2 D2 R D2 B2 R' U2 R2 D2;2026-02-10 14:19:27;12.14
10043;9.63;;F' D R' D2 B2 L2 R2 D2 L2 D' L2 D R2 F L B2 F2 U' F' L;2026-02-10 14:19:49;9.63
10044;14.96;;B2 U2 F2 L2 B2 L F2 U2 L' F2 D2 F2 U' R' F D U L' B D F';2026-02-10 14:20:11;14.96
10045;8.65;;F U2 B D' F' L D2 F' U' F2 R U2 D2 R B2 U2 L D2 L U2;2026-02-10 14:20:37;8.65
10046;8.96;;U' L2 D' R2 U' B2 L2 D' L2 U2 B U' B' F' R D2 R B2 L' R';2026-02-10 19:47:07;8.96
10047;9.46;;U' F2 L2 B2 R2 D2 R2 B' D2 R2 U2 F2 L D' F' L R U' R';2026-02-10 19:47:27;9.46
10048;9.32;;L2 B2 L B2 D2 L D2 R2 D2 R' F2 D2 U' R' D2 B F2 L2 R2 U2 L';2026-02-10 19:47:45;9.32
10049;8.61;;U F2 U B2 U F2 L2 F2 L2 D2 R2 U' B' U' L F D' R' D L2 F;2026-02-10 19:48:13;8.61
10050;9.36;;R' L2 F2 U2 R2 F2 U2 B L2 B L2 F L D2 F D2 R F U R D;2026-02-10 19:48:33;9.36
10051;9.85;;F2 R U2 L' F2 L U2 F2 R' U2 R2 F' U L' D2 R D L2 D R2;2026-02-10 19:48:50;9.85
10052;8.86;;L F2 U R' L2 F2 B' U' F R2 F2 U2 B2 R D2 L D2 R' D2 F2 R2;2026-02-10 19:49:10;8.86
10053;8.57;;R U2 R2 F' B2 D L' F' U2 R2 B' D2 F' D2 F2 R2 D2 B2 L U R;2026-02-10 19:49:29;8.57
10054;10.41;;B2 U2 L' R' F2 U2 R' D2 R' B2 U2 R' D B2 F' D2 F' D2 L D;2026-02-10 19:49:46;10.41
10055;9.67;;D F L' D' F2 D B2 D2 R2 U F2 U R2 U2 F' R B D' L' U F2;2026-02-10 19:50:17;9.67
10056;10.43;;D2 B' L2 R2 D2 L2 F' R2 B F' D2 L' B' L2 D L2 U2 R2 U2 B';2026-02-10 19:50:36;10.43
10057;9.46;;B2 D B2 R2 B2 U F2 L2 D2 R2 D B D L F D U2 B D2 U' F2;2026-02-10 19:51:02;9.46
10058;8.98;;L' U B2 D2 L2 R2 B2 R2 U L2 D F' L2 R U B F L' B' R';2026-02-10 19:51:21;8.98
10059;10.29;;B U' F2 R U L2 B L F' D2 F D2 B' R2 U2 B D2 L2 F B;2026-02-10 19:51:42;10.29
10060;9.59;;U R2 B D2 B' U2 F R2 F' D2 B2 U2 F' U' L B F U' R B2 D2;2026-02-10 19:52:02;9.59
10061;9.57;;U2 L2 B' L2 D2 F L2 B F' R2 U' R U2 L D2 U L' D' U' F';2026-02-10 19:52:24;9.57
10062;9.86;;U2 R' D U2 B2 L2 R2 D R2 U2 R2 B2 L' U F2 U2 B' F R';2026-02-10 19:52:52;9.86
10063;11.82;;L2 B D' F2 U R2 D2 U F2 L2 D' L2 U2 L U2 F' D' F2 R2 D' L';2026-02-10 19:53:10;11.82
10064;9.06;;B U' F2 R' U2 F2 R F' U D2 R2 U2 R U2 D2 L D2 L' B2 R L;2026-02-10 19:53:31;9.06
10065;8.18;;B2 D2 L' D2 L R B2 U2 R' D2 B U F' L D' B U' L2 R;2026-02-10 19:53:51;8.18
10066;9.49;;D' B2 U2 R B2 R' D2 R2 B2 F2 R F2 R F U' R' D' L' U' R2 U2;2026-02-10 19:54:14;9.49
10067;9.13;;F D' B2 U B2 R2 D2 L2 D L2 F2 U' F' D' L' R D F' U2 L2 D2;2026-02-10 19:54:37;9.13
10068;8.67;;F2 D F2 U2 R2 U' L2 U' R2 U L2 F' U' B2 D L2 B' L2 R F2;2026-02-10 19:54:54;8.67
10069;11.68;;D U2 R2 U' L2 R2 U2 R2 B2 R2 L' F2 U' L' F' D2 L' D' L2 U2;2026-02-10 19:55:16;11.68
10070;11.53;;F D' R B' L F L U' L' R2 D' B2 U R2 F2 U L2 U' L2 F2 D2;2026-02-10 19:56:09;11.53
10071;9.55;;F L' D F B' R' D B R' F2 B2 D2 L U2 B2 R' F2 L U2 L2;2026-02-10 19:57:28;9.55
10072;11.79;;D' R2 D' R2 F2 L2 D2 L2 R2 B' D' F2 L' B' R' D2 L' D;2026-02-10 19:57:45;11.79
10073;8.22;;F R U2 B' L D F' B' U' F' U2 B L2 F' R2 U2 R2 B L2 F;2026-02-10 19:58:27;8.22
10074;9.30;;R U2 F2 U L2 B2 U F2 D' B2 R2 D2 B' U' F L2 F L' F R U2;2026-02-10 19:58:43;9.3
10075;8.48;;L2 B2 L2 U B2 U' F2 U' B2 R2 D2 B2 F' D' R' U2 F2 U L' U';2026-02-10 19:59:00;8.48
10076;9.89;;D R' U L2 D' F' B L U2 F U2 B' D2 F R2 B' R2 B2 R2 U2 D';2026-02-10 20:06:20;9.89
10077;10.36;;R U2 B2 D F' R F R2 L2 U2 L2 B L2 B' R2 B R2 U2 L D2;2026-02-10 20:06:42;10.36
10078;8.17;;F' R2 F' U2 B L2 U2 B2 L2 B' D2 B L F2 U' F L B R2 U' F;2026-02-10 20:07:04;8.17
10079;9.70;;R2 D R' F2 U2 F2 U2 L2 B2 F2 L D2 R2 U' L2 B' F' U' B D;2026-02-10 20:07:22;9.7
10080;9.77;;B2 L2 F2 U2 L U2 L' D2 U2 R2 U2 B' D' R' B' F' L2 U' B' L';2026-02-10 20:07:39;9.77
10081;8.18;;L2 U2 F' L2 F2 R2 B L2 B' U2 B2 R B F' R U' B2 F L2 U;2026-02-10 20:08:04;8.18
10082;9.20;;F2 U R F2 L D2 L D2 R' F2 L' U2 B D' R' B L' D2 F;2026-02-10 20:09:05;9.2
10083;9.49;;F D2 B2 F2 L2 D' R2 D L2 F2 U2 F2 D L R2 B U' L U B;2026-02-10 20:09:23;9.49
10084;7.61;;L F' D2 F2 U2 R2 F' D2 U2 B F' D2 L U B2 F L' D' B D';2026-02-10 20:09:42;7.61
10085;7.92;;R' F B R2 U D2 R D' F' U2 B' R2 L2 B U2 B D2 R2 B;2026-02-10 20:10:07;7.92
10086;8.90;;D2 B2 R B2 L2 D2 R D2 L U2 L F D B' R U' R2 F L' F' R';2026-02-10 20:10:24;8.9
10087;7.16;;U R2 D2 B2 U F2 L2 U2 L2 U R2 U R' D' F' R2 D' R2 U' L2 U2;2026-02-10 20:10:42;7.16
10088;12.76;;F' B2 R2 D' F2 D L2 U R2 D2 R U2 R U' L2 B F' R;2026-02-10 20:10:56;12.76
10089;10.55;;F2 R2 D2 F2 D R2 B2 D L2 B2 F' R U' B2 D' U' L' U B U';2026-02-10 20:11:18;10.55
10090;8.93;;U' L B2 D2 B2 R2 U2 L2 D2 R' U' L F2 D' L2 F R' U;2026-02-10 20:11:36;8.93
10091;8.75;;F2 U2 F R2 D2 R2 U2 F D2 B2 R U2 R2 U F2 R' D' B' D';2026-02-10 20:11:53;8.75
10092;9.42;;D R F R D2 R U L2 U' R2 U2 B' R2 B R2 U2 D2 B R2 B;2026-02-10 20:12:16;9.42
10093;12.56;;R B2 F2 U' F2 U' B2 R2 D F2 U' B2 U' B L B' U' B' U2 R D';2026-02-10 20:12:35;12.56
10094;7.71;;U B2 U2 F L2 F' D2 B U2 B' R2 D' L' B F L' U' L' U' L2;2026-02-10 20:12:57;7.71
10095;8.40;;F2 L2 B2 U' F2 R2 U L2 U' L2 D2 F' D2 U' B' F' D L' B' R D;2026-02-10 20:13:18;8.4
10096;8.55;;B U2 R2 F' D2 F' U2 F2 R2 U2 L2 F2 L F' L2 B2 R U2 R2 D' L2;2026-02-10 20:13:50;8.55
10097;10.84;;U B L2 B2 U2 B' D2 F' L2 D2 F' R' B' U L' D B' U B';2026-02-10 20:14:26;10.84
10098;7.92;;D2 L2 U' R2 F2 L2 R2 D' F2 U2 L' B2 F R2 D F2 L' D L2 F;2026-02-10 20:23:01;7.92
10099;11.97;;F B2 L' U R L B L2 D2 F2 L D2 B2 L' F2 U2 R2 F2 U;2026-02-10 20:23:19;11.97
10100;9.54;;R' B2 L2 U2 R' U2 L' U2 B2 F2 U2 B' D2 U F L U2 L' D2 U;2026-02-10 20:23:42;9.54
10101;12.57;;L' B2 U2 L2 D' U2 L2 B2 F2 U B U R2 U R D' L2 D2 B;2026-02-10 20:24:06;12.57
10102;12.09;;U' L' D' F2 R2 U L2 U' R2 D U' B' R2 D F' U B D' R;2026-02-10 20:24:25;12.09
10103;11.57;;L' D2 B2 L2 D2 L2 D' B2 L2 U' L2 F2 R' U B2 R' D B F2 R F;2026-02-10 20:24:48;11.57
10104;8.99;;L U F2 U2 L2 R2 F2 R' U2 R' U2 F D' L D L' B' D;2026-02-10 20:25:36;8.99
10105;8.00;;B' U F2 U B2 U L2 B2 D' L2 F2 L D' B' L2 B2 L' U2 B' R2;2026-02-10 20:26:28;8.0
10106;9.72;;D' F2 D' F2 D' R2 D B D2 L' D R B R2 F' L' B;2026-02-10 20:26:43;9.72
10107;6.49;;D' U2 F2 U2 L' U2 L' B2 L2 F2 D2 L2 B U' F2 U' L2 R D' R';2026-02-10 20:27:13;6.49
10108;8.91;;F' U2 R2 B' R2 U2 B U2 B2 F2 R2 U2 R' B' U B2 D2 F' D U' B2;2026-02-10 20:29:21;8.91
10109;11.56;;F' U R' U2 R2 B F U2 R2 U2 F' R2 D2 B2 D' L' B2 R2 B2 U L2;2026-02-10 20:30:55;11.56
10110;11.10;;D2 L B2 U2 L2 U2 F2 D2 B2 L' D' F2 U B L D U' L2 D';2026-02-10 20:31:14;11.1
10111;10.81;;U L U F2 U' F2 L2 F2 D2 R2 U L2 B2 F D' R2 F2 U' F D;2026-02-10 20:31:46;10.81
10112;8.73;;L2 R2 D U R2 D B2 U F2 U2 F' R D' U2 F' L U' B2 D R';2026-02-10 20:32:11;8.73
10113;10.17;;L2 U2 R2 F' U2 R F' D' L' U2 L' F2 R B2 R' F2 L' U2 B2 F';2026-02-10 20:32:29;10.17
10114;10.32;;B L D2 L2 D2 B2 F D2 R2 F R2 B F2 R D L F L2 B2 D;2026-02-10 20:32:54;10.32
10115;10.30;;U2 B2 U' L F' L U2 R B F2 D' F2 U2 D' R2 U' F2 U2 B2 U2;2026-02-10 20:33:16;10.3
10116;8.83;;D' L2 B2 R' F2 R' D2 U2 B2 R' U2 L' F' U L' F' L F2 L U2;2026-02-10 20:33:42;8.83
10117;12.73;;D2 L D R' L' B D R U2 B2 D2 L2 F2 B' R2 D2 R;2026-02-10 20:33:58;12.73
10118;8.72;;U2 L2 F2 D R2 U2 B2 U F2 L2 D2 B' L2 F U' R' U' L F' D2 R;2026-02-10 20:34:20;8.72
10119;9.84;;F2 L B2 F2 U2 F2 L D2 U2 F2 R F U' B2 F2 D' F' U' F2 L';2026-02-10 20:34:36;9.84
10120;10.73;;R2 F R D2 B U R' D R2 L2 B' D2 F2 U2 R2 B D2 B2 L2 B' D;2026-02-10 20:35:01;10.73
10121;11.38;;U2 F' U2 F' L2 D2 B L2 B' R2 F2 D' L U' R' D' L' D L2;2026-02-12 01:09:48;11.38
10122;9.51;;B2 D F L' F R2 B' U2 F B2 U' F2 U F2 D' R2 L2 F2 U2 L2 D';2026-02-12 01:10:12;9.51
10123;10.19;;F' B2 U2 F2 D2 U' R2 D B2 L2 B2 U' B F' D B L F R B' U';2026-02-12 01:10:31;10.19
10124;10.22;;U F' B2 D' L2 B2 U2 R2 D' F2 R2 F2 D F2 R D2 F' U L2 B R';2026-02-12 01:10:50;10.22
10125;11.89;;L' F R' F D B L' U B' U2 R2 B' R2 L2 U2 B R2 F' R2 D2;2026-02-12 01:11:12;11.89
10126;7.88;;R U2 R U2 F2 R U2 F2 R F2 R' D' L D' R' B' D2 L D' F' L';2026-02-12 13:11:00;7.88
10127;9.92;;L R2 D' F2 U B2 D2 L2 B2 U2 R2 U' R F D' U' F' D L2 R';2026-02-12 13:11:17;9.92
10128;8.34;;R2 D' B2 L2 B2 F2 D2 B2 F2 D' B2 L' U F D R' U L2 B' D2 L2;2026-02-12 13:11:50;8.34
10129;10.77;;R2 L' D F2 L2 F' U' B R U F2 U B2 R2 D2 B2 D B2 L2 B2 D2;2026-02-12 13:12:06;10.77
10130;10.11;;D R2 U' R2 F2 D2 F2 R2 D2 R B2 F' L2 R' U' R' D' B2 U2;2026-02-12 13:12:25;10.11
10131;10.76;;B2 U2 R2 D2 U2 F L2 F D2 B' L2 U2 L F2 R' U F2 R D' L';2026-02-12 13:12:55;10.76
10132;9.32;;B2 L2 D' L2 U2 R2 B2 U2 B2 R2 D' L R' U B L2 D' B' D' F';2026-02-12 13:13:15;9.32
10133;9.35;;B2 U F2 D2 B D2 L2 U2 B2 D2 F U2 F' R2 D F' D' L U L' D';2026-02-12 13:13:32;9.35
10134;13.19;;R' U' L2 B2 L' F2 U2 L' B2 D2 B2 F2 R' B2 F' D2 R2 U2 F' L B2;2026-02-12 13:14:13;13.19
10135;10.64;;L2 R2 D' B2 U' B2 U' L2 R2 D U2 B2 R B' L' R U' R B U' L';2026-02-12 13:14:35;10.64
10136;10.65;;D2 U' B2 R2 D B2 F2 L2 D F2 L2 D F' L' D R F' R F L2;2026-02-12 13:15:26;10.65
10137;11.43;;F L2 U2 F D2 R2 F' U2 B' D L' U2 B2 F2 U B U F R;2026-02-12 13:15:48;11.43
10138;9.90;;D2 B2 U R2 D2 R2 F2 U R2 D R2 U' F' L U R U2 F' R B R;2026-02-12 13:17:55;9.9
10139;9.37;;U2 F2 R' U2 R2 D2 L' B2 D2 F2 R U' F' L2 D B L R U B';2026-02-12 13:18:12;9.37
10140;9.46;;B' R' L2 D2 B2 R2 D R2 D R2 F2 U' B R' F L' R U F2 L';2026-02-12 13:18:28;9.46
10141;8.69;;L' D2 R2 U' B2 R2 B2 D2 B2 D' R2 B2 U' L F' D2 R' B U' L' B2;2026-02-12 13:18:54;8.69
10142;8.67;;D' F2 U2 F2 L2 D R2 D' B2 D' B' R2 F' L D F R' D' R' F';2026-02-12 13:19:12;8.67
10143;7.59;;F2 D2 F L2 R2 B R2 B D2 R2 B' R' F' R' B F L F' D U R';2026-02-12 13:19:34;7.59
10144;9.51;;U' B2 R2 L2 U2 L U D2 R' B U2 D2 B U2 R2 B2 D2 R2 D2 B D2;2026-02-12 13:19:50;9.51
10145;9.23;;R B2 D R L2 F' B2 R F B D2 B L2 U2 D2 B' D2 L2 F' L2 U;2026-02-12 13:20:43;9.23
10146;9.84;;R F' D2 R' F2 U2 L R2 D2 L' D2 U2 F2 D2 B D L' U R D' U2;2026-02-12 13:21:00;9.84
10147;7.76;;D2 L2 F' D2 F2 U2 R2 D2 R2 F R2 D' U' F' U' L' U' L2 U2 R';2026-02-12 13:21:21;7.76
10148;9.39;;F2 D2 L' B2 R2 D2 U2 R' F2 D2 L' B2 D' R' D2 R2 B U R' F L';2026-02-12 13:21:38;9.39
10149;9.83;;R F R' U B' D2 R' U R2 F R2 L2 F R2 B' D2 R2 B' R2 U;2026-02-12 13:21:57;9.83
10150;7.96;;B R2 D2 R2 F R2 B2 F L2 F' L2 U' R' B2 F2 U R' B2 D U R;2026-02-12 13:22:22;7.96
10151;15.17;;D R' F' U2 B D2 R2 B2 F' D2 F' R2 U2 D' R2 U' L' R2 D R' B';2026-02-12 13:22:42;15.17
10152;9.55;;R' U B' L F2 L2 D F2 B2 R2 F2 R D2 L D2 R L2 B2 U' F2;2026-02-12 13:23:20;9.55
10153;10.88;;R' L2 B2 U L2 U' B2 U2 L2 R2 U' F' U2 R D B' L U F2 D2;2026-02-12 13:23:40;10.88
10154;9.77;;L2 B2 R L2 B L' B U D2 B2 L2 U2 D B2 U F2 L2 B2 R2 F R';2026-02-12 13:24:07;9.77
10155;8.25;;L' R2 F2 R2 U' R2 D2 L2 U2 R2 F U' B R' U2 B2 L2 B F2;2026-02-12 13:24:25;8.25
10156;9.28;;R U' L' U2 F' U2 F D2 B D2 F D2 F D B L2 B' R' U' F;2026-02-12 13:24:59;9.28
10157;11.16;;F' D2 B2 U B2 R2 D U B2 D L2 U F R D B U2 L B' F R2;2026-02-12 13:25:15;11.16
10158;10.85;;D R F2 D2 B2 F2 R2 D R2 F2 D2 U' L2 B' D2 F D L B D' B2;2026-02-12 13:25:44;10.85
10159;9.78;;F2 R2 B' D2 F U2 R2 F' D2 L2 D2 F L' B2 D' B2 U2 F' L U2 R2;2026-02-12 13:26:03;9.78
10160;8.30;;B2 D2 R B2 R2 D2 F2 U2 R2 D2 R U' B2 D' L F R2 U2 R' D2;2026-02-12 13:26:20;8.3
10161;8.38;;U' L D' F2 D2 B2 L2 D R2 U2 B2 R2 B' R2 F' U2 R2 D' L2 R';2026-02-12 13:26:37;8.38
10162;8.72;;B2 D2 R2 D2 R2 B2 R2 F' D2 B' R2 D L2 B D L2 B F' R' D;2026-02-12 13:27:14;8.72
10163;10.48;;U2 B2 R2 D B2 U' R2 D' L2 U' R2 B R' D2 B2 D L B2 L F D2;2026-02-12 13:27:32;10.48
10164;8.63;;U R D2 B2 L2 F2 R' B2 R D2 B2 L2 F' L D' B2 R2 U B F D2;2026-02-12 13:27:53;8.63
10165;10.50;;B2 F2 R2 U2 F2 U2 B2 D F2 U L2 U2 B' R D B R' F' R' U' R';2026-02-12 13:28:28;10.5
10166;9.55;;R2 U' R2 U F2 R2 U' R2 D L' U' B' L2 B2 F' D B' U' B';2026-02-12 13:28:53;9.55
10167;10.63;;B2 L2 U2 B F D2 R2 D2 F' U2 F2 U F' R2 D B U R F' D' B';2026-02-12 13:29:11;10.63
10168;9.72;;U' B L' B2 F2 R' B2 L2 D2 U2 L' U L' R2 D2 F U' R D';2026-02-12 13:29:29;9.72
10169;9.23;;B2 F' R2 D2 L2 U2 F U2 R2 F' D F U R D L' R U2 L;2026-02-12 13:29:50;9.23
10170;8.80;;L F B2 R' D F R U F2 R2 U2 D' R2 U R2 F2 D2 R2 F' R;2026-02-12 13:30:09;8.8
10171;9.51;;B2 L F' R L2 B' L' B F2 D F2 U F2 R2 D2 L2 B';2026-02-12 13:30:27;9.51
10172;8.88;;R' U' F' L2 R2 F' R2 F' U2 F L2 B2 U2 B' U B2 L' D' R' B' D;2026-02-12 13:30:44;8.88
10173;8.34;;R F R' F2 U2 F2 U2 F' U2 L2 U2 L2 B' D F' R' U F U' L';2026-02-12 13:31:01;8.34
10174;7.82;;R' L2 F2 R2 D' R2 B2 U' F2 U R2 F' D' L U' R2 F L B2 D;2026-02-12 13:31:20;7.82
10175;9.86;;F' R2 D' L2 U' F2 U2 L2 B2 D F2 D' B' U' R U' F' L' D R F2;2026-02-12 13:31:36;9.86
10176;10.74;;D2 R2 B2 U B2 L2 B2 R2 F2 U R2 F D' B' D' B R' D2 R F' R';2026-02-12 13:32:10;10.74
10177;8.84;;D' L' B2 U2 B' R2 U2 R2 F D2 F D2 U' F2 D F R' B' L' R;2026-02-12 13:32:31;8.84
10178;8.92;;D R' B2 D F2 L2 U2 R2 U' F2 U F2 U' L' B' F L' B F' D2 R;2026-02-12 13:32:48;8.92
10179;7.37;;B D B2 R F2 U2 L' U2 L' F2 D2 F2 U2 F U' B' F2 R2 B2 L2;2026-02-12 13:33:05;7.37
10180;10.05;;L2 R D2 U R2 D U2 F2 U F2 U' R2 L' B' F' L' U R' B';2026-02-12 13:33:21;10.05
10181;10.04;;U2 B' D2 L2 B' R2 U2 R2 D2 B' D B2 L' B2 D' R2 U B' D';2026-02-12 13:33:41;10.04
10182;8.93;;D' F' B2 D F2 L2 F2 D' B2 R2 U' L2 F2 R2 B' U F' U' F L' D2;2026-02-12 13:33:59;8.93
10183;7.48;;U' F2 R2 B' D2 B D2 L2 B R U2 F U' F L' U' B F;2026-02-12 13:34:18;7.48
10184;8.87;;U F2 D B2 R2 D U F2 R2 D' R U2 L B D2 U L D B2 R';2026-02-12 13:34:36;8.87
10185;9.63;;B D' B2 L2 D F2 U' R2 U' R2 D2 L2 R U2 F D' B U B' L2 B';2026-02-12 13:34:56;9.63
10186;11.29;;L U2 F' U2 D' R F B' U L2 D B2 D B2 R2 F2 L2 U2 F2 D2;2026-02-12 13:35:15;11.29
10187;8.59;;D R D B' L D' R L2 B D2 B2 R2 L2 D' R2 F2 R2 L2 U' B2 U';2026-02-12 13:35:46;8.59
10188;7.95;;U B' L D U2 B2 D B2 R2 B2 D2 L2 R D2 U' R F' L D;2026-02-12 13:36:01;7.95
10189;9.59;;D' F U L2 D' R2 D R2 U' R2 U B2 L2 R' U F' L2 B' L' F';2026-02-12 13:36:18;9.59
10190;8.88;;U L' D R2 B2 D B2 F2 D2 B2 D B2 F2 L' B' U' L2 R' B L U2;2026-02-12 13:36:37;8.88
10191;8.43;;D B2 U2 F2 D' F2 L2 U' L2 U2 B L B F U' R' U2 B' D2 U2;2026-02-12 13:36:57;8.43
10192;9.56;;L B2 R' L2 F2 D2 B' D' R' B2 R' B2 L U2 L F2 D2 R' U2 B2;2026-02-12 13:37:17;9.56
10193;9.95;;F2 U2 D2 R' U' F L' B L2 U R2 L2 D' B2 R2 U' B2 U' L' F2;2026-02-12 13:37:34;9.95
10194;9.39;;B U L2 R2 D R2 D' R2 U' L2 R2 U F L2 D L F2 R2 B' D2 L;2026-02-12 13:37:51;9.39
10195;10.96;;R' B2 D' B2 R2 B2 U B2 D U2 L2 R2 B2 F R B' L B U L U';2026-02-12 13:38:11;10.96
10196;10.10;;D' B2 F D' L2 U' L2 U2 L2 B2 D U F' U L' D U' B' U;2026-02-12 13:38:56;10.1
10197;9.47;;B' L2 U' L2 F2 U L2 U B2 D2 L2 R2 D L' F' R2 U' L2 D B' D';2026-02-12 13:39:29;9.47
10198;7.97;;B' R' L2 U2 L2 D L2 U F2 D U2 R' B F2 L2 U2 B' U' F;2026-02-12 13:39:47;7.97
10199;7.94;;B2 U2 B2 L' R2 F2 L' D2 R F2 U2 F L F' R' B R D' U' B;2026-02-12 13:40:04;7.94
10200;11.64;;R' F2 R F2 U2 F2 U2 L' R2 F2 L B2 F' D2 U R B2 L' R2 D;2026-02-12 13:40:22;11.64
10201;7.65;;F' L2 U2 F2 L B2 F2 R F2 R' D2 L' D2 F L' D' F D L2 D' B;2026-02-12 13:43:45;7.65
10202;8.75;;L' F2 R' D2 F2 U2 B2 F2 R' F2 D2 B D' R U2 B U2 F2 D U';2026-02-12 13:44:03;8.75
10203;7.80;;D2 F U2 F R2 U2 F' R2 B D2 R' F2 D F' L' D2 L' D2 B D2;2026-02-12 13:44:22;7.8
10204;8.52;;D2 B2 R2 F2 U B2 R2 D' U2 L2 U' R B' D L R U L U F;2026-02-12 13:44:41;8.52
10205;9.85;;U F2 B' R2 D L' U R D U2 B' L2 U2 B' R2 U2 D2 R2 U2 F2;2026-02-12 13:45:11;9.85
10206;9.24;;L2 U' F' R D B U F2 U2 R2 D B2 D2 R2 U' R2 B2 D2 L' U2;2026-02-12 21:11:06;9.24
10207;9.72;;R2 F2 U' L2 U2 F2 L2 F2 D' L2 D' B D2 F' L' B F2 U R D2 U;2026-02-12 21:11:24;9.72
10208;11.81;;R2 B2 U2 L2 B2 R2 F R2 U2 F' L F2 D2 U B' L2 U2 L' F;2026-02-12 21:11:44;11.81
10209;11.18;;R B L' F' D2 F2 R2 U B U2 D2 R D2 R2 F2 D2 F2 R F2 R';2026-02-12 21:12:07;11.18
10210;8.35;;U' B2 D2 L2 D F2 U' F2 U' F2 B' R' D2 L' U' B L2 U' L';2026-02-12 21:12:27;8.35
10211;7.70;;D2 L2 B2 U2 F' U2 B' U2 F L2 F U2 R' B R F' U' R' F U L';2026-02-12 21:12:43;7.7
10212;9.31;;U' R D' B2 F2 D U R2 U' L2 F2 D' L2 F' U' F' D' L D' R2;2026-02-12 21:12:59;9.31
10213;9.67;;D B2 L D' B U L D F R D2 L F2 D2 L' D2 B2 L' B2 L' D2;2026-02-12 21:13:18;9.67
10214;14.76;;D2 F2 R' U2 R' D2 B2 L D2 R2 F2 R2 B L R D F2 R U' R;2026-02-12 21:13:37;14.76
10215;10.62;;R2 U2 F2 R2 D' F2 L2 U' F' U' R U2 L U' B2 F U' B';2026-02-12 21:14:35;10.62
10216;8.64;;R U2 B2 L' F2 U2 F2 R F2 R' F2 L' D' B2 F U' B2 L2 D' L' F;2026-02-12 21:14:55;8.64
10217;8.63;;L2 B' U2 F' U2 R2 U2 B L2 B' L2 R F2 U F D F U' B' R U';2026-02-12 21:15:17;8.63
10218;8.57;;R F D F2 D F2 D B2 F2 R2 B2 D' R' B2 R B U' F L R;2026-02-12 21:15:34;8.57
10219;9.75;;U' L2 F2 L B2 U2 B2 D2 L' F2 L2 R F' R2 U' L' D' U' F' D';2026-02-12 21:16:30;9.75
10220;8.52;;R' U R B2 D' L2 U' L2 D2 R2 F2 D' U' F R2 U F R2 B' L';2026-02-12 21:16:55;8.52
10221;9.98;;L' D U2 L2 U L2 B2 D' L2 U2 L2 F' D2 R2 F D L' D' B' L';2026-02-12 21:17:19;9.98
10222;10.50;;B' D2 B' D2 R2 F R2 F2 D2 F' L B' D' L R D F' R' U B;2026-02-12 21:17:38;10.5
10223;9.56;;D2 B2 L F2 L D2 L' U2 B2 R' B2 U2 B R' D' B' F D2 L' U2;2026-02-12 21:17:57;9.56
10224;9.15;;D2 F U2 B' L2 U2 R2 B2 L2 B' D F R' F2 R U' B' F' U;2026-02-12 21:18:16;9.15
10225;8.52;;D2 R' U2 L B2 L' D2 F2 U2 R' F2 R2 U L2 R' F U' L2 F' D L;2026-02-12 21:18:40;8.52
10226;8.62;;U' F D' B U2 R2 B2 U' R' F2 D2 L' F2 U2 F2 L2 D2 F2 R2 F;2026-02-12 21:18:58;8.62
10227;8.74;;F2 L2 B2 U2 R D2 B2 R U2 F2 D2 F' U' L2 B2 U' L' R' B U' R';2026-02-12 21:19:17;8.74
10228;9.63;;B' D F U R D R F L U2 R2 F' R2 F2 D2 B' U2 B' U2 R2 B;2026-02-12 21:19:37;9.63
10229;9.66;;F2 L2 D' B2 F2 D' F2 D' B2 D2 L B R2 F L2 F2 R2 D' L R2;2026-02-12 21:19:59;9.66
10230;8.35;;D L2 F2 L2 F' D2 F' D2 U2 F' L2 R B F U' B F2 R' U2 F;2026-02-12 21:20:19;8.35
10231;8.81;;B' F U2 B D2 B' L2 F' U2 R2 D2 R' U' B' F2 L' R2 U L' F2;2026-02-13 14:02:33;8.81
10232;9.79;;U2 R B' D' L' D R' B2 R' D L2 U F2 R2 U2 B2 R2 D F2 R2 F2;2026-02-13 14:02:52;9.79
10233;8.60;;R' D' B' D2 B2 R' U2 F2 R' F' U' L2 D B2 U R2 D' B2 D2 F2 R2;2026-02-13 14:04:01;8.6
10234;12.15;;D2 B2 U2 F' L2 B U2 L2 B' R2 F' U' B2 U B2 D L U' F' R2;2026-02-13 14:04:19;12.15
10235;8.36;;R U L2 F U' L F' D' B' F2 L' D2 R L2 B2 R2 F2 L F2 U2;2026-02-13 14:05:08;8.36
10236;9.33;;R D2 B D2 L2 D L2 D' B2 L2 R2 D R F2 L2 B' D F2 D';2026-02-13 14:05:27;9.33
10237;11.48;;R' B2 U2 R2 D2 L2 F D2 B' F R2 F' D L U2 R' F' L B R;2026-02-13 14:05:45;11.48
10238;14.23;;F' D L' B2 L' B2 R' D2 B2 F2 R' D' F2 U' R2 B L2;2026-02-13 14:06:17;14.23
10239;9.62;;L2 F' U2 L2 F2 D2 U2 F2 U2 D' B' L' B R' F2 D U R B';2026-02-13 14:10:27;9.62
10240;9.07;;F' U R2 D L2 U2 R2 D U L2 B2 L D' B' D' R F' L D' R';2026-02-13 14:10:44;9.07
10241;9.94;;F R2 D2 B2 D L2 B2 L2 U2 F2 U' R B' U' L F' R D U2 R2;2026-02-13 14:11:04;9.94
10242;9.74;;L2 D2 B' R' F' L2 U R2 D2 R2 D2 F2 L' U2 R D2 L' B2 U R2;2026-02-13 14:11:51;9.74
10243;9.42;;B2 U F2 U2 R2 D2 L2 D B2 U F2 R F L' R' F2 L2 U' L' D F';2026-02-13 14:12:19;9.42
10244;8.96;;U2 L B2 U' B2 U' F2 D2 L2 U L2 U' F2 L2 B' U B L' F' L' R2;2026-02-13 14:12:37;8.96
10245;10.82;;R' B2 R' B2 L D2 B2 F2 L2 R F2 R D R D L2 D2 U' B2 F;2026-02-13 14:12:55;10.82
10246;13.93;;F2 U2 L2 B' U2 B U2 L2 B' R2 B D' L2 D' L B' D' U2 F D2;2026-02-13 14:13:22;13.93
10247;9.50;;B2 R' L2 F2 D2 F' L2 D2 F2 D2 F L2 F2 U' L2 B' R' F2 L2 U2;2026-02-13 14:13:45;9.5
10248;10.23;;B D' F2 L2 B' D2 R L2 D U2 F2 L U2 R' U2 R' D2 R F2 U2 F;2026-02-13 14:14:06;10.23
10249;9.54;;L2 D F2 L2 D2 L2 D U2 F2 U' F2 R2 L D L2 R B D' B U R;2026-02-13 14:14:25;9.54
10250;12.65;;U2 L2 D B2 L2 F2 D L2 D' L' B' R2 D2 U' B R B2 R2;2026-02-13 14:15:09;12.65
10251;9.09;;L' D B U2 R F2 D' R L2 F2 U2 R' B2 L' U2 B2 D2 B2 R2 U' R2;2026-02-13 14:18:17;9.09
10252;9.81;;U F2 L2 R' U2 F2 U2 B2 L' R2 U2 L' D R B' U L2 U2 R' B;2026-02-13 14:18:33;9.81
10253;9.47;;B D2 F L2 D2 U2 B' U2 L2 B2 D2 B' L F R D' U B U R' F2;2026-02-13 14:19:10;9.47
10254;9.42;;R U' F2 L U' R2 U D2 F2 L2 D2 L' B2 D2 R' D2 R2 F L2;2026-02-13 14:19:28;9.42
10255;9.42;;L2 B L2 B2 U2 L2 B' R2 B2 F R' B R U L2 D R F D2;2026-02-13 14:20:50;9.42
10256;9.88;;F' U' L2 F2 U' L2 D B2 L2 D' L2 F2 R2 L U' R' B2 F' L' U;2026-02-13 14:21:08;9.88
10257;8.92;;F' L2 U' B D' L2 D' R2 U2 F' U2 F L2 F' R2 F' R2 U2 F';2026-02-13 14:21:28;8.92
10258;9.24;;B2 U' L2 B2 U2 R2 U L2 D' R2 B' F D L' U2 F2 D' B D2;2026-02-13 14:22:18;9.24
10259;8.39;;U2 F D2 B' D2 F R2 U2 R2 U2 L U L2 B R D' L2 D F;2026-02-13 14:22:35;8.39
10260;10.20;;F' U2 R2 D2 U2 B L2 F D2 U2 B L2 D' R B' F' L D2 U2 L';2026-02-13 14:22:53;10.2
10261;10.75;;R2 F' L2 D2 L2 F' U2 B' R' D' L2 U' R' D' R' B2 D';2026-02-13 14:23:10;10.75
10262;15.06;;R2 F2 R2 F' L2 U2 F D2 F U2 R2 B2 L' U R B' R2 D2 U' L F2;2026-02-13 14:24:44;15.06
10263;7.10;;R2 F2 D2 F2 L' R' F2 L' F2 D' R2 D2 U F' U2 L' B2 F';2026-02-13 14:26:06;7.1
10264;10.41;;B' U' F2 B2 U' F R' B' R2 B U2 F B2 L2 U2 D2 B' R' D';2026-02-13 14:27:47;10.41
10265;8.10;;R2 F R B' D F2 R B2 D R2 D F2 D' R2 U L2 F2 U' F L2;2026-02-13 14:28:24;8.1
10266;10.53;;D F2 B D' F' R' D' L' B' F2 L2 B2 U2 R2 D F2 D' F2 L2 D2 R2;2026-02-13 14:28:42;10.53
10267;8.67;;D L2 U L2 R2 D U2 B2 U L' U2 R2 U L B D' F D;2026-02-13 14:29:02;8.67
10268;9.59;;U F2 U' B2 U R2 F2 D2 R2 U' B2 R D2 R2 F' R2 D2 F U' B2;2026-02-13 14:30:14;9.59
10269;9.85;;L' D' F2 D L2 R2 U' L2 U' F2 L2 D R2 L' B F' L' D R2 D2 B';2026-02-13 14:32:06;9.85
10270;11.83;;R2 U2 F' D2 F2 U2 R2 F2 L2 B R' U2 F' R B' D' U2 L' R F2;2026-02-13 14:32:25;11.83
10271;9.86;;B2 F2 D B2 L2 B2 U F2 D B2 U2 L' D F U L D2 L F2;2026-02-13 14:35:34;9.86
10272;9.61;;B' F2 L' B2 R' U2 L' F2 D2 R F2 L' D' B F U' B2 F' R2 F';2026-02-13 14:36:17;9.61
10273;10.89;;U' L' U R2 D' B2 D B2 L2 U' B2 D' U2 B R' F' D2 R F2 L2 R;2026-02-13 14:38:42;10.89
10274;10.03;;L U F' D2 R2 B' R2 B U2 R2 F' L2 U2 R F2 L U B U2 F;2026-02-13 14:39:03;10.03
10275;13.67;;B D' B' D2 B F R2 U2 F2 U2 B2 R2 L U2 B' L F D B';2026-02-13 14:39:25;13.67
10276;8.90;;U' F' L2 U F U2 F R' U' F2 R D2 F2 U2 F2 R U2 R B2;2026-02-13 14:41:20;8.9
10277;10.65;;R' U' F L U2 R D2 F R' B2 D2 B2 D2 L' B2 D2 L' B2 F;2026-02-13 14:41:39;10.65
10278;9.14;;L F2 R2 U' L2 B2 F2 D2 U' B2 F L' D' L2 F2 U2 L' D2 F;2026-02-13 14:41:59;9.14
10279;9.73;;F2 L2 R2 D R2 D2 L2 F2 U2 B2 R2 U2 F' R' D2 R' U R F R2 F;2026-02-13 14:43:20;9.73
10280;11.08;;R F2 U F2 D' B2 L2 D' B2 F2 L2 R F L2 B R B F;2026-02-13 14:43:39;11.08
10281;9.83;;U' R U2 F2 B D' R' B2 R2 B U2 F' D2 F L2 B U2 F' L B;2026-02-13 14:44:17;9.83
10282;8.83;;F2 L' D2 B2 R' B2 R D2 L2 F2 D2 R' U' F' U' B' L2 D B U L;2026-02-13 14:44:37;8.83
10283;9.23;;F' B2 R' L' U2 B U F2 L2 F' B U2 F' D2 R2 F' U2 R' U';2026-02-13 14:52:08;9.23
10284;12.06;;U2 R2 F' L2 R2 D2 R2 B' D2 F2 L2 U' R D' L2 R2 B' L D U2;2026-02-13 14:53:44;12.06
10285;10.01;;D' L U F' B2 D R U' F2 L2 F R2 L2 F D2 L2 F' D2 L2 B;2026-02-13 14:55:59;10.01
10286;8.94;;F2 R U F' B' D L' B2 D2 L U2 L' F2 L' U2 R2 F2 B' R2;2026-02-13 14:56:19;8.94
10287;11.93;;B2 L2 B2 U' L2 D' R2 B2 D2 U' B2 L' R' F' U B2 D L' F' R2 U';2026-02-13 14:57:47;11.93
10288;12.02;;L2 F2 U B2 D' B2 U' L2 U2 F2 R2 L B' U R' U2 B2 U2 B2 U R2;2026-02-13 14:58:46;12.02
10289;10.76;;U' B' D2 R2 U2 L' F2 R2 U2 R' D2 B2 U2 F2 D B L' U' B' L' R';2026-02-13 14:59:10;10.76
10290;9.48;;B2 R' F2 U2 L F2 R2 U2 R' U2 L' F' D' R' U2 L2 U' B2 R B' L;2026-02-13 14:59:34;9.48
10291;15.36;;F2 R' D2 U L2 D F2 D R2 B2 L2 D2 R2 U2 F U' F' U2 F' U' B';2026-02-13 14:59:53;15.36
10292;8.30;;U R' L2 U2 B2 U R2 U2 L2 B2 D' F2 R U F2 L F' R D2 L;2026-02-13 15:00:16;8.3
10293;8.74;;R2 L' B2 L' U2 F2 D' F2 L2 D2 B2 L2 B D2 F2 U2 L2 F' D R';2026-02-13 15:00:34;8.74
10294;9.01;;F L2 D2 F' D2 U2 B' R2 D2 B' L2 B' L D' R F2 D' B2 U';2026-02-13 15:00:52;9.01
10295;8.33;;F2 L' F' U2 B' L U' L F' D' R2 U B2 U2 D' R2 U R2 F2;2026-02-13 15:01:09;8.33
10296;9.24;;L2 B L2 B' R2 D2 B R2 B2 L2 D L2 F D B U' R' U L';2026-02-13 15:02:04;9.24
10297;9.86;;B' L B U2 F' L2 F L2 D2 B2 L2 R2 D L2 F R' D B2 R D2;2026-02-13 15:02:36;9.86
10298;9.62;;L2 F' L2 R2 B' D2 F' L2 D2 F R2 U2 R F2 D F2 R' U2 L2 B2;2026-02-13 15:03:00;9.62
10299;8.27;;R2 F2 D' F' U' R' B2 U' D2 F' D2 F U2 F2 R2 F' R2 F' L2 F' R;2026-02-13 15:05:43;8.27
10300;9.01;;B' R2 D' U2 L2 B2 D R2 F2 R2 U2 B2 R' U B2 F' L U B' F2;2026-02-13 15:05:59;9.01
10301;8.99;;U' B2 R2 D' B2 D' R2 D' U2 F2 B' R' D F L' U' L2 F' L' B';2026-02-13 18:42:48;8.99
10302;8.12;;R B2 L' D2 B2 R U2 F2 R F2 D2 U' F' D2 B' L' U2 B' D' L B;2026-02-13 18:43:07;8.12
10303;8.30;;R' L U F' R D' F' L U' R2 U B2 D2 B2 R2 D F2 U F2 D2;2026-02-13 18:43:27;8.3
10304;12.44;;R2 D R2 D' L2 D' F2 D2 B2 D2 F' L D2 B2 L2 B U R' F D;2026-02-13 18:43:46;12.44
10305;8.62;;R D2 R2 U' L2 B2 L2 D F2 U R2 U' B2 F' L D U2 R B' F2 L';2026-02-13 18:44:13;8.62
10306;11.45;;R B' U2 D R' B' U' F2 R' U' F U2 F' D2 B' R2 L2 B' R2 L2;2026-02-13 18:44:35;11.45
10307;8.66;;L B' L2 B2 U' D' R2 B L' U2 B2 D' B2 U2 F2 U L2 B2 D' R2 U';2026-02-13 18:44:58;8.66
10308;8.49;;D' R2 D' B2 R2 D U L2 B2 U F2 R F U' F' D' L' B' F2 L B';2026-02-13 18:45:17;8.49
10309;9.36;;D F R' D' F R' B' L D' R B U2 B' R2 B U2 F2 R2 U2 B L2;2026-02-13 18:45:35;9.36
10310;8.03;;F' R U2 F R U' L2 B R2 U2 R F2 U2 B2 R L2 B2 R' U2 R2;2026-02-13 18:45:53;8.03
10311;8.50;;R U2 B2 U2 F2 R2 F2 D F2 D2 L2 R' U' B' F U2 L' R B;2026-02-13 18:46:12;8.5
10312;8.21;;B' L2 U2 R2 U2 F L2 B' R2 F2 U2 R' B R' U2 F2 D' R' F' L' R2;2026-02-13 18:46:32;8.21
10313;9.92;;B R F D F2 D B R' F U F2 U R2 D R2 L2 F2 D B2 D;2026-02-13 18:46:51;9.92
10314;10.01;;D2 L' D2 B D2 B L2 D2 B U2 F' R2 U2 F R' F D' F R D' R;2026-02-13 18:47:21;10.01
10315;9.87;;D B2 U' B2 U F2 D F2 L2 D2 F2 U L U2 B R' F L B' F2 R;2026-02-13 18:47:41;9.87
10316;8.80;;D' F2 U2 B2 R2 U2 L2 R2 U B2 L' D B L2 D' F2 R F2 L2 B;2026-02-13 18:48:02;8.8
10317;9.01;;R2 U2 B2 L2 F L U F B2 R2 B R2 U2 F L2 F' R2 F2 L D;2026-02-13 18:48:21;9.01
10318;8.11;;D2 B2 R2 F' L2 B L2 R2 F2 R F2 D' R U2 F' L B' D';2026-02-13 18:48:40;8.11
10319;9.45;;D2 L2 B R2 U2 F' R2 F2 D2 F L2 F2 L D' R B' U' R2 B2 F R';2026-02-13 18:49:07;9.45
10320;8.06;;D' R U2 B2 D2 F2 L' D2 R' B2 L' U2 F2 D' F2 R D' F' U' F' D;2026-02-13 18:49:26;8.06
10321;9.51;;B' D' F' U2 F2 U2 F U2 F' U2 B2 L2 R' U R2 F R' F' U2;2026-02-13 18:50:26;9.51
10322;9.27;;L2 F' U2 F L2 F2 U2 F U2 F L' U B D' L D2 U' B R' F;2026-02-13 18:52:02;9.27
10323;8.48;;R U2 F2 R B2 D2 R B2 R' D2 L2 D2 B L2 U' F2 R' D' B' D2 B2;2026-02-13 18:52:23;8.48
10324;11.37;;F' D' L' F U' F2 D B L2 U' R2 U' L2 F2 D' R2 U2 B2 R2 F2;2026-02-13 18:52:45;11.37
10325;9.22;;L2 B2 D' R2 D L2 D' R2 D2 R2 B2 D' F L D2 F' L2 R2 F U2 L2;2026-02-13 18:53:09;9.22
10326;8.54;;F2 R2 B2 F2 R2 U2 L F2 U2 B2 L2 U L F D U2 F2 L' D' R;2026-02-13 18:53:28;8.54
10327;9.77;;L F' B2 L2 R B2 R' F2 D2 R F2 U' R' U' F2 U R2 B2;2026-02-13 18:53:48;9.77
10328;8.80;;R' U' R' D2 R2 U2 R D B L2 B2 L F2 R' U2 B2 L F2;2026-02-13 18:54:50;8.8
10329;9.92;;D2 F2 R2 D B2 U' L2 D' B2 U' L2 F2 B L' R' U' R F R U' F2;2026-02-13 18:55:11;9.92
10330;10.00;;D F' U D R2 U2 B' L' R2 U2 F2 U' L2 D L2 D' B2 D2 B2 U;2026-02-13 18:55:31;10.0
10331;9.55;;B2 L' D2 L2 B2 L2 B' F2 D2 B' D2 L2 F2 D L2 R U2 F D F2;2026-02-13 18:55:53;9.55
10332;10.69;;F' B2 U2 L2 B2 R2 U B2 F2 U B2 D' R F L' D' F L F2 U2 R';2026-02-13 18:56:13;10.69
10333;9.64;;U' B2 D' U' R2 U' L2 R2 D U2 F L' F' D2 F' D' R' U' B R;2026-02-13 18:56:56;9.64
10334;9.86;;L U' R' B2 U2 L U2 R' B2 R F2 L U2 B L B' U2 R2 B' D;2026-02-13 18:57:26;9.86
10335;9.42;;U' F' U' R2 U' F U2 R D R2 L2 U' F2 D2 F2 D' R2 F2 R2 L2;2026-02-13 18:57:46;9.42
10336;9.76+;;B2 R U L B' R2 U' L2 U2 F L2 B R2 B' R2 B R2 B' D2 R F;2026-02-13 18:58:13;7.76
10337;12.54;;B2 D2 L' D' B' R' U2 B U F2 L2 B2 R2 L' B2 D2 L' U2 R';2026-02-13 18:58:33;12.54
10338;10.34;;R2 U2 F2 U2 B R2 B D2 B' D2 F2 U2 L U F2 U' L2 R' B F' R;2026-02-13 18:58:56;10.34
10339;8.88;;D R2 F2 D2 R B2 L' B2 D2 L2 U2 R' U B D F U B2 L2 R;2026-02-13 18:59:18;8.88
10340;7.96;;R U R' F U' F2 D' L' B U2 R' B2 L2 B2 U2 L B2 U2 R' D2 R';2026-02-13 18:59:40;7.96
10341;9.22;;U2 F D2 F2 U2 L U2 L D2 B2 F2 R' F2 B' D' F' L' F' L2 U;2026-02-13 19:00:01;9.22
10342;9.89;;B2 F2 L' F2 R D2 R' D2 U2 R2 D2 R' D' U2 R2 D' F' D' B2 R;2026-02-13 19:00:27;9.89
10343;9.56;;L D2 R2 U2 L2 F2 R D2 R B2 R' D L' U2 L2 B2 R F' L U2;2026-02-13 19:00:46;9.56
10344;11.92;;D R2 D U2 R2 D R2 B2 D L2 D B2 L R' D' F L2 R F U' F2;2026-02-13 19:01:07;11.92
10345;9.69;;R' B2 R D R F' L2 B' D F2 L D2 R B2 L2 U2 B2 R2 D2 L';2026-02-13 19:01:39;9.69
10346;9.71;;B' D F2 L2 B' R2 L' D' F2 B2 U2 R D2 R' U2 R' B2 L' B2 U';2026-02-13 19:01:59;9.71
10347;9.13;;L2 B2 F2 D B2 F2 L2 D2 B2 D' B2 U2 B' U L' F' R' D2 U L U';2026-02-13 19:02:21;9.13
10348;10.53;;B D' R' F' R' B2 D2 R F2 R2 L2 B R2 F' U2 R2 L2 B' L2 D';2026-02-13 19:02:40;10.53
10349;9.27;;D2 B2 F2 L2 D' L2 U R2 U R' B F2 D2 R F' L' F' D' U2;2026-02-13 19:03:09;9.27
10350;8.00;;U F' U2 R2 D2 B R2 B L2 U2 B' D2 B U' R D2 R' F' R2 F' U2;2026-02-13 19:03:30;8.0
10351;8.49;;F2 U2 R' D B' R2 U' B L' D2 F2 B2 D B2 U R2 D L2 D' B2 F';2026-02-13 19:03:50;8.49
10352;11.13;;L B' D' F R' B' U R' U R2 U2 B2 U2 L' F2 L B2 L2 D2 F2 R2;2026-02-13 19:04:09;11.13
10353;9.27;;L2 U2 B2 U D2 F' R' B' L B2 R' U2 D2 L' U2 D2 F2 U2 L2 F';2026-02-13 19:04:45;9.27
10354;12.58;;U2 D F' R L U' F B' D F U2 F2 R2 D2 R2 U2 F2 B' L2 F' R2;2026-02-13 19:05:17;12.58
10355;8.71;;B2 L2 B2 R B2 U2 L' B2 L' U2 R2 U2 D R' F D' R;2026-02-13 19:06:59;8.71
10356;9.22;;D2 F' D2 U2 R2 D2 U2 F' D2 L2 F' L2 U' L D U2 B2 R2 F L';2026-02-13 19:07:23;9.22
10357;9.32;;D2 F2 D' B2 D L2 U' F2 L2 D L F2 R' U2 B D2 U L2 U2;2026-02-13 19:07:47;9.32
10358;9.93;;R' L2 F U D' B U2 L D L' F2 D2 L' F2 R2 B2 R U2 L2;2026-02-13 19:09:00;9.93
10359;10.89;;R' U' L2 U F2 U' B2 U B2 D2 L2 D' R' B R' F2 L2 D L2 R2;2026-02-13 19:09:22;10.89
10360;10.36;;L' U' D2 L2 D2 U2 B D2 L2 F' D2 B F D U' L' U' B' L F2 L;2026-02-13 19:09:44;10.36
10361;8.95;;U R U2 B2 R' U2 B D2 L2 F2 U2 L2 D' R2 B2 U F2 D2 B D2;2026-02-13 19:10:06;8.95
10362;10.42;;B R F D2 L2 B2 D2 B' U2 R2 F U2 R2 F' D' B L' R B' L U';2026-02-13 19:10:29;10.42
10363;9.18;;B2 U' B2 R2 U' L2 U' B2 D2 L2 R2 U' B' D' L' U B U B2 L F;2026-02-13 19:10:59;9.18
10364;10.50;;D2 B' L' U2 L' B2 L2 B2 D2 B2 L B2 R' B2 D' U2 F L F2 U B;2026-02-13 19:11:38;10.5
10365;9.85;;R D' L F2 U' B' D B R2 U2 B2 R2 U2 F2 D B2 R2 U' R2 D' F;2026-02-13 19:12:03;9.85
10366;8.63;;B' U2 F2 U F2 R2 U F2 U' L2 D' R2 B2 L B F L' B' L2 B' U;2026-02-13 19:12:32;8.63
10367;8.02;;R L' D L2 F B2 D R' F2 B2 D2 L' D2 R' U2 L' F2 U2 R2 F L';2026-02-13 19:12:52;8.02
10368;9.30;;F L2 D2 L' F' B2 D' R2 U2 L2 F2 D2 F2 L U2 L' D2 F2 U;2026-02-13 19:13:14;9.3
10369;10.77;;U2 F D L2 D2 B F2 U2 R2 F' U2 L2 B2 D2 U' B' R U' F' D2 B';2026-02-13 19:13:40;10.77
10370;10.96;;F' U F2 R' L' B2 D2 F' U' R2 F2 L' D2 F2 R2 F2 R2 B2 U2 R U2;2026-02-13 19:14:39;10.96
10371;8.00;;L2 F' R' F2 B2 U' R L D F B2 L2 F' R2 B L2 F2 U2 L2 D2 F';2026-02-13 19:29:17;8.0
10372;8.14;;L2 F2 R F2 R2 F2 R' D2 U2 F2 R' B2 U' L D' R2 B R' U2 R' F2;2026-02-13 19:29:36;8.14
10373;8.83;;U2 B' R2 F' D2 U2 B' U2 L2 F2 L2 U' F' U' L' B D' U L B R2;2026-02-13 19:30:08;8.83
10374;10.09;;D2 B2 F2 R2 F2 L U2 B2 L' B2 U2 R B' D2 L' R' B' L U' R' B';2026-02-13 19:30:32;10.09
10375;13.41;;F' U2 R2 F2 U2 L2 B2 U' L2 U2 R2 F2 L' D R2 U' F D2 U' R';2026-02-13 19:31:06;13.41
10376;10.72;;F L2 F' R2 U2 L2 R2 B' D2 R2 B2 L2 D' L2 U F' D F' L' B' U;2026-02-13 19:31:31;10.72
10377;9.76;;R' B' D2 L2 B2 D2 L B2 D2 U2 R' U2 L' F' D' R' F2 U R2 D' B;2026-02-13 19:31:59;9.76
10378;11.16;;F' B2 R' D' F2 U R2 F D2 R B2 L B2 U2 D2 L B2 L2;2026-02-13 19:32:27;11.16
10379;11.48;;B U D2 L' U2 R' B' U' F2 L D2 B2 D2 L' U2 R2 U2 R D2;2026-02-13 19:32:47;11.48
10380;10.71;;L F L2 U B2 U2 B2 F2 L2 U' F2 U F2 U2 L' R' D U2 B D F2;2026-02-13 19:33:12;10.71
10381;10.56;;F D' F R F U2 B R' F2 D2 F2 B2 L' D2 L2 U2 L' U2 R' B' L2;2026-02-13 19:38:23;10.56
10382;10.14;;U2 L' U' D2 F' L2 B' D L' U B2 R2 U' L2 U D2 B2 R2 U L2 F2;2026-02-13 19:39:30;10.14
10383;8.96;;D F D2 F2 L2 U2 F2 D' B2 L2 D U' R F' R2 B2 D2 B' L;2026-02-13 19:39:57;8.96
10384;8.78;;D2 R2 B2 R2 B D2 B U2 F D2 U2 L' D B R U L R F2 D2;2026-02-13 19:40:17;8.78
10385;8.76;;B2 D2 U2 B' R2 D2 L2 U2 F' L2 U2 R' B2 U2 L' D U' B' R' B2 F';2026-02-13 19:40:37;8.76
10386;8.38;;F B2 D' F2 D' R2 U R2 D' L2 U2 F L' B' R' U' B2 L2 R F2;2026-02-13 19:41:38;8.38
10387;9.45;;D2 F L2 U F2 U2 R2 U2 R2 U' R2 F2 D' L' B' R' U2 R2 B2 D' F';2026-02-13 19:42:25;9.45
10388;8.40;;L2 R2 U' F2 L2 U' L2 D' L2 R2 B2 R' D B' L' R D L' F2 U';2026-02-13 19:45:14;8.4
10389;9.86;;B F2 R2 D2 L2 F' U2 B R2 F R2 L' F' R' D L2 R' B L' U2 B';2026-02-13 19:45:40;9.86
10390;13.26;;D2 U2 R2 F' L2 B D2 B R2 B U2 B2 L D' R' D2 B L U2 F U';2026-02-13 19:46:20;13.26
10391;11.17;;L2 D' F U' B' D R U D L2 U2 R2 F2 D' F2 D R2 U' F2 R' F2;2026-02-13 19:46:45;11.17
10392;9.92;;B U R2 U B' R L F U R B2 U2 R F2 R' D2 L U2 L' D2;2026-02-13 19:47:19;9.92
10393;9.52;;U L2 B2 L U' R F R' U2 R2 U B2 D2 R2 U F2 U R2 D' F';2026-02-13 19:47:45;9.52
10394;9.85;;B2 U2 L2 R2 D' R2 D' B2 D R2 U2 F2 R' D' U2 F R' D' B U L;2026-02-13 19:48:10;9.85
10395;15.25;;F' R2 B U R F U B' R U2 F2 L2 F2 R U2 D2 R' B2 D2 B2 D;2026-02-13 19:48:39;15.25
10396;9.05;;L' U2 R' F2 U2 B2 L2 B2 L2 R' B2 U2 B U F R F2 D B L' R';2026-02-13 19:49:09;9.05
10397;8.03;;B' F2 L2 U' B2 L2 F2 L2 U' B2 U' F2 L2 B' F2 L U2 B2 D' L;2026-02-13 19:49:47;8.03
10398;9.46;;F L2 U R2 F2 U R2 D' R2 U L2 B2 D2 L F2 U R2 F L' U2 F';2026-02-13 19:50:08;9.46
10399;8.98;;L D R2 B U2 L2 B L2 U2 L2 U2 R2 F' D R F L2 B2 L2 F2;2026-02-13 19:50:41;8.98
10400;8.36;;L U2 F B L' B U B R D' R2 F2 L2 F2 U2 R2 L2 U' R2 U R2;2026-02-13 19:51:03;8.36
10401;8.91;;R B2 L' B2 U B' U2 F L' U R2 B2 U' R2 U' R2 B2 U' R2 U' R;2026-02-14 12:52:35;8.91
10402;7.95;;F2 D2 L2 U' R2 F2 D2 L2 F2 U' R2 L' D' B D2 F U2 B2 R F2;2026-02-14 12:52:57;7.95
10403;9.96;;L2 D2 L2 U L2 D R2 U' R2 U B2 R B2 L' D B D2 L' R U2;2026-02-14 12:53:16;9.96
10404;6.71;;U2 L F2 L B2 R D2 R' F2 R U' R2 U B L' R' F' R' D' R';2026-02-14 12:53:38;6.71
10405;8.05;;F2 L2 U2 R' D' R' F' R' U R2 D' L2 F2 U2 L2 D' B2 R2 D' B2;2026-02-14 12:53:59;8.05
10406;9.39;;L' B2 D2 F2 R' U2 L' R2 B2 L' R' U' R2 U' L' F' U2 B D U';2026-02-14 12:54:20;9.39
10407;10.15;;U' D2 L' D2 R B2 L2 D2 U2 F2 D2 R F2 D' L' U' F U' L' R' B;2026-02-14 12:54:42;10.15
10408;11.33;;B' R2 F2 D2 R' B2 D2 L D2 F2 U2 F' L2 U' R' F2 L' B D;2026-02-14 12:55:11;11.33
10409;9.16;;L2 F2 L2 D2 F' U2 B' R2 U2 F2 R2 U' F2 D L' U2 B2 U' L' R';2026-02-14 12:57:39;9.16
10410;10.51;;F' U2 B2 F2 L' D2 U2 F2 D2 U2 R D2 U' B D2 F2 L U' B D2;2026-02-14 12:57:59;10.51
10411;11.12;;F2 U' L2 F2 D2 R2 U' R2 B2 D' U' F2 L D U2 B D' U2 L' R B;2026-02-14 12:58:24;11.12
10412;8.66;;F' U2 B2 L2 U B2 U' B2 L2 D2 U2 L B2 R F' L U2 L U';2026-02-14 12:58:50;8.66
10413;9.92;;F' L2 F U2 F' L2 D2 F' R2 U2 R2 F' R F D F2 U2 R2 U2 L' D';2026-02-14 12:59:10;9.92
10414;10.78;;F2 U2 F2 D L2 B2 U L2 B2 D' R2 L F2 R2 U R B' F2 R2 D' U';2026-02-14 12:59:47;10.78
10415;9.49;;D' U' F2 L2 U' F2 R2 D' B2 F2 U' L F' D' L2 U2 L D2 U2 B2;2026-02-14 13:00:36;9.49
10416;9.75;;L2 R2 D F2 D B2 R2 F2 D F2 R2 F L2 R' B' L D2 B' F D' U';2026-02-14 13:00:58;9.75
10417;9.29;;D2 F2 B' L' B D' L U' F R2 F2 U2 D F2 L2 D2 R2;2026-02-14 13:01:22;9.29
10418;9.63;;L2 F' D2 B' D2 B U2 B' U2 F D2 F U F' L B U' B' U2 L2 F';2026-02-14 13:01:48;9.63
10419;10.25;;B2 L D F2 L2 D' R2 F2 D2 F2 D L2 B2 U L' B L2 R F' D';2026-02-14 13:02:15;10.25
10420;9.67;;U2 L' U L' B' U2 L R2 D2 L2 F2 R2 B' L2 B' L2 F L' F';2026-02-14 13:02:50;9.67
10421;8.04;;D' L D2 R' U R' F' D F' L2 F D2 B2 U2 F L2 F D2 B L2;2026-02-14 13:03:18;8.04
10422;7.63;;R' L' U D B' R F' L' D F2 B2 D2 R' L' U2 R F2 L2 D2;2026-02-14 13:03:36;7.63
10423;8.26;;B2 D' F2 R2 B2 D' L2 U2 B2 U2 R2 B D U2 F R' D2 B2 L D';2026-02-14 13:03:55;8.26
10424;8.29;;U L2 B2 U2 L2 F2 U' L2 U2 F2 D' L2 B' F' L D F' R F2 R U;2026-02-14 13:04:13;8.29
10425;9.54;;B R2 F2 U R2 F2 U2 R2 D U2 F2 R D2 L2 B U' B2 L R U;2026-02-14 13:04:31;9.54
10426;9.18;;U2 B' R F' D' B U L D U2 F2 L F2 R' F2 L2 B2 R' F2 B2 L;2026-02-14 13:04:55;9.18
10427;8.50;;B2 R' F2 U L' U2 F' D L2 B2 U' R2 B2 U R2 L2 U' F' L2;2026-02-14 13:05:15;8.5
10428;9.01;;U D' L2 B2 R' B2 U L' F D2 R2 D B2 U F2 B2 L2 U' F2 B2 R2;2026-02-14 13:05:35;9.01
10429;11.50;;F D L' D2 F2 L U2 F2 R' U2 R2 B2 U2 D' L' R' F L' B D;2026-02-14 13:06:33;11.5
10430;7.98;;U' R' F U2 R2 F U2 R2 B2 R2 B' F2 R2 F L' U F' D' L2 F D2;2026-02-14 13:07:05;7.98
10431;10.67;;U2 R2 B2 L2 R2 U2 R2 U2 F D2 B2 R B R' D U' L' D L;2026-02-14 13:07:24;10.67
10432;10.63;;R D2 B2 F2 R' B2 D2 R' F2 U2 B2 R F' R' F' D' B' D' R B U;2026-02-14 13:07:53;10.63
10433;8.30;;B2 R2 B2 U2 F2 R' B2 L2 D2 U2 R' D L' F2 D' U F U;2026-02-14 13:08:15;8.3
10434;12.32;;B2 U2 F R2 D2 B D2 L2 B' R2 B' D' B' F U' F2 L' R' B D;2026-02-14 13:08:52;12.32
10435;10.55;;B L2 F U2 L2 D2 U2 F' R2 B2 L2 B U' B' R D' R2 B L2 D2 F;2026-02-14 13:09:26;10.55
10436;13.81;;F2 L2 U' L2 D R2 D' L2 U2 R2 U L2 F L' U' B2 F L B F R;2026-02-14 13:09:46;13.81
10437;8.88;;R' B2 L2 B' U2 L2 F' D2 B2 U2 L2 F' D' B D2 L' D R' D2 F';2026-02-14 13:10:11;8.88
10438;9.63;;F' D' R2 D' R2 D2 F2 D' R2 B2 R2 L B2 F' L U' L' B' F U2;2026-02-14 13:10:36;9.63
10439;10.47;;F' R L F2 U' F U' L' B' U' F2 R2 U R2 U2 D B2 U R2 L2;2026-02-14 13:10:58;10.47
10440;10.34;;L2 B2 D2 L2 D R2 B2 F2 U R2 D2 B' U2 F' U F2 R' D' B U2 F';2026-02-14 13:11:19;10.34
10441;12.08;;F2 D' R2 U F2 U' L2 R2 D' U' R2 B' L' R2 U2 F2 U B' D L;2026-02-14 13:13:56;12.08
10442;11.66;;U' F2 D L2 U B2 D L' F' R' D' L' D B D B L2;2026-02-14 13:14:26;11.66
10443;11.96;;B' R2 U2 F2 L2 F2 L2 D' F2 D R2 D' F L' B D2 F L' D' B2;2026-02-14 13:17:21;11.96
10444;10.49;;R' U' B' L2 F' D2 R2 U2 L2 R2 B D2 R2 F2 L F' D' R2 U' L2 B';2026-02-14 13:19:07;10.49
10445;11.80;;F' R' U2 L2 U2 L2 F' D2 F D2 B2 L2 U F D2 L' B L' B2;2026-02-14 13:19:33;11.8
10446;9.29;;R' U2 L2 D' R2 U R2 B2 U' F2 U' L U F' R2 U R' B2 U R2;2026-02-14 13:19:58;9.29
10447;8.73;;F2 D L2 D2 U F2 L2 D2 F2 L2 U L' R' D2 F' L2 U' F' L2 R2 D';2026-02-14 13:20:39;8.73
10448;9.16;;U' R2 F' L' F R' L2 U' D2 L B2 R U2 D2 L2 U2 L' U2 F2 D;2026-02-14 13:21:00;9.16
10449;11.94;;F' D2 F' U2 L' F2 L' D2 F2 R2 U2 B2 F2 L D F' U2 R2 U' L2 R;2026-02-14 13:21:24;11.94
10450;11.15;;U L R B2 R2 F2 D2 R' D2 U2 R B L' U2 R U' F R B R2;2026-02-14 13:21:53;11.15
10451;7.22;;D2 B2 L2 F' L2 U2 B2 R2 D2 F2 L2 B' U R D' B R2 B R D F;2026-02-14 14:10:44;7.22
10452;10.23;;L F2 U D B R' L' U2 R2 F2 D2 F U2 F' D2 L2 B R F2;2026-02-14 14:11:04;10.23
10453;13.09;;R2 U2 F R2 U2 B2 L2 R2 U2 F2 D B D R2 F2 R U2 B D';2026-02-14 14:11:36;13.09
10454;10.21;;B R' B L2 D2 B U2 F R2 U2 B2 U2 B2 L' D L' R2 U R B;2026-02-14 14:12:14;10.21
10455;8.04;;L2 B2 U' L2 U2 L2 F2 D B2 R2 U2 B2 L F D R' F U B' R' B';2026-02-14 14:12:34;8.04
10456;DNF(9.42);;U2 B2 L2 B' L2 F' L2 D2 F2 R2 D2 B2 R D' U L' U L B D2 L';2026-02-14 14:12:56;9.42
10457;12.68;;R B2 D2 L2 F D2 F U2 B2 U2 R2 B L R' F R F2 U2 R2;2026-02-14 14:13:17;12.68
10458;12.14;;R' D' R2 D2 F' R2 F L2 B R2 D2 U2 F' R' D F' R' U' B2 U';2026-02-14 14:13:40;12.14
10459;10.84;;L2 D R2 D2 U' L2 D' R2 B2 F' D L U2 R D' L2 R' D2 R;2026-02-14 14:14:03;10.84
10460;7.52;;D2 F' R' B2 U' D R B' D' B2 L2 B2 U' R2 U2 R2 B2 R2 B2 R;2026-02-14 14:14:24;7.52
10461;8.40;;B2 R F D' R2 D' R F' L' D2 L2 D2 R2 F2 U2 B D2 B R2 F';2026-02-16 14:42:42;8.4
10462;8.68;;D2 L' F' U' R2 U' L' U' F' D2 B' U2 F' R2 B' D2 F2 U2 B D';2026-02-16 14:43:38;8.68
10463;8.28;;U2 L' D2 B U2 F2 L F U2 B L2 B' R2 F' R2 U2 F2 D2 F' U;2026-02-16 14:43:58;8.28
10464;13.76;;F2 L2 D B2 U2 F2 U' B2 R2 D2 F R2 U2 R F D U' F' L';2026-02-16 14:44:19;13.76
10465;10.28;;L2 U2 B2 D' L D B' U L' U D F2 L2 F2 U' F2 U' B2;2026-02-16 14:44:46;10.28
10466;10.52;;B2 R2 F' U L B L' D F' U2 D2 R F2 U2 R2 L' F2 D2 R' U2;2026-02-16 14:45:21;10.52
10467;10.01;;U D' B2 D F R' B L' F2 R2 D' F2 L2 D' L2 U B2 D' R2;2026-02-16 14:45:43;10.01
10468;12.42;;U B2 L2 R2 U' B2 L2 R2 U B2 F2 U L' U2 F D L F U B R2;2026-02-16 14:46:22;12.42
10469;9.52;;R2 B2 R2 F2 R2 D2 F2 D' R2 U' L2 R2 B R' D' L' D2 F2 D' F U';2026-02-16 14:46:51;9.52
10470;9.80;;F B2 U' F2 L' U F D' R' F2 D2 F2 D2 R2 L' D2 R F2 L2 F;2026-02-16 14:47:23;9.8
10471;9.10;;U' L2 D' B2 R2 B2 R2 D2 U' L2 D' R B F L F2 R2 F' U B2 R';2026-02-16 14:47:44;9.1
10472;10.19;;F D' R2 F U' R D' F' L F2 U2 R B2 D2 B2 L' F2 L U2 B;2026-02-16 14:48:45;10.19
10473;13.61;;B R U2 L' F2 L2 R' F2 L2 D2 U' B2 F D' L' R U B R';2026-02-16 14:49:14;13.61
10474;9.49;;L' R2 D2 B2 D R2 B2 F2 D' L2 D U F' L2 U' R2 D' R F U2 F2;2026-02-16 14:49:39;9.49
10475;8.08;;F2 D L2 R2 U' B2 D L2 B2 F2 D2 L2 F L2 R' D L' D' F U F;2026-02-16 14:49:58;8.08
10476;8.99;;D2 R2 U2 F' R2 B' D2 B' R2 L' U' B' D2 R' B' R2 B D F;2026-02-16 14:50:17;8.99
10477;10.15;;L' F L2 U2 F2 U2 F L2 F' U2 B R2 F2 R' U' B' F2 D B F';2026-02-16 14:50:44;10.15
10478;8.83;;B' U2 D L' F2 B2 D' L2 F2 D2 B R2 B2 R2 U2 F' D2 F' L D2;2026-02-16 14:51:10;8.83
10479;7.91;;F B' U F D2 B D' R F2 R2 F2 L2 U2 L2 B' U2 R2 B2 L2 U R;2026-02-16 14:51:57;7.91
10480;9.63;;D2 L D L' D R2 D' B2 R2 F' D2 R2 L2 B2 L2 F' R2 B' R' D;2026-02-16 14:53:11;9.63
10481;16.22;;B R2 U2 L2 U2 F D2 F U2 L2 U F2 U R' F' U B F2 D2 R;2026-02-16 14:53:35;16.22
10482;10.25;;L' F' R2 D2 U2 F2 R2 D2 L2 F L2 D B' U2 L' F2 L U' F' R;2026-02-16 14:54:05;10.25
10483;8.79;;D2 L2 R2 B2 L2 F R2 B L2 B R2 B U' B' L2 B R' U2 B D L;2026-02-16 14:54:38;8.79
10484;10.75;;L2 B2 D2 U2 F' L2 D2 F2 U2 F' L' F' D2 U2 L U' F R2 D2;2026-02-16 14:55:00;10.75
10485;10.27;;R U2 L' F U' F' B' D' B' L F2 R D2 R D2 L B2 R;2026-02-16 14:55:33;10.27
10486;9.19;;F' D2 F2 U2 F2 D L2 D2 U' B2 L2 B2 R' B' L2 U F R' U R' B2;2026-02-16 14:55:55;9.19
10487;10.00;;L' R2 B' R2 D2 L2 B' R2 B' U2 L2 R' U R D' F' D2 L' D2 R;2026-02-16 14:56:14;10.0
10488;8.74+;;B2 D' F R F B2 D' U2 F U2 R2 U2 B R2 U2 B R2 U B;2026-02-16 14:56:38;6.74
10489;11.33;;D B U2 R D2 B2 L2 D2 L U2 F2 L2 U2 L' D B R' U2 B2 L2 B;2026-02-16 14:56:55;11.33
10490;10.32;;D B L B' L D' R2 U R2 B' R2 D2 F B2 U2 F L2 F R;2026-02-16 14:57:24;10.32
10491;13.92+;;B' D' L' U2 F2 U F U F2 U2 L2 U2 B2 D2 F2 R2 U' L;2026-02-16 14:57:44;11.92
10492;9.19;;U2 F' U2 R2 F2 L2 F2 R2 F' U2 D' R' D L' B2 D U' R U' F;2026-02-16 14:58:08;9.19
10493;11.28;;B2 U2 B2 L2 U L2 D' F2 L2 F2 L2 B' L' R' U' B' D' R' U2 B';2026-02-16 14:58:28;11.28
10494;11.45;;F D2 U2 B' R2 F R2 B' D2 L B2 D F U' B F2 L' F D';2026-02-16 14:59:16;11.45
10495;10.25;;B2 D' L' F2 U F2 D2 B2 U2 R2 D L2 F2 L2 F' L U R' D2 B U';2026-02-16 14:59:49;10.25
10496;9.28;;D2 F2 R2 U F2 R2 D B2 D2 F R B2 R2 D' L D' L' B2;2026-02-16 15:00:11;9.28
10497;9.84;;F' R2 D2 B2 D F2 U2 L2 D F2 L2 R2 D2 L B R D F2 U R' D;2026-02-16 15:00:32;9.84
10498;8.42;;R' D' B2 D2 B2 U' F2 D' L2 R2 F2 U' L2 R' U' F2 R' F' R2 U' R2;2026-02-16 15:01:00;8.42
10499;8.85;;R F2 D B2 D' R U2 D R' D2 F' B' L2 F2 U2 L2 F D2 F;2026-02-16 15:01:20;8.85
10500;12.28;;R D B2 F2 D' B2 D' F2 R2 D' F2 L' F L2 R2 U F2 L D' R;2026-02-16 15:01:39;12.28
10501;7.59;;U L2 F R2 U2 R2 F U2 F L2 D2 R2 F' D' L F R U L2 U F';2026-02-16 15:11:44;7.59
10502;9.85;;B L' F2 L2 U2 F R2 D2 U2 B L2 B2 L2 U2 D B D' B D B L';2026-02-16 15:12:02;9.85
10503;8.88;;B' R2 D' B' L' B' D2 F U' F2 R' F2 B2 R2 F2 L' U2 L2 B2 U2 R;2026-02-16 15:12:21;8.88
10504;8.01;;L2 F U2 F2 R2 F' U2 F' D2 B2 U2 F D' B' L' B2 R2 B' U2 F2 U';2026-02-16 15:12:43;8.01
10505;10.37;;B U2 B2 U2 L2 F2 L2 U B2 D' B L D2 R' B' R2 B L2 D;2026-02-16 15:13:12;10.37
10506;9.51;;L U' F' B2 U L2 B2 R2 F2 D' L2 U2 L2 U2 B L' F' L' U' B R2;2026-02-16 15:13:33;9.51
10507;10.07;;U' L2 D' B2 F2 U L2 F2 U2 L2 F2 U2 L' U' B2 R B' L' R' D2 B';2026-02-16 15:13:58;10.07
10508;9.65;;L2 D' L2 B2 D' L2 R2 D' U L2 F L R F L2 B' L R U R2;2026-02-16 15:14:24;9.65
10509;10.05;;B' L' U2 F2 L2 U2 L2 B' U2 B' L2 F' U2 F' D' F2 R2 U L2 R' D;2026-02-16 15:14:49;10.05
10510;8.02;;F B' U2 R' D' R B' L2 D U2 L D2 R2 F2 L B2 R' F2 U2 F2 D2;2026-02-16 15:15:15;8.02
10511;8.48;;R2 B' R F' U B R' F U D L2 D' R2 U' R2 D2 L2 B2 D F;2026-02-16 15:15:36;8.48
10512;11.42;;R' L2 F2 L' B U' D2 R' U2 L2 F2 D F2 L2 D' F2 R2 L2 D F2;2026-02-16 15:15:56;11.42
10513;9.92;;U L' B2 R' B2 R' U2 L D2 F2 R' B2 R' U F2 R F' D' F L' B2;2026-02-16 15:16:36;9.92
10514;10.68;;D2 F2 R2 B' R2 F' U2 L2 F R2 F' D' L U' L2 B F2 D U B' L';2026-02-16 15:16:56;10.68
10515;9.08;;F R2 F2 D' U2 L2 F2 D2 U B2 R2 F2 B' R U' F D U' L R2 U;2026-02-16 15:17:19;9.08
10516;7.94;;R F' L F B2 U' D2 B D' B2 L B2 R2 B2 U2 L B2 R U2 D2 R2;2026-02-16 15:18:10;7.94
10517;9.16;;F R F2 D F2 D' R2 B2 U F2 U2 F2 D2 F' U B2 L2 F' L F;2026-02-16 15:18:28;9.16
10518;9.37;;F' B2 R2 D' R2 D' B2 F2 U' R2 F2 D' F' R' D2 L2 F' D2 R U L';2026-02-16 15:18:50;9.37
10519;10.09;;R' F2 D' U2 B2 L2 D' U F2 R2 F U R2 D' F R B F L;2026-02-16 15:19:11;10.09
10520;9.74;;R2 B D' F2 U B2 U R2 U' L2 U' R2 U2 R' B' D2 R2 D R' F;2026-02-16 15:19:33;9.74
10521;9.28;;L' F U' F2 B D F2 B L U2 R2 F U2 B' U2 R2 B L2 B' D2 F';2026-02-16 15:20:09;9.28
10522;8.52;;B' L' F' D2 R' U R' U B2 D2 L2 U' B2 D' R2 D L2 B2 D F';2026-02-16 15:20:39;8.52
10523;10.65;;U F' L2 F' R2 F' R B2 U' F2 B2 U2 B2 D' R2 B2 D F2 D B' L';2026-02-16 15:21:00;10.65
10524;9.07;;U2 L2 B L2 D2 B' D2 F U2 B' R2 D F2 U2 B D' B L U F;2026-02-16 15:21:22;9.07
10525;9.52;;B' D' U2 L2 R2 B R2 B D2 F2 R2 F' R2 U2 R' F' L' D' L' B D;2026-02-16 15:21:46;9.52
10526;8.68;;B2 U2 R U2 R' F2 R U2 L R B2 D B' F L B2 R' U' F' D;2026-02-16 15:22:07;8.68
10527;9.52;;U2 B L' D B2 L2 U' L2 F2 L2 D2 F2 D2 F L D2 B2 R' U B;2026-02-16 15:22:27;9.52
10528;8.99;;R2 B D2 L' D R' L D' B2 R2 U2 F' D2 B' D2 F2 D2 R2 D;2026-02-16 15:22:46;8.99
10529;10.74;;U' F' D2 R2 B' L' B2 D' L D2 R2 U2 B2 U2 R' B2 D2 R2 F2 B;2026-02-16 15:23:05;10.74
10530;10.33;;D' L U F R2 L B R B' L2 D' L2 D F2 D2 R2 B2 U' L2 B;2026-02-16 15:23:31;10.33
10531;9.61;;U' R' D2 B2 R B2 L' B2 R2 F2 L B2 R' U B2 F2 R F' R2 D' L';2026-02-16 15:23:55;9.61
10532;9.32;;D' R2 F2 D' U2 L2 U2 L2 F2 D B2 F L U L2 F2 R' U2 B';2026-02-16 15:24:24;9.32
10533;9.88;;D' B2 L2 U2 R2 F2 L2 D' F2 R2 U L B' F L' U' R' F' R D2 B';2026-02-16 15:24:45;9.88
10534;9.56;;F2 D2 R2 D2 U2 R' D2 L' F2 L2 B2 R' F' U' L2 U2 B2 R F' U B;2026-02-16 15:25:10;9.56
10535;8.98;;D F L B2 F2 D2 L B2 R D2 B2 L' U2 B L2 R' F' R2 U;2026-02-16 15:25:34;8.98
10536;10.54;;B' R2 F' L F2 U F R B2 U2 R2 B2 R' D2 B2 D2 F2 U L;2026-02-16 15:25:53;10.54
10537;10.31;;U' D' B' U' R2 L U2 B' L2 U L2 D' L2 B2 U2 B2 D' R2 B2 D' L;2026-02-16 15:26:13;10.31
10538;8.31;;L' R' B2 F2 U2 L' U2 L B2 R2 U2 B2 F' U F' D' U2 L U' L2 R;2026-02-16 15:26:34;8.31
10539;8.04;;L2 B2 D2 R2 B D2 F2 R2 D2 B D' B' F2 R B L D' F' L' B2;2026-02-16 15:26:53;8.04
10540;7.22;;F D2 L2 R2 B U2 R2 F U2 B' U2 D F R' F2 L' B2 L2 B2 U R2;2026-02-16 15:27:11;7.22
10541;9.87;;B2 R2 U2 L2 D2 R2 D' F2 D F2 R U2 B' D L F' D2 L' D2 U;2026-02-16 15:27:28;9.87
10542;9.84;;U L2 U' L D' B' R' B2 R2 B2 R2 U D2 F2 U' L2 B2 U B2;2026-02-16 15:27:49;9.84
10543;10.89;;U F2 U2 R2 B U2 F R2 F2 U2 F' D2 L2 R' D' B' U L F' D' R2;2026-02-16 15:28:23;10.89
10544;8.54;;R D2 F' R D R L2 B' U' F2 D' F2 U F2 R2 F2 B2 U2 D B2;2026-02-16 15:28:50;8.54
10545;11.85;;F U2 B2 D2 U L2 U B2 U L2 F2 B' D' L F' U2 F2 R' B2 D;2026-02-16 15:29:11;11.85
10546;11.00;;F2 L2 D' L2 B2 U' L2 B2 L2 F2 U' F' U2 B' D L R' B U2 F' L2;2026-02-16 15:29:58;11.0
10547;9.27;;R' L U' F L2 D B2 U L D2 F' R2 F2 L2 U2 R2 F2 D2 F R2 D2;2026-02-16 15:30:27;9.27
10548;11.32;;B2 U2 L2 B2 F2 L F2 L2 F2 R' F2 B R2 D' R F D B' D' B2;2026-02-16 15:30:48;11.32
10549;7.75;;U2 L2 B' L' D2 B' U L' R2 F2 R2 U2 F B' U2 F' U2 L2;2026-02-16 15:31:12;7.75
10550;9.53;;U F' L2 R2 F2 L2 U L2 D' B2 U2 B2 R' F' L R' D' B' R D';2026-02-16 15:31:30;9.53
10551;10.88;;U2 R' F2 U2 R' B2 R U2 B2 R B2 U' F' R U' R' B F2 D' B;2026-02-16 15:31:49;10.88
10552;10.78;;F D' L' F2 D2 L F2 L2 B2 R U2 R' F2 D2 B' D2 U B2 L2 D B';2026-02-16 15:32:10;10.78
10553;11.29;;R' F R2 U2 R2 B2 R2 B2 D2 R2 D' F2 U' L2 R' D U' B' R F' D;2026-02-16 15:32:30;11.29
10554;10.09;;U L' D' F' R2 D' R' L2 F' L2 F' L2 U2 F' B' L2 U2 L2 B R;2026-02-16 15:32:54;10.09
10555;11.22;;D' R F' R2 F2 U L2 D L2 D' B2 U' L' F' U L' B L' R';2026-02-16 15:33:15;11.22
10556;8.23;;D2 F' L2 F2 L2 F2 D' R2 U' L2 D R2 D2 F' R' D2 L2 U F' D';2026-02-16 15:33:38;8.23
10557;10.34;;R2 D F2 D2 B2 R2 U' L2 D2 B2 L2 U' L B' U' R2 F D L2 B2 R;2026-02-16 15:36:31;10.34
10558;9.57;;U F2 L2 U L2 B2 L2 D F2 U2 R2 L' B' F2 U' F2 R' D B F L';2026-02-16 15:36:53;9.57
10559;10.86;;U2 F2 R2 F2 R2 U' B2 D' F2 U B R B' F2 U' F R D L' R2;2026-02-16 15:37:34;10.86
10560;9.83;;D2 U2 B U2 L2 F' R2 B' U2 F' R2 B L D2 B2 R' D' F2 L' B R';2026-02-16 15:37:55;9.83
10561;11.28;;D2 F2 R2 D2 B' D2 B2 R2 D2 B F' D F2 L' F2 R2 D2 F' U B;2026-02-16 15:39:00;11.28
10562;10.15;;D2 F' D2 R2 D2 B2 D2 F L2 B2 L2 B' U L2 R B' L' D' B2 F2 L;2026-02-16 15:39:24;10.15
10563;9.72;;F' U2 L2 F U2 L2 F L2 F2 U R' B' R' F L F2 R2 F R';2026-02-16 15:39:44;9.72
10564;9.63;;D2 L2 B D2 F U2 F2 D2 L2 F2 R2 D' L F' D2 U2 L D2 B' F2;2026-02-16 15:40:05;9.63
10565;10.80;;L2 D' F2 D' F2 L2 F2 U2 B2 D2 F2 R' F' U L2 R F L' U' L2 B2;2026-02-16 15:40:27;10.8
10566;8.05;;D R2 D L2 D2 R2 B2 D R2 U' L2 U B L B R F2 L U B F2;2026-02-17 14:24:57;8.05
10567;9.83;;R F2 U R2 F2 U B2 U' B2 U2 L2 F2 L D2 U F' L B D' L B2;2026-02-17 14:25:15;9.83
10568;9.89;;F2 L2 F' U2 B' D2 F L2 B' L2 R2 U B F R D F' D' L F2 D';2026-02-17 14:26:03;9.89
10569;8.28;;R2 F2 R2 U' F2 D2 F2 U F2 U F2 L' B2 D L' R' B' U L2 U2 R2;2026-02-17 14:26:22;8.28
10570;8.85;;L' D2 R2 B D2 B U2 R2 B F2 R2 B2 L U2 B' D' F R2 U' B;2026-02-17 14:26:38;8.85
10571;8.36;;U B2 F2 D L2 D' F2 L2 R2 U L2 R' D' U2 F2 L B' U B' F2;2026-02-17 14:26:56;8.36
10572;9.76;;D' R' B2 U' R2 F2 D2 F2 D' B2 L2 B R' F U' R D U2;2026-02-17 14:27:13;9.76
10573;9.30;;L B D' L' B R2 L U' L' U2 B2 L' F2 D2 L2 D2 L' B2 D2 B;2026-02-17 14:27:32;9.3
10574;11.19;;D B2 R2 U B2 L2 D U2 R2 U B2 F2 L B L' R F' D R2 D2 F;2026-02-17 14:27:52;11.19
10575;10.13;;D2 L2 B U2 F L2 B' L2 U2 R2 U' B' D B' L' F D2 B' R2 F2;2026-02-17 14:28:25;10.13
10576;8.50;;D B L D B D R B' D R D2 R' D2 R D2 R' B2 L U2 F2 R;2026-02-17 14:28:58;8.5
10577;10.58;;R' F U2 R2 U F2 D' L2 U F2 U F2 R2 B2 L D2 R B' L U' L;2026-02-17 14:29:26;10.58
10578;9.29;;B2 U F R' L B2 D F2 U2 B2 R2 F L2 F D2 B R2 F2 D;2026-02-17 14:29:49;9.29
10579;9.61;;B' D2 B2 L2 U' B2 L2 U R2 F2 U F' D2 B' R U' R B U2 R';2026-02-17 14:30:07;9.61
10580;9.88;;D B2 U F2 L2 F2 L2 D2 R2 U F2 U' B U R B F' L2 D2 R' F';2026-02-17 14:30:27;9.88
10581;8.35;;R F2 U2 B2 R' B2 D2 L U2 R' F U' L D' R2 D F' R U';2026-02-17 14:30:48;8.35
10582;8.46;;D2 R2 B2 L B2 F2 R2 B2 U2 R' B2 R' U' B2 L D L2 D2 R' B' U';2026-02-17 14:31:09;8.46
10583;11.64;;B' L2 D2 L U2 R2 F2 L' F2 L' B2 L' B' L D F R' F2 U L D2;2026-02-17 14:31:26;11.64
10584;11.62;;F L' D R2 L2 F2 B L2 U' R2 B2 D2 F2 U' B2 D L2 U2 L B U;2026-02-17 14:31:48;11.62
10585;10.07;;F U2 B2 D' F' L D F U' L2 D' B2 L2 U2 B2 L2 D2 B2 U F2;2026-02-17 14:32:08;10.07
10586;10.25;;D' R' U2 R L' D' R' U D' L2 F B R2 D2 R2 D2 F' R2 B2 L2;2026-02-17 14:32:40;10.25
10587;10.07;;F R2 L' D L2 U2 L F2 L2 F' L2 F' R2 F' L2 F' L' B2;2026-02-17 14:33:01;10.07
10588;11.87;;L' D2 L' F2 R' B2 F2 R' B2 U2 R2 B' L2 R' F D' B' U2 R' D;2026-02-17 14:33:44;11.87
10589;9.85;;B' R2 D F2 U2 L2 F2 D' R2 U R2 F2 B R2 F' L U' R2 D' F;2026-02-17 14:34:06;9.85
10590;8.89;;L2 U2 R2 F' L2 U2 B F2 L2 F D2 F2 R' D U2 F D' F' L2 R2 U2;2026-02-17 14:34:25;8.89
10591;7.77;;U2 F' R2 F2 U2 B2 R2 D F2 U F' R F' U L2 B2 L' F2;2026-02-17 14:34:41;7.77
10592;10.65;;B2 L2 B' R2 F' D2 B' D2 U2 F' R2 L' U2 B D' B' L U' B';2026-02-17 14:34:57;10.65
10593;9.70;;D R' B2 F2 D2 L2 U F2 U L2 U' L2 B L' B2 F' D L D' R;2026-02-17 14:35:29;9.7
10594;8.82;;L B2 F2 D2 R2 D L2 U' R2 B2 D L2 F' U2 B' D2 L' D R' D2;2026-02-17 14:35:49;8.82
10595;9.14;;D B' R' B2 L D2 U2 L U2 L D2 R2 D2 B L2 U2 F U' L2 F;2026-02-17 14:36:10;9.14
10596;9.52;;R2 D' L2 D' L B2 R F B2 D2 L2 F2 D' R2 D F2 R2 D' B2 F;2026-02-17 14:36:32;9.52
10597;11.04;;D' F' L' B2 F2 R' D2 B2 D2 B2 L' R' B2 F' D' L F L2 D F' U';2026-02-17 14:36:52;11.04
10598;10.50;;B2 L F' D2 L2 U2 R2 B F2 D2 B' L2 B2 U2 D' R2 B' L F' U B';2026-02-17 14:37:13;10.5
10599;9.26;;U2 L2 U2 B2 F2 L' U2 F2 L' B2 U2 L' F L' D' F D L B L;2026-02-17 14:37:45;9.26
10600;12.72;;R2 D' R2 B2 D B2 U' L2 R2 D' L2 B R' B R2 D L' U F2;2026-02-17 14:38:04;12.72
10601;9.99;;B' D2 F2 D2 L2 B2 F2 U F2 L2 D' L' B U R' D' U F D L;2026-02-17 14:38:30;9.99
10602;8.20;;B U L' D F2 D2 B D2 L U2 L F2 U2 D2 R' F2 B2 L' U F D;2026-02-17 14:38:50;8.2
10603;9.85;;B D B2 U2 L2 B' F R2 F L2 F' U2 F2 L' B R U L' B D B2;2026-02-17 14:39:06;9.85
10604;8.33;;L2 F B' U' L U F D B F2 L D2 F2 D2 B2 R L F2 D2 R2;2026-02-17 14:39:25;8.33
10605;8.26;;B U R2 L U2 F' L' B' U' D2 B2 R2 D2 B2 R B2 R U2 L' F2 R;2026-02-17 14:39:43;8.26
10606;9.80;;U L' F2 U2 L R2 F2 L' U2 L2 B2 U2 D' B D2 L' R' U2 L;2026-02-17 14:40:00;9.8
10607;9.88;;F' B2 U R' B L F' B' L' F2 D B2 U F2 U' F2 R2 D L2 U2;2026-02-17 14:40:18;9.88
10608;11.60;;U' D R D' B2 R U R2 B' R' B2 R' B2 D2 L2 F2 B2 L B2 R B2;2026-02-17 14:40:41;11.6
10609;9.99;;R L2 D2 B' U2 B D2 B2 F' D2 F D2 F' L F' R' B U' F' D;2026-02-17 14:41:02;9.99
10610;8.91;;F' D F' L' D R' F' R' B F2 R L F2 L' B2 R' D2 R2 U2 B2 D2;2026-02-17 14:41:32;8.91
10611;8.62;;U2 L' D2 U2 L' B2 R' F2 L' B2 L2 B' L' D' U' R B2 F' R' D2;2026-02-17 14:42:03;8.62
10612;10.46;;U' L2 F' R2 F2 U' B2 U' F2 R2 U2 L F R' B' L' D2 B2;2026-02-17 14:42:20;10.46
10613;9.34;;D2 L' U2 L2 D2 F2 D2 R' U2 L2 R' B2 F' D2 U F2 D B2 L F U2;2026-02-17 14:42:40;9.34
10614;8.83;;D B2 U2 F2 R2 U2 R2 F2 U R2 U2 R' B F' L U2 R U' L2 F' R;2026-02-17 14:42:56;8.83
10615;8.01;;D2 B' R' B2 D B D L D B' D2 R2 F U2 R2 U2 B D2;2026-02-17 14:43:12;8.01
10616;8.95;;B2 U2 L2 U B2 U R2 F2 U' L2 R2 D' L' D2 F L' B' U2 B' D' B';2026-02-17 14:43:32;8.95
10617;9.81;;B2 R2 U' B' L U2 D R2 L D2 F L2 U2 F' R2 U2 F B L2 B L2;2026-02-17 14:43:59;9.81
10618;10.59;;F2 U' F L2 U2 D' F' R F2 U L2 B2 D R2 U F2 U2 D F2 U;2026-02-17 14:44:17;10.59
10619;9.23;;L' B R2 F2 R2 D' R2 D2 B2 D2 B2 R2 U2 B' U2 L D' U L2 F2;2026-02-17 14:44:37;9.23
10620;8.74;;F' D U2 R2 D2 L2 B U2 F D2 R2 D2 F2 R' B L' F' U2 L' U L';2026-02-17 14:44:57;8.74
10621;12.67;;B U' B L' F D' B2 U' B F2 R D2 R' F2 D2 F2 L' B2 L2 F2 R;2026-02-17 14:45:14;12.67
10622;9.85;;B' R2 D B2 L2 B R2 D2 L2 D2 B U2 B' D' L2 R U L B' L2;2026-02-17 14:45:36;9.85
10623;8.16;;L' R2 D2 B R2 U2 B' D2 B2 D2 F R2 B' U R2 F L2 R B' L' B;2026-02-17 14:45:54;8.16
10624;9.70;;B2 L U2 D' F' U2 F2 R U' L2 U L2 B2 U' R2 F2 R2 D' R2 B' U;2026-02-17 14:46:13;9.7
10625;8.79;;R2 F2 U2 F' D2 F' D2 U2 L2 U2 D F L B2 L2 F' R' D' F;2026-02-17 14:46:35;8.79
10626;10.02;;U2 L2 R2 B U2 R2 B2 F' U2 B' F' L2 D' F2 R D' U B' D' F U2;2026-02-17 14:46:52;10.02
10627;8.92;;F2 L2 B' U2 R2 F2 R2 B' R2 B L2 U R2 U R U' F' U' L' F;2026-02-17 14:47:11;8.92
10628;9.14;;B' L2 F' D2 B D2 R2 F L2 U2 B R' D' U' L' B' U' R B' U';2026-02-17 14:47:31;9.14
10629;10.71;;L' B' U' D R U F2 R2 B U2 D2 F R2 U2 B L2 U2 L2 U R';2026-02-17 14:47:52;10.71
10630;7.93;;F2 L2 B' U2 L2 B D2 L2 B' F2 U L' F R' U' R2 D2 L D R';2026-02-17 14:48:19;7.93
10631;8.84;;F2 U2 F L2 B' D2 B L2 B D2 F2 L D F2 D2 R' B2 F' R B2;2026-02-21 11:27:05;8.84
10632;9.92;;R B2 L2 R2 D B2 U R2 D2 F2 L2 R2 U' F D' R U2 F2 R B U2;2026-02-21 11:27:23;9.92
10633;10.78;;R2 B2 U2 B2 U2 L2 D2 R U2 B2 R B' D F2 U L2 U2 F R D;2026-02-21 11:27:46;10.78
10634;9.43;;L2 F2 U2 B2 L' U2 L' D2 R2 U2 F2 L2 F' L D' R2 F2 R2 B' L2;2026-02-21 11:28:09;9.43
10635;8.89;;U2 L2 D2 B' L2 F' R2 D2 F D2 B U2 D R' U F' R' U2 B U B;2026-02-21 11:28:29;8.89
10636;8.88;;F2 L2 B2 U2 R2 U F2 R2 U' F2 R2 U' R' D' R' U2 R' D' B' D;2026-02-21 11:28:46;8.88
10637;10.56;;R' F D R2 F2 L2 F2 D' B2 U' B2 D' L2 D R U R2 B2 U B L;2026-02-21 11:29:40;10.56
10638;11.75;;D' R2 B2 D2 B2 U2 R2 U2 L U2 L F2 L U' R B' D2 U R' F' U;2026-02-21 11:30:45;11.75
10639;10.65;;D2 R2 F' R2 D2 F2 R2 B' L2 U2 R2 U B D R B2 F2 U R' B' L';2026-02-21 11:31:09;10.65
10640;9.70;;U2 R2 D2 F D2 F R2 B F2 U2 B2 U2 R' D R' U F L' D B' R;2026-02-21 11:31:28;9.7
10641;11.07;;L U' L F2 R F2 L D2 L' R' U2 R' B2 U2 B' D R D2 L' F;2026-02-21 11:31:47;11.07
10642;9.69;;L2 B' L2 R2 D2 L2 D' B2 D L2 D' L2 R' D B U' F2 U' R2 D';2026-02-21 11:32:20;9.69
10643;8.72;;U' R L U F2 D L B2 L' F2 L2 B R2 B2 R2 D2 B' R2 F U2 L2;2026-02-21 11:32:37;8.72
10644;10.61;;L2 B R L2 B2 L F R' U F B' U2 F D2 F L2 F R2 U2;2026-02-21 11:32:56;10.61
10645;10.08;;B D2 R2 B2 R F2 B' D F2 U2 L2 D' B2 L2 D' R2 U' R2 B L2;2026-02-21 11:33:16;10.08
10646;10.11;;R2 F' D2 F2 R2 U2 R2 U2 F' R2 F' U2 L R' F' U' F2 U' B' U' F';2026-02-21 11:33:34;10.11
10647;11.33;;D2 R2 U2 F' R2 D2 B2 F D2 B2 D2 R' B L' B U B' L U' F;2026-02-21 11:33:59;11.33
10648;9.78;;R2 F' D' B2 L' F2 R' B2 U2 R' B2 U2 R2 D' R B L U B2 F';2026-02-21 11:34:28;9.78
10649;8.91;;R' U2 B2 D2 R2 F L2 B L2 B2 U2 F L2 U' L2 D L B' F2 L2;2026-02-21 11:34:47;8.91
10650;10.30;;U2 R' F B2 D2 B2 R2 D2 L2 F2 L2 U B2 L' F2 D2 U R D' R';2026-02-21 11:36:07;10.3
10651;9.21;;B2 L2 D U2 F2 D' F2 R2 F2 D' L' U R' U2 F' R U2 L' B2;2026-02-21 11:36:41;9.21
10652;9.58;;D2 F U F2 D R2 U R2 D L2 U' L2 B F D L U2 F2 L2 F;2026-02-21 11:37:24;9.58
10653;9.48;;L B2 D2 R2 D R2 D L2 U' L2 B2 U R2 F' L R2 D B2 L B D;2026-02-21 11:37:42;9.48
10654;9.50;;B' L2 R2 U B2 U L2 F2 U F2 U F D L R B2 F U' R2;2026-02-21 11:38:03;9.5
10655;9.43;;R F D2 F' R F' U2 R' B U' F2 D' B2 D' B2 L2 U' B2 R2 B2;2026-02-21 11:38:22;9.43
10656;10.71;;D2 L' U' L' B U' R F U2 R2 U L2 U' B2 D' B2 L2 U2 B2 D L';2026-02-21 11:38:40;10.71
10657;11.74;;L2 F' D2 B2 R2 U2 F D2 U2 R2 D B2 R B' L R U' F L' D;2026-02-21 11:39:15;11.74
10658;10.25;;R2 B' U' F2 R' L2 D' B F2 D2 L U2 D2 L' B2 R' L2 B2 F;2026-02-21 11:39:34;10.25
10659;8.92;;R' U2 F2 D2 R2 U2 R B2 R' F2 D2 R U R' B' L' B' D2 F2 R2;2026-02-21 11:39:55;8.92
10660;11.47;;B2 U2 F2 R' F2 L' B2 L R2 F2 D2 F D U L F2 U' R2 B R;2026-02-21 11:40:11;11.47
10661;11.73;;D2 R L2 U2 F2 U2 F' U2 R2 B' D2 L2 D' L F U' R' U2 B' D' B2;2026-02-21 11:40:30;11.73
10662;9.74;;D2 R B2 U2 L' D2 R2 D2 B2 L' U' B' D' L B F' R2 U2 B;2026-02-21 11:41:05;9.74
10663;8.71;;U' F L R2 U B2 U2 L2 B2 F2 U' F2 R2 B U' L' R' D U L';2026-02-21 11:41:22;8.71
10664;12.57;;U R2 D B2 U B2 F2 U' L2 D' F' D B L' B R' D2 L' B' U;2026-02-21 11:42:11;12.57
10665;10.86;;R2 D L2 D R2 F2 U B2 L2 U F2 U2 R B R' F D' L B' R D;2026-02-21 11:42:35;10.86
10666;13.20;;D' F' D' R D2 B' D L R2 D2 L2 F2 U' F2 B2 D L2 U' B2 F;2026-02-21 11:43:22;13.2
10667;13.36;;U2 B' U' D2 B L' F2 R U' F2 D2 F' R2 F2 D2 B' L2 B R2 D2;2026-02-21 11:43:46;13.36
10668;7.85;;B2 U' L2 D2 U B2 D R2 B2 U' L' F' R' U' R D' R F' L2 R2;2026-02-21 11:44:09;7.85
10669;8.21;;D B2 U F2 D2 F2 D' R2 D L2 U' R' B L2 F' D' U L' B' U2;2026-02-21 11:44:25;8.21
10670;10.29;;R F2 L B2 L' D2 L' U2 F2 U' R' B D' F2 L B D2 B2;2026-02-21 11:45:38;10.29
10671;13.50;;L F' U' F2 L2 B2 U B2 U L2 D2 U L' B D' R' U' L D R2;2026-02-21 11:46:19;13.5
10672;9.25;;F2 D2 L F2 R' B2 R2 D2 R B2 L2 U B2 F R D2 B R D R;2026-02-21 11:46:42;9.25
10673;8.80;;F R B2 D2 R2 F L2 B' F' R2 U2 B L F D' L B' D2 R';2026-02-21 11:47:46;8.8
10674;9.73;;D2 R2 B2 U R2 D L2 B2 U2 F2 U L U B D' L2 B' U F;2026-02-21 11:48:12;9.73
10675;9.28;;U2 L2 R2 F' U2 R2 B2 F U2 B L2 F2 U' L D' L' R D2 B R' D;2026-02-21 11:48:30;9.28
10676;9.72;;F R' U L' F2 D2 L' U2 R2 L2 B L2 B R2 F2 L2 D2 F' R F2;2026-02-21 11:48:50;9.72
10677;10.73;;F' L' D' B2 D L2 D2 U' R2 B2 L2 B2 U' R' D' L R2 B D L;2026-02-21 11:50:08;10.73
10678;8.23;;U2 F' R B2 L2 D' U' R2 D' L2 D' B2 R2 U R' B2 R' F L2 B' D2;2026-02-21 11:50:43;8.23
10679;12.73;;R' U' D' L' F U D' L2 D2 L2 F' U2 F' B2 U2 B' R2 D2 L F' L';2026-02-21 11:51:00;12.73
10680;10.72;;F' U D2 F B2 R' U D2 B2 U2 L2 D2 F U2 F R2 L2 F2 L B;2026-02-21 11:51:37;10.72
10681;9.09;;L2 F' U2 F' L2 F2 R2 B R2 B L2 D2 U R' B2 D' B' R D' U2 B2;2026-02-21 11:52:10;9.09
10682;11.38;;L2 B2 R2 D' U2 L2 D' U2 B2 D F2 B' L D B' D2 L F R U';2026-02-21 11:54:37;11.38
10683;9.75;;U L2 U L2 R2 U' B2 L2 U2 R2 U2 L F' U R D B' U' F L' F2;2026-02-21 11:55:06;9.75
10684;11.13;;L2 F' R' B2 R2 B2 U L2 D F2 D2 R2 B2 L F L B2 U L2 B';2026-02-21 11:55:25;11.13
10685;8.65;;R2 B2 R2 U2 B' D2 B D2 U2 L2 D2 R' B L' U R B2 R D2 R2;2026-02-21 17:03:13;8.65
10686;9.54;;D2 F' L2 U L2 D' R2 F2 D' B2 D2 R2 U F L B2 R2 F' R' U B;2026-02-21 17:03:29;9.54
10687;7.94;;D L' F B' R' D B2 D B2 R2 U2 R U2 R' U2 B2 L' U2 R U;2026-02-21 17:03:47;7.94
10688;9.32;;L' D R F2 U2 B R2 B U2 B' D2 L2 B2 L B D B' F2 U' F2;2026-02-21 17:04:24;9.32
10689;10.70;;L2 R2 F2 L2 D' B2 D2 B2 L2 D2 U' R' B2 U F R D2 U L F' R';2026-02-21 17:04:40;10.7
10690;10.96;;L F B D2 R' L U F' L B2 R F2 U2 L' B2 D2 L' F2 R2 D;2026-02-21 17:05:02;10.96
10691;9.08;;L2 U2 L2 F2 D L U' B2 U2 R2 B' L2 F L2 F2 U2 D R';2026-02-21 17:13:23;9.08
10692;10.99;;F2 R' F2 L2 B F2 D2 B R2 B L2 D2 R2 L' F2 L B D F D;2026-02-21 17:13:40;10.99
10693;9.05;;F2 L2 U2 B2 L F2 U2 R2 U2 L' R2 B2 F' D' U' F L B' R B2 U;2026-02-21 17:13:59;9.05
10694;8.96;;B' L' U' L2 D' F2 U R2 U L2 D U2 F2 R' F L2 U' B2 L2 R B';2026-02-21 17:15:00;8.96
10695;10.33;;B2 L2 F2 R2 F2 D2 U' F2 D2 L2 U2 F2 R F U' L B U2 F' L' U;2026-02-21 17:15:18;10.33
10696;10.62;;U' F L2 U R2 U2 F U2 R' L2 F2 D L2 F2 U' D2 B2 U' L2 F2;2026-02-21 17:15:37;10.62
10697;8.68;;F D2 L2 B' D2 B L2 D2 B F2 L2 D F' R2 B' D' U2 L D' L';2026-02-21 17:15:56;8.68
10698;9.07;;F2 L' F U F R U2 D' B2 R2 U2 F R2 F' D2 B L2 B' U2 L2;2026-02-21 17:16:12;9.07
10699;8.11;;B' R2 U2 L2 B2 D F2 U' B2 R2 B2 D2 R F U2 R D' B' D R F;2026-02-21 17:16:32;8.11
10700;9.58;;R2 D' R U' L' D' F' U' B2 R2 L2 U' L2 U' D2 B2 U L2 U2 F';2026-02-21 17:16:51;9.58
10701;7.50;;R2 D2 R2 D2 U2 B2 L R2 F2 R' B2 U F D B' D2 L' B' L';2026-02-23 10:27:26;7.5
10702;8.85;;R2 F U2 R2 F' R2 B' F2 R2 F' U2 L2 U B' R2 F2 L' D B2;2026-02-23 10:27:39;8.85
10703;8.82;;F2 U B2 F2 D L2 B2 D B2 D F' L R' B D2 F' D L U L;2026-02-23 10:27:56;8.82
10704;8.70;;F U' F R2 U' R' D U2 R' U2 B2 L' B2 R2 L U2 F2 U2 L' B' D;2026-02-23 10:28:24;8.7
10705;7.45;;B' L' D2 B2 L2 D2 F' U2 B' U2 B L2 F2 D' B' L B2 U R U';2026-02-23 10:28:41;7.45
10706;7.75;;D2 R D' L' D' F2 U2 R' B R L' U2 B2 L F2 L D2 F2 U2 L2;2026-02-23 10:28:57;7.75
10707;8.54;;R F U2 L2 B R2 B' L2 D2 B2 L2 B' U R' D2 B2 L U2 R' F' U';2026-02-23 10:29:17;8.54
10708;8.35;;F2 R F D2 R D2 R' F2 R' F2 R' D R U' L' B L2 U;2026-02-23 10:29:32;8.35
10709;12.96;;L F L U2 B U' F2 R D2 F2 U R2 U L2 D' L2 D' B2 L2 F';2026-02-23 10:29:50;12.96
10710;9.07;;U2 L' B2 L' U2 B2 R B2 R' U2 R' F D B2 D' R' U2 B' D R U';2026-02-23 10:30:10;9.07
10711;9.74;;B2 F2 L2 D2 U' L2 R2 F2 R2 U2 F' D F L U2 F D' L2 B R;2026-02-23 10:30:30;9.74
10712;9.51;;U L' R2 F U2 F U2 L2 F' R2 F L2 B L' B2 D R U' L R' D2;2026-02-23 10:30:50;9.51
10713;10.58;;U2 D B D' L' U2 B L2 D' U2 F' U2 R2 F R2 B2 U2 L2 U2 R2 F;2026-02-23 10:31:12;10.58
10714;8.55;;U2 L' D2 R2 U2 L U2 F2 L' D2 B2 L D U R F U' B' R2 U R';2026-02-23 10:31:56;8.55
10715;8.24;;B L U' F2 D' B' L D R2 D2 R2 B2 U2 L2 F R2 F2 D2 B';2026-02-23 10:32:12;8.24
10716;8.81;;D' F' L' B' R' F2 D' R2 F2 L2 D2 B D2 B2 L2 D2 F U2 B2 R;2026-02-23 17:20:09;8.81
10717;11.87;;D L2 U' L2 B2 L2 U2 L2 U' L2 F D' L' R B2 U B2 D' B2 R2;2026-02-23 17:20:28;11.87
10718;12.09;;L U2 B2 D2 R2 B2 L F2 R' U2 R' U2 D' L' F' U' R' D2 B F';2026-02-23 17:21:00;12.09
10719;10.82;;D R2 D L2 U2 F2 U B2 U' B2 R2 F2 R' D2 B F2 U R2 F L' R2;2026-02-23 17:21:23;10.82
10720;10.19;;F' R' B L2 B L2 U2 B U2 B L2 B R2 L' D U' B2 L D U2;2026-02-23 17:21:57;10.19
10721;9.14;;L' B2 L2 U' B2 F2 L2 B2 D' L2 U2 F2 L U2 B U L2 B U L;2026-02-23 17:22:20;9.14
10722;10.00;;U2 L U' B2 U' R B F2 R2 D2 L2 U' R2 D F2 R2 D' R2 F2 B R;2026-02-23 17:22:37;10.0
10723;8.75;;D R' B' U2 F' L2 B U2 R2 U2 F2 R B' D' F' D2 L2 D2 R';2026-02-23 17:23:03;8.75
10724;9.83;;B D R2 D' F2 L2 D R2 D2 U' L2 U2 L' U L' B L' R' F2 R2;2026-02-23 17:23:20;9.83
10725;13.52;;F D2 F' D2 R2 B' D2 B2 L2 U2 F' R D' F' D' L2 B' R F' L2;2026-02-23 17:23:41;13.52
10726;8.77;;D' F2 R D2 U2 L B2 U2 L' B2 R2 F2 D2 U' B L2 B L' D U2 R;2026-02-23 17:24:41;8.77
10727;8.44;;U2 F' U2 B D2 L2 F R2 F D2 R2 F2 D' B2 U' F U' F U' L' R;2026-02-23 17:26:10;8.44
10728;9.64;;U' F2 D U2 R2 F2 U' F2 D' B2 U2 R' B' L U2 F2 R' D F' D;2026-02-23 17:26:51;9.64
10729;10.67;;L' F' D' R2 L D F D' F' R2 U2 D' L2 B2 U B2 U L2 F2 B2 D;2026-02-23 17:27:09;10.67
10730;7.87;;D2 B' F' L2 D2 L2 F L2 B' L2 D' B' R' F U' L2 R F U2;2026-02-23 17:27:30;7.87
10731;10.78;;U' F2 R2 D' R2 D' B2 R2 B2 D' U' L B2 F' D' U B F2 L2 U2 R2;2026-02-23 17:28:26;10.78
10732;10.87;;D2 F' U2 B L2 F R2 F D2 L2 F' U2 L' F R2 D' F' L U2;2026-02-23 17:28:47;10.87
10733;8.44;;R U F2 R2 F2 D' F2 R2 U' L2 D2 U' L' F D2 B L' B F2 L';2026-02-23 17:29:15;8.44
10734;8.81;;D B D' B' R B' D F' D' R2 B D2 R2 F2 B' U2 F' U2 D2 R2;2026-02-23 17:29:32;8.81
10735;7.85;;F2 D2 L' U' F R U L2 B2 U F2 D2 R2 D' L2 U' R2 F L2;2026-02-23 17:29:49;7.85
10736;8.26;;R' B2 D2 L U' R' F D R2 U' L2 D F2 U D2 L2 F2 B L;2026-02-23 17:30:09;8.26
10737;8.49;;R' D' U2 L2 U L2 R2 F2 U' B2 L2 U' B' D' F U L' R2 F U';2026-02-23 17:30:26;8.49
10738;9.36;;U F' L2 R2 B2 D' L2 U' B2 D2 U B2 U2 L' U' L2 B U R U' B';2026-02-23 17:30:42;9.36
10739;8.61;;R2 D' R2 D2 R2 U2 B' R2 B' L2 U2 F2 D2 F' U F' L' R' F' U' B';2026-02-23 17:31:01;8.61
10740;8.51;;R2 F2 U L2 R2 F2 D2 U' F2 D2 L' U R D F U2 F' D F' D2;2026-02-23 17:31:18;8.51
10741;8.84;;U' B2 D2 U' B2 L2 R2 D' F2 R F2 R D2 B' L2 U2 B L2;2026-02-23 17:31:36;8.84
10742;8.86;;R L2 F' L2 F' L2 B D2 B U2 B L2 F' L D2 R U' R2 F D' F;2026-02-23 17:31:54;8.86
10743;8.74;;B2 R2 B' R2 D2 F' D2 B R2 F' L2 D2 L R' D F2 R2 B D' L;2026-02-23 17:32:16;8.74
10744;8.87;;L' F2 R2 D L2 D2 F2 D' B2 F2 L2 U2 B L F R' D' F D' F2;2026-02-23 17:32:38;8.87
10745;9.95;;U2 R' D2 L2 U2 F2 U2 B' D2 U2 F' D2 U L' R2 D L U2 L2;2026-02-23 17:32:55;9.95
10746;9.30;;U B2 D2 B U2 B' L2 B' L2 R2 U2 B' L2 D L U' B D2 L' R2 B';2026-02-23 17:33:16;9.3
10747;9.86;;U2 L U' L2 U' L B U' F L2 D2 R' B2 R' F2 L2 U2 F2 L2 D2;2026-02-23 17:33:34;9.86
10748;9.78;;R' U L2 R2 U F2 D L2 R2 U' R2 F R2 B F2 L R2 D' F L';2026-02-23 17:33:55;9.78
10749;8.94;;R2 D' L2 F2 R U2 B2 F2 R F2 L' B2 L D F U B2 U' B D;2026-02-23 17:34:13;8.94
10750;9.89;;F' L2 U L2 U' B2 D' L2 U R2 D2 R2 L D' U B' U R2 B' R2;2026-02-23 17:34:38;9.89
10751;9.85;;F2 L' F' U' B2 U2 B2 R' F' D2 B' U2 B' L2 F' U2 B' D2 B2 R;2026-02-23 17:35:01;9.85
10752;12.43;;D R2 L2 D F D R B' R' B2 R' D2 L F2 B2 D2 L2 U2 R' D';2026-02-23 17:35:19;12.43
10753;9.49;;F L F2 D2 U2 F R2 B D2 U2 B' L2 F2 L' U R2 U R2 U L2;2026-02-23 17:35:39;9.49
10754;8.01;;U2 F2 R2 D F' U' D' B' L' U2 L2 U' L2 U' F2 D2;2026-02-23 17:35:56;8.01
10755;9.13;;R' B' L2 B R2 F D2 R2 U2 B' L2 F D2 L' B' F2 D' F R2 U2;2026-02-23 17:36:13;9.13
10756;10.92;;R2 U2 R' B2 F2 R U2 L' F2 R2 D2 U' B2 F L2 R' B' D2 R2 D;2026-02-23 17:36:35;10.92
10757;9.73;;B' U' F L2 B U2 B L2 R2 B D2 F L2 R F' U2 L2 R2 D R' B;2026-02-23 17:36:56;9.73
10758;10.25;;B' L2 U' D2 L D2 F2 R2 U2 F2 U2 R2 F2 L' D' L2 B' F2 L' D F;2026-02-23 17:37:15;10.25
10759;8.70;;L D F2 U' B2 D' L2 D2 R2 B2 D L2 U2 B F2 U' L2 R2 U L F';2026-02-23 17:37:34;8.7
10760;6.85;;U2 R' F' U2 L2 B2 U2 R2 F R2 B' D2 L2 D F' L' B' F' R' B';2026-02-23 17:38:01;6.85
10761;9.90;;D' R B2 U2 L' B2 L R2 F2 D2 R' B U' L' F' R' F' D2 F';2026-02-23 17:38:17;9.9
10762;9.79;;L' U L2 D2 F2 D' B2 L2 R2 U' B2 U' L' F R F D B' R' U2;2026-02-23 17:38:34;9.79
10763;9.60;;U2 D' L' F R L D' R' B' U' F2 L2 F2 D' B2 U' R2 D2 B2 U;2026-02-23 17:38:52;9.6
10764;9.66;;U' L2 F2 R2 U F2 L2 D' R2 U L2 F' R F' L B' D' R' U L U2;2026-02-23 17:39:10;9.66
10765;8.40;;R' L2 D2 L2 F2 D2 F' U2 F' R2 B2 F U B2 U L U B2 F' L;2026-02-23 17:39:34;8.4
10766;12.93;;B2 L' F2 R' B2 U2 F2 R2 B2 R' D2 U' F L B D' U2 B2 F U2;2026-02-23 17:47:35;12.93
10767;8.96;;L' B2 U2 F2 U2 L2 R2 U' R2 U B2 U' L2 B' F2 U F R B2 L U2;2026-02-23 17:48:04;8.96
10768;10.88;;U2 R U' F D R' B' D2 R' B2 L F2 U2 R2 D2 R U2 F2 D2 F' D2;2026-02-23 17:48:22;10.88
10769;10.59;;D R2 U' R2 D F2 D' L2 U' R2 B2 U F L' D2 R' U L2 F' L' U';2026-02-23 17:49:00;10.59
10770;10.94;;U' L2 D' R2 U' F2 D F2 D L2 U' B2 R' B' D L' D' R2 U B' D2;2026-02-23 17:50:03;10.94
10771;8.73;;F2 D' B D2 L' D R B R' U R2 B2 U R2 U F2 L2 D2 L2 U2;2026-02-23 17:50:22;8.73
10772;10.62;;B2 L' D B2 U' F2 R2 D2 U' R2 F2 D R2 L' F U' F2 L2 F' L R';2026-02-23 17:50:39;10.62
10773;11.78;;B U2 F' L2 D R' B L' U R2 F2 R U2 R2 B2 L' D2 L2 U2 R' D2;2026-02-23 17:50:57;11.78
10774;9.14;;R' B2 D2 B2 U' R2 D2 B2 U2 R' U B' R D' R' F R';2026-02-23 17:51:15;9.14
10775;8.83;;U R2 D' B' U R' B' U B R2 F2 D2 L F2 B2 D2 R' D2 L;2026-02-23 17:51:34;8.83
10776;8.12;;D2 R2 F2 D2 U2 R U2 L D2 R2 U2 D L' B2 R2 B2 D R U F';2026-02-23 17:51:52;8.12
10777;8.89;;R2 U B2 L U2 D F' L U F2 D' R2 F2 L2 U L2 U' B2 D2 F2 B';2026-02-23 17:52:10;8.89
10778;10.21;;B2 R' L2 F2 D' B2 R2 D' L2 U L2 B2 R2 B F' D B L R2 B' R;2026-02-23 17:52:30;10.21
10779;9.73;;U B' L2 D B2 U' B2 R2 U L2 R2 F2 U R B' L' F2 U F' U' B;2026-02-23 17:52:55;9.73
10780;10.90;;B U2 F2 L2 D F2 D F2 U2 B2 F2 L2 D R U B2 L' U' B R' B2;2026-02-23 17:53:20;10.9
10781;11.56;;D2 L' F2 D2 F2 D L2 D B2 U' F2 U L' D2 B L D' R' F' U';2026-02-23 17:54:01;11.56
10782;10.63;;F' L2 F2 D' F2 D' B2 R2 D' R2 D' B' L D' R B F L' D F';2026-02-23 17:54:24;10.63
10783;9.96;;L' B2 U2 R2 F2 R D2 L' B2 R' F2 L2 F' D' R B2 U L B' L2 U2;2026-02-23 17:54:44;9.96
10784;9.87;;R' D' L2 B R F' U2 D' L B2 D' L2 B2 U R2 F2 U D2 L2;2026-02-23 17:55:20;9.87
10785;9.28;;D2 F2 R2 D L2 R2 D2 F2 L2 F2 U' B' D F' D2 L2 B' R U L F';2026-02-23 17:55:38;9.28
10786;12.17;;U2 L2 R2 F2 L2 U2 F2 U2 R2 B L' B' D' B2 U' R B' D' R';2026-02-23 17:55:56;12.17
10787;10.13;;D' R2 B2 R' U2 R U2 B2 L F2 R F2 D' L2 F U L2 R' B' U;2026-02-23 17:56:20;10.13
10788;8.45;;F2 D2 F2 R D2 R' B2 L D2 L' U2 F2 B' L D U' B' R' D2 U2 F;2026-02-23 17:56:40;8.45
10789;9.72;;F U2 R2 B F L2 F U2 F' U2 D' R' D' F U L' B R2 F2 L;2026-02-23 17:56:57;9.72
10790;14.41;;D2 B2 L2 F' L2 U2 B R2 F L2 B2 L F D B U' B2 L D R' D2;2026-02-23 17:57:17;14.41
10791;11.01;;B2 D2 U2 R2 B F2 L2 F2 U2 R2 U' L F' L2 U' F' U R B';2026-02-23 17:57:42;11.01
10792;11.02;;L2 D U2 L2 U2 L2 B2 U2 F2 U' F' L U F L2 D L2 U2 L F2;2026-02-23 17:58:08;11.02
10793;10.39;;F2 R D U L2 U F2 L2 U F2 D' L2 F2 L' F' L' B' U R' D' R';2026-02-23 17:58:27;10.39
10794;9.66;;R U' R2 D2 B' L D2 B' R U' F2 D' F2 D L2 F2 U B2 U2 R2;2026-02-23 17:58:47;9.66
10795;8.78;;U' F2 D2 U' B2 R2 U' R2 U R2 F' D2 L R' F' L' F U2 R2 F';2026-02-23 17:59:05;8.78
10796;11.45;;F2 R2 F' R2 D2 L2 D' R2 U B2 D F2 L2 U R B' U L2 D B2 R;2026-02-23 17:59:21;11.45
10797;9.82;;B2 L2 F2 D L2 F2 U L2 D2 B2 L B D2 R' F' L2 D' B;2026-02-23 17:59:42;9.82
10798;9.59;;B' U R U R2 U' B2 D' F2 U2 R2 B2 F2 L' D2 B F' L' F' D;2026-02-23 18:00:00;9.59
10799;9.69;;B2 R B U F' R2 U' F' R' U2 L2 U' F2 D B2 R2 D' F2 D;2026-02-23 18:00:17;9.69
10800;12.66;;U' R2 D B2 U' B2 D B2 D2 L2 U' R F' U' R U2 R U L2 D2 F;2026-02-23 18:00:36;12.66
10801;7.89;;F R F2 B R' F R' F' L' D2 L2 U2 F2 U F2 D' F2 D2 L2 D R2;2026-02-23 20:20:53;7.89
10802;9.76;;R D B R' D' L D' B' U2 F2 U2 F2 L U2 B2 U2 R' F2 R';2026-02-23 20:21:08;9.76
10803;9.22;;D2 F L2 D2 R2 F' R2 B F2 U2 L2 R2 U' B' L F' L2 B U2 L' D2;2026-02-23 20:21:26;9.22
10804;10.76;;F' D2 R2 B' R2 F L2 F D2 L2 B2 U B D2 L D2 B' R' D';2026-02-23 20:21:45;10.76
10805;10.48;;D R2 F' D2 R U B L2 D' B' D2 L2 B2 D2 B' U2 F L2 B R2 B;2026-02-23 20:22:07;10.48
10806;9.76;;L' B R L' F L' U' R2 L' B2 R U2 L' B2 D2 B2 U2 R' D2 F;2026-02-23 20:22:26;9.76
10807;12.20;;F' B' R B D L' B' D2 R' U2 F2 L U2 F2 R' B2 R2 B2 R' D L';2026-02-23 20:22:44;12.2
10808;7.60;;B2 D L2 U B2 U B2 L2 R2 D2 F D' U F' R' B' F' L' F U2;2026-02-23 20:23:04;7.6
10809;8.81;;F2 L' D2 U' L2 D' B2 F2 U F2 R2 B2 U' B R2 D F' R2 U2 R2;2026-02-23 20:23:20;8.81
10810;9.66;;U2 R2 F2 R D2 F2 L' D2 U2 B2 D2 F' L2 F U B2 F2 L U2 B2;2026-02-23 20:23:38;9.66
10811;8.78;;B L' F' D2 B2 D2 L2 B' D2 F2 R2 B L' D2 L D2 U' F2 D2;2026-02-23 20:23:58;8.78
10812;8.87;;R2 B L2 B2 L2 F' R2 B' R2 B D2 U' R' D' R B D2 L' B U R;2026-02-23 20:24:14;8.87
10813;9.49;;F2 U' B2 R' U' R2 D L F' U2 F R2 F B L2 U2 B R2;2026-02-23 20:24:31;9.49
10814;11.16;;L' D2 L2 F2 D2 B2 U2 F2 R B2 L2 U' B R B' L' D' F' U;2026-02-23 20:24:48;11.16
10815;11.33;;L2 R2 U' B2 U2 R2 U' R2 B' F D' L R F U' R' B U';2026-02-23 20:25:10;11.33
10816;11.79;;D2 F2 D L2 F2 U F2 U' R2 B2 L R F R' U R2 D F U;2026-02-23 20:25:32;11.79
10817;7.88;;F L2 D L2 D' L2 D L2 U' F2 L2 B2 F' D' U2 B L B2 U R;2026-02-23 20:25:55;7.88
10818;8.67;;L R2 U' F2 U' L2 B2 L2 D B2 D2 L' U' R F' R' B L2 R' D;2026-02-23 20:26:10;8.67
10819;8.47;;B2 D' F2 R2 D R2 D U F2 L' D2 B D' R B D U' R F;2026-02-23 20:26:27;8.47
10820;9.84;;B' R2 L B' D R2 D' F R' U2 F' L2 F R2 F D2 B' L2 D2 F' R2;2026-02-23 20:26:45;9.84
10821;10.85;;D U2 F2 U B2 L2 D' R2 U' L F' R2 D2 F' D R' D' U' F';2026-02-23 20:27:02;10.85
10822;8.98;;L' U' D2 F L U2 B' L' F2 U R2 U' F2 U2 B2 L2 D' F2 U2 R';2026-02-23 20:27:21;8.98
10823;8.82;;B2 U B2 D R2 U F2 R2 B2 U2 F2 R U B2 L' D' B F U' L' U';2026-02-23 20:27:41;8.82
10824;8.80;;D R2 D' F B R F U2 R L F2 L U2 F2 D2 F2 L F2 R' D B;2026-02-23 20:27:57;8.8
10825;7.69;;D2 B U2 L2 B R2 D2 R2 U2 B' U2 D' B2 D2 L' F' R' F D' L2 B;2026-02-23 20:28:18;7.69
10826;9.53;;F' B U' B' U2 D L' D' U2 R L2 U2 B2 L U2 D2 R F2 L;2026-02-23 20:28:33;9.53
10827;12.36;;U2 R2 D2 R2 B2 U2 R2 U' B2 L2 U2 B U R F U' B U2 R' B2 D';2026-02-23 20:28:56;12.36
10828;7.90;;L2 F L2 F U2 L2 B2 D2 R2 B' F2 R2 L B2 R B D' U B' L' F';2026-02-23 20:29:17;7.9
10829;11.95;;F U' B U D' R' F' L R2 B2 R2 L2 U B2 U F2 R2 D' L2 D2 F';2026-02-23 20:29:33;11.95
10830;8.59;;B' L U F2 U L2 U' F2 U2 L2 D L2 F2 U F D' F D' R B' R;2026-02-23 20:29:53;8.59
10831;12.50;;R' D' F2 U2 L2 F2 D2 L2 B R2 F R2 F' U' F R U2 F' R F2 U;2026-02-23 20:30:13;12.5
10832;9.32;;B2 R' U2 L U2 R' D2 F2 L' F2 D2 F2 D' F' U L2 R F' R D2 F';2026-02-23 20:30:35;9.32
10833;13.34;;D2 F' R' L F' D' B2 U R2 L2 F' U2 L2 F' R2 F B U2 B L2 U;2026-02-23 20:30:54;13.34
10834;9.49;;F U L2 F2 L2 D2 F2 R2 U L2 D F' D2 F' L U2 R' B2 F2;2026-02-23 20:31:15;9.49
10835;8.86;;D' R D B2 R2 U B2 L2 D L2 U F2 U F' R2 U L' B' F R2;2026-02-23 20:31:35;8.86
10836;11.18;;F' L2 B D2 F' L2 D2 F2 D2 B' R2 F2 D B2 L R U F2 L2 D L2;2026-02-23 20:31:52;11.18
10837;8.87;;D2 F L2 R2 U B2 D' R2 D' F2 R2 B U F D2 U' R' D2 U';2026-02-23 20:32:14;8.87
10838;9.91;;R D' F' B' R U2 B' F2 R U2 D2 L F2 U2 R2 U2 D2 L' U';2026-02-23 20:32:29;9.91
10839;10.76;;D' R F L F D2 L U2 D2 R2 D2 F2 B R2 F U2 D2 B U2 D R';2026-02-23 20:32:50;10.76
10840;8.70;;F2 U' B' L2 U' B' R U F2 U2 R2 U' R2 F2 D B2 D F2 B2;2026-02-23 20:33:10;8.7
10841;9.79;;B2 L B2 U L2 F2 U F2 U R2 D' B D R D' L B' R U';2026-02-23 20:33:27;9.79
10842;7.73;;D' R2 D B2 D' R2 D' L2 D' U2 R B2 L B R' B L D' F2;2026-02-23 20:33:46;7.73
10843;7.73;;U2 B' D2 B2 R U' R L B U2 R B2 D2 B2 R U2 L2 D2 R';2026-02-23 20:34:04;7.73
10844;10.92;;F2 L' U2 B2 D2 R U2 L' D2 R U2 D L2 F D2 R D' B R F;2026-02-23 20:34:23;10.92
10845;8.31;;D L B2 L2 R2 D R2 B2 L2 F2 R2 U2 R U B D' R' U B';2026-02-23 20:35:02;8.31
10846;9.94;;D2 R B U' B2 D' R2 U2 B2 L2 U' L2 B2 R2 F U' F2 R2 D R F';2026-02-23 20:35:18;9.94
10847;7.48;;D L2 F2 D' B2 U' L2 U' F2 R2 U R' B' D U' B2 L R F D' R';2026-02-23 20:35:36;7.48
10848;8.01;;L' F B2 R2 D2 B2 R' U2 F2 L R2 B2 L' B L2 R' B L U' R;2026-02-23 20:35:52;8.01
10849;9.51;;F' L2 F' D2 B2 L2 F' R2 F2 D2 F' R B2 U' B2 F' R' D' B R;2026-02-23 20:36:11;9.51
10850;10.34;;D R2 B2 R2 F2 R2 D B2 D R2 F D' R2 U' R B2 D R' F' U';2026-02-23 20:36:29;10.34
10851;9.82;;B D2 F' U2 B L2 U2 F2 R2 D2 B' L2 U L' R' B' D' L F' D;2026-02-23 20:36:54;9.82
10852;8.98;;F2 U2 L' D2 F2 L2 B2 U2 R B2 F2 L2 B' D F' L' B2 U' B' F2 U';2026-02-23 20:37:13;8.98
10853;6.97;;B2 U F2 R2 D' R2 B2 D2 R2 L' F' D2 F' L' D B U B2 F;2026-02-23 20:37:36;6.97
10854;7.50;;U2 L2 D2 B2 R U2 L B2 R U2 R' B D' B D2 R2 U R' U2 B';2026-02-23 20:37:50;7.5
10855;12.48;;B2 D R2 U' F2 D2 U2 R2 U' B2 L F' D U' F' L' B R2 D' F';2026-02-23 20:38:09;12.48
10856;8.98;;L2 D L2 D' R2 D F2 D L2 U' L2 U2 B' U' B U R' D L2 F2 D;2026-02-23 20:38:31;8.98
10857;8.24;;U' R2 F' D2 F2 L U2 D' F L F2 R' D2 L' U2 B2 U2 L' B2 U2;2026-02-23 20:38:47;8.24
10858;8.54;;B' U B2 L2 B2 F2 D L2 U2 B2 D R2 D B' U2 L D' U2 R2 F2;2026-02-23 20:39:05;8.54
10859;9.60;;D L B U2 F D2 R U F2 D B2 L2 U L2 B2 R2 B2 D2 F D;2026-02-23 20:39:23;9.6
10860;8.18;;U L2 F2 D2 R2 U' L2 U2 F2 R2 U B' D2 B' L D2 F2 D' B' F2 R';2026-02-23 20:41:08;8.18
10861;9.42;;B' U' B' L2 B L2 F R2 F D2 R2 U2 B' R' U2 L2 U B L' B2;2026-02-23 20:41:23;9.42
10862;9.67;;U2 R2 U' L2 D B2 D' B2 F2 D2 F' R2 D' L' F' R2 B U2 F D';2026-02-23 20:41:43;9.67
10863;10.09;;U2 L' B2 D2 R' B2 D2 L' D2 F2 R B2 D' R B' F' R B2 D B' L;2026-02-23 20:42:05;10.09
10864;9.92;;D' B2 D R2 B2 D R2 D2 L2 D' B2 U' L' R2 U2 F' D L B2 R D;2026-02-23 20:42:25;9.92
10865;9.78;;B' L' F U2 D F2 L2 B2 R U B2 D L2 U F2 U D2 L2 B2 L2;2026-02-23 20:42:43;9.78
10866;11.78;;F D' R2 B2 U' L2 D' L2 R2 D' U' L R U' R D' R D B' R;2026-02-23 20:43:04;11.78
10867;10.58;;R' U D2 R' B2 U2 R F2 R' D2 L2 B2 U2 L D' L' B R' B2 D' F2;2026-02-23 20:43:24;10.58
10868;9.28;;U2 R D F2 D' B2 L2 U' F2 R2 D2 U' L F2 U R B L' F D2;2026-02-23 20:43:43;9.28
10869;11.27;;R2 D' R2 U F2 D L2 U F2 R2 U2 R2 B D B' D2 L' B' L F R;2026-02-23 20:44:10;11.27
10870;10.77;;U' F' U2 F2 B R' F' R' L' U' D L2 D B2 R2 B2 U' R2 B2;2026-02-23 20:44:31;10.77
10871;9.31;;B2 R2 D U F2 L2 B2 R2 D U2 B2 L' U' R D' R2 B' U' B;2026-02-23 20:44:49;9.31
10872;8.03;;B' D2 R2 B2 R2 B2 D R2 D2 B2 D' F2 R B F' U' L2 R' U B U;2026-02-23 20:45:08;8.03
10873;10.15;;B2 R' D2 L2 D F2 R2 B2 F2 U' L2 U' F2 B R' B2 D2 R U L2;2026-02-23 20:45:24;10.15
10874;10.62;;L2 B2 L B2 D2 R B2 L B2 D2 F2 R2 B' U' B' D L' F L F;2026-02-23 20:45:48;10.62
10875;8.96;;D' R D2 R' F2 L2 D2 R2 U2 R' F2 R' D' F R D2 B' D2 U' L2;2026-02-23 20:46:09;8.96
10876;10.67;;B2 U2 R D2 B2 R U2 L2 F2 L' D2 R D' L' F R' U B' D' B2 R;2026-02-23 20:46:30;10.67
10877;10.65;;R2 B' D2 L2 B R2 D2 F' U2 L2 B' F' L F2 D' B' L R' F D2 F';2026-02-23 20:46:54;10.65
10878;12.89;;D2 L' F2 L' D2 F2 L2 R' F2 D L' B' F D' B' L' D' L2 R;2026-02-23 20:47:21;12.89
10879;11.57;;F' U B R2 L B U2 B D' F' B' U2 R2 L2 F2 B' D2 R2 F';2026-02-23 20:47:50;11.57
10880;12.01;;L B L2 U B L' U L B2 R2 B' D2 B' U2 L2 B' L2 F D2;2026-02-23 20:48:09;12.01
10881;8.62;;L D2 R B2 L2 D2 U2 R' U2 L' F2 R2 B' L' B D' L D U F U2;2026-02-23 20:49:13;8.62
10882;11.62;;U' L' D' F' U2 L' U R U2 L' B2 R2 L' U2 L' B2 D2 B' R2;2026-02-23 20:49:29;11.62
10883;9.11;;U2 B2 D2 B2 U2 R2 U' L2 D R2 U L2 F L R' U B D R' D' F';2026-02-23 20:49:50;9.11
10884;10.16;;D2 L2 F U2 R2 B2 D2 F D2 B R' U F L D' L2 R2 F R2 U';2026-02-23 20:50:07;10.16
10885;9.68;;F' U2 F D2 L2 B U2 F D2 U2 R2 L U' L2 D2 B2 L' D2 B2 D;2026-02-23 20:50:27;9.68
10886;9.55;;F B R U' F' B U' B2 R F2 U R2 L2 U2 F2 U2 D L2 B2 L2 D';2026-02-23 20:50:45;9.55
10887;9.64;;L D B2 D R2 D' B2 F2 U' B2 U' B2 F' L' D U' B2 R' B F2;2026-02-23 20:51:03;9.64
10888;9.57;;U' D2 R D' F U L F' R' L2 B' U2 B' D2 L2 F2 L2 F U2 D2;2026-02-23 20:51:22;9.57
10889;9.54;;U F L2 B' D2 F' R2 F' D2 F' L2 F' U R B2 F R2 D R F2;2026-02-23 20:51:47;9.54
10890;9.01;;F2 U' F D L B D B U D2 R' B2 L F2 U2 B2 L2 D2 F2 R2;2026-02-23 20:52:06;9.01
10891;8.97;;B U' R2 B2 U F2 D R2 U2 B2 U R F R' D' U F L D';2026-02-23 20:52:24;8.97
10892;9.35;;U2 D' L' U D B R U' F' U2 L2 D2 F2 R2 F2 U B2 D2 B2 D;2026-02-23 20:52:43;9.35
10893;9.18;;L2 F2 U D2 F2 D2 R U F B L2 U2 B U2 F D2 L2 B D2 B';2026-02-23 20:53:05;9.18
10894;11.44;;F2 L2 U R2 B2 D' R2 D L2 R2 F2 L' B' F2 L F' D' B2 L' R' B2;2026-02-23 20:53:26;11.44
10895;9.69;;B2 L B2 L2 U2 B' D2 U2 L2 B' L2 F' D2 F' D' B2 R' F2 U2 B R2;2026-02-23 20:53:46;9.69
10896;8.96;;D' F U L B D R F' U L2 B' R2 D2 F L2 B2 D2 F D2;2026-02-23 20:54:14;8.96
10897;8.64;;U' F2 L' F2 U2 L' D2 L F2 R D2 L2 D' R' B' L' F' L' B2 U;2026-02-23 20:54:32;8.64
10898;10.08;;L' D' F R2 D' F B2 D' R2 F B2 U2 D2 L2 F' R2 L2 F' L2 F L';2026-02-23 20:54:50;10.08
10899;11.03;;B2 F2 L2 D L2 D' B2 R2 U2 B2 D' U2 R' D' L' R B R' F L B2;2026-02-23 20:55:11;11.03
10900;10.43;;L2 D' F2 L2 D2 F2 L2 R2 U R2 D2 B2 F' R' B L2 F D2 L' D' R2;2026-02-23 20:55:34;10.43
10901;8.78;;F2 L2 R F2 U' L2 R2 B2 L2 D U' R2 L' B U F R B F L';2026-02-25 11:58:56;8.78
10902;8.89;;L' B2 F2 D2 L2 B2 L' F2 R' B2 L2 B' R U' F U' L F R' B;2026-02-25 11:59:47;8.89
10903;8.71;;U' F2 L' U L2 B' U' R' F' R2 D2 R D2 L2 F2 L D2 F2 R U2 L2;2026-02-25 12:00:22;8.71
10904;9.72;;F' L' U D' F R L2 U' F2 L2 B' D2 F2 D2 L2 U2 L2 F U2 R2 L;2026-02-25 12:00:41;9.72
10905;7.87;;B R2 B' F2 U2 B' D2 U2 F L2 R' D' U' F' U' B D L U2;2026-02-25 12:01:27;7.87
10906;9.56;;D' L2 F' L B R' L' D' F2 L2 D2 B' U2 F2 R2 U2 R2 D2 B2 L;2026-02-25 12:01:49;9.56
10907;10.89;;D2 B2 L2 D2 R2 F' L2 B2 L2 F L2 U' L2 B L F' R' D' U2 B2 F';2026-02-25 12:03:41;10.89
10908;9.07;;U F L F U' R' F B R' U F2 D R2 L2 U B2 U' B2 D2 R2;2026-02-25 12:04:35;9.07
10909;10.79;;R F' D2 B R L F U D' B U2 R2 F2 D2 L2 D' B2 L2 U F2 U2;2026-02-25 12:04:56;10.79
10910;9.31;;U2 B2 L' U F U B2 L' B R2 U2 F2 U2 D2 R U2 B2 D2;2026-02-25 12:05:17;9.31
10911;12.44;;L' D L B2 L D2 L2 B2 U2 F2 L B2 F' L' B' U' B' R U;2026-02-25 12:05:54;12.44
10912;10.52;;F' U B R L' F2 B2 D U2 F2 R' F2 R B2 D2 L' U2 F2 R2 D2;2026-02-25 12:07:04;10.52
10913;12.56+;;F' R2 F2 D2 R2 D U' R2 U' B2 U' L' U B' F L D2 U2 R B';2026-02-25 12:07:30;10.56
10914;12.25;;B2 U L2 U R2 D' L2 B2 R2 F L' R F D U2 F D U;2026-02-25 12:07:56;12.25
10915;9.40;;U2 F2 R' U F' R U2 L' F U2 L' U2 B2 L2 B2 D2 R U2;2026-02-25 12:08:32;9.4
10916;9.54;;D B2 R' U2 R U2 B2 R F2 L2 D2 U2 F' R' U F L2 U B' U F;2026-02-25 12:08:51;9.54
10917;8.79;;B U D' F' R' L B' L2 U' L U' R2 D R2 U L2 F2 U' D' B2 R2;2026-02-25 12:09:43;8.79
10918;9.87;;U2 D F R' U' B2 R2 U B' U2 F2 U2 F2 L2 F2 D' F2 U2 L2 F2 U;2026-02-25 12:10:02;9.87
10919;7.87;;D' B' L' F2 D2 U2 L2 R D2 R' D2 U2 R' U B2 D2 L B' U F;2026-02-25 12:10:22;7.87
10920;7.00;;D2 F2 R2 U' F2 R2 F2 R2 U2 B2 D2 U L' F D2 F' U R' B' L' F;2026-02-25 12:10:41;7.0
10921;13.73+;;U F2 U' R2 D L2 D' F2 R2 U2 F2 U' F' L B2 U2 F2 U F D B2;2026-02-25 12:10:57;11.73
10922;9.84;;R L U' L' U R2 D' L B2 R' F2 B2 D2 F2 B2 L B2 D2 F;2026-02-25 12:11:22;9.84
10923;8.79;;R U R' F2 R2 D' R2 D' L2 F2 D2 B2 F2 U' L F' R2 U B2 L2 B';2026-02-25 12:11:42;8.79
10924;9.66;;L2 U2 F2 L D2 R' F2 D2 R B2 R2 F U2 L2 U2 R2 F2 U' F' L2;2026-02-25 12:12:21;9.66
10925;DNF(11.84);;F R2 D2 R2 U' L2 F2 L2 D2 U' F2 L2 D R' B' U' L' R' B2 U R2;2026-02-25 12:13:02;11.84
10926;10.13;;R2 B' L2 U B2 U2 B2 F2 L2 U' F2 L2 U2 L D2 R D F' D' R';2026-02-25 12:14:11;10.13
10927;13.48;;B2 L2 D' F2 D2 R2 U' L2 U' F2 L2 D' F U2 L D2 U R B2 R' U2;2026-02-25 12:14:36;13.48
10928;12.21;;R2 U' F2 U2 F2 D L2 U F2 U R' F2 R2 D B' D L2 R2 B' L2;2026-02-25 12:15:11;12.21
10929;9.17;;F2 R2 D F2 U' R2 F2 D2 F2 U2 F2 L2 R' D2 F' R' B' R B U B2;2026-02-25 12:15:38;9.17
10930;9.25;;F R' L2 F2 B' R U' B' F2 L2 F2 U2 D B2 D F2 R2 D' B';2026-02-25 12:16:23;9.25
10931;10.99;;U2 L' B D2 F2 U2 F' L2 U2 B R2 U2 F' D2 R' D R' F R2 F L';2026-02-25 12:16:47;10.99
10932;10.63;;D2 U2 F' U2 R2 F R2 B' U2 F2 L2 F L' U' F' R' D' B' U2 F U2;2026-02-25 12:17:36;10.63
10933;9.93;;B' U2 R F2 U' L2 B L F D2 R2 F' L2 F' R2 D2 F L2 F2 D2;2026-02-25 12:18:16;9.93
10934;10.93;;D2 L B2 R2 U2 F2 U2 R' U2 F2 R2 D' B U2 L2 D' F' U' R' B';2026-02-25 12:18:56;10.93
10935;9.77;;R' F2 L2 U2 B2 U2 R2 F2 L2 B' D2 L D U F' U L2 D2 U2;2026-02-25 12:19:44;9.77
10936;8.61;;B2 L' F' D2 R U' F U2 F' L2 U F2 U2 L2 D F2 L2 F2 D L2;2026-02-25 12:20:10;8.61
10937;12.37+;;B2 U' L2 D2 R2 D' B2 U' R2 B2 D L U F L2 B' D F' L2 B L;2026-02-25 12:20:29;10.37
10938;7.40;;D2 R' U2 F L2 B' R2 D2 F D2 U2 F2 R2 L' D' R2 F' R' B' R2;2026-02-25 12:20:52;7.4
10939;9.27;;L2 R U2 F2 R2 B2 D F2 D2 L2 B D B2 L D F' R' D2 L';2026-02-25 12:21:16;9.27
10940;8.88;;U2 B2 L2 D' R2 B2 U R2 B2 D' F D L2 F' U R2 U2 B R';2026-02-25 12:21:35;8.88
10941;8.36;;B' D2 L2 U2 R2 B' D2 R2 F2 D2 R D2 R U' F' L' D' B' F;2026-02-25 12:21:58;8.36
10942;9.11;;R B R' B2 L F L D2 L U B2 L2 D B2 R2 D' L2 U2 R2 F2;2026-02-25 12:22:21;9.11
10943;8.61;;R2 B' R2 D L' U' B' L' B' D2 R2 L2 F' B2 U2 F' U2 R2 B';2026-02-25 12:22:40;8.61
10944;12.51+;;R L2 D L2 R2 D2 L2 D B2 D F2 L2 U B' L U' R B' D2 U;2026-02-25 12:23:03;10.51
10945;13.39;;F R U2 L D' R' F D R' F' R2 U2 F' L2 B' L2 D2 F2 D2;2026-02-25 12:23:26;13.39
10946;11.26;;F2 R D2 R' F2 D2 U2 L B2 R B2 R2 D R B' F' R2 D L2 R' B';2026-02-25 12:24:01;11.26
10947;8.56;;R' L2 D' B2 U2 B D2 R B2 D' F2 R2 D R2 F2 U R2 U' R2 D';2026-02-25 12:24:24;8.56
10948;9.67;;F' B' L D L2 B' U L' U F2 L B2 U2 L U2 L F2 U2 B2 D2;2026-02-25 12:24:43;9.67
10949;10.32;;B R2 U' B2 R2 U2 B2 U' L2 U R2 U B2 R' D2 R' B D2 R2 B U;2026-02-25 12:25:01;10.32
10950;12.23;;F2 U2 L U2 L2 R B2 R' U2 B2 F2 R U' F D2 U2 L' F' R2 U R2;2026-02-25 12:25:25;12.23
10951;10.62;;U2 L2 B2 L' D2 U2 L D2 F2 R D2 R2 D' B' D' R F' R2 F L';2026-02-25 20:55:44;10.62
10952;9.47;;U B2 U2 B2 L2 D2 U2 R' U2 R F2 L D' L' U' B R2 B2 D' F2;2026-02-25 20:56:04;9.47
10953;11.80;;R B D L2 U2 R2 B' U2 F' R2 F2 R2 U2 L B' U R D R2 U2;2026-02-25 20:56:23;11.8
10954;8.85;;U2 B' U' D2 B U' R D' B R' F2 L' B2 U2 D2 L' D2 L2 B2 D2 R2;2026-02-25 20:56:44;8.85
10955;9.39;;F U R' B2 R F2 R' B2 L2 U2 B2 D2 F2 R U F' U' L' R2 F2 D;2026-02-25 20:57:04;9.39
10956;9.96;;R2 D2 R2 F2 D' L2 B2 L2 D U L2 F U B2 L B R' B2 R' B2 D;2026-02-25 20:57:22;9.96
10957;10.78;;D L' B F2 L2 D2 L2 D2 R2 U' R2 B2 U L' R2 F' U2 B' F2 U;2026-02-25 20:57:40;10.78
10958;8.81;;D L' U2 R U2 F2 L2 B2 R2 U2 F2 B' U' B2 L' F' L D R';2026-02-25 20:58:00;8.81
10959;10.48;;L2 U2 R2 D' B2 F2 D2 L2 D' L2 U R2 F' D L F' R D R D';2026-02-25 20:58:15;10.48
10960;11.15;;R2 F L2 F2 L2 D2 U R2 D L2 F2 U' R U R2 D' B' U F L;2026-02-25 20:58:36;11.15
10961;11.61;;B2 D2 F' U2 R2 B2 D2 F L2 B L2 F L D' B' U F2 D L2 D2 B;2026-02-26 00:50:11;11.61
10962;12.46;;B' L U B R' D B' R F R2 D2 B2 D2 L B2 L F2 U2 F2 U2;2026-02-26 00:50:38;12.46
10963;12.54;;D2 U2 F R2 F L2 R2 D2 F' R2 U2 L U' B' R' B D U' R2 U F;2026-02-26 00:51:41;12.54
10964;11.88;;R2 U2 F B2 L2 F2 D2 L2 D B2 U2 L2 U' B2 F' D2 L' R' F U' B;2026-02-26 00:52:04;11.88
10965;9.97;;D L2 U2 L' U2 B2 L' R2 U2 L2 B2 U2 F2 D R B D L B2 R2;2026-02-26 00:52:27;9.97
10966;11.67;;R' L2 F' D B' L' D' F2 U D' F2 R2 F2 R2 U' L2 F2;2026-02-26 00:52:45;11.67
10967;12.48;;L' F2 L2 B' R2 B' R2 B2 U2 L2 D2 R2 B2 U' B R' U L2 F' L R;2026-02-26 00:53:07;12.48
10968;12.90;;R F2 U2 R F2 R2 D2 F2 R' F2 U L2 B' F' U' F D' L F2 R';2026-02-26 00:56:31;12.9
10969;10.90;;D R' D L' F2 B' U B L U2 R D2 R2 F2 L' F2 L' U2 F2 U2;2026-02-26 00:58:20;10.9
10970;11.04;;B2 F2 D' L2 F2 D' B2 D U2 F2 R2 U F R D' L' D' B D2 L' U2;2026-02-26 00:59:09;11.04
10971;11.00;;D2 R2 F2 D L2 F' R L B' U2 D2 F' U2 L2 F' R2 B2 D;2026-02-26 00:59:34;11.0
10972;12.50;;L2 B U L2 F' B' D' U2 F' U2 L2 D2 R2 B' R2 U2 L' U;2026-02-26 00:59:53;12.5
10973;11.37;;R2 D2 R2 U L2 B2 D2 B2 U' F2 L2 B U R' D2 B U L B F;2026-02-26 01:00:17;11.37
10974;8.79;;U2 F L D2 U2 L2 D2 F2 L B2 D2 R2 D2 R2 B' L2 D2 B' R U B';2026-02-26 01:00:42;8.79
10975;11.16;;L F B2 R' U' L B D2 F' L' U R2 F2 L2 F2 L2 U R2 U L2 U2;2026-02-26 01:03:25;11.16
10976;9.80;;B R F' U' B2 L2 D' R2 U' F2 L2 D2 F2 L2 R' D F2 L' U L2 R';2026-02-26 01:11:54;9.8
10977;9.24;;D' U2 L2 U' L2 F2 D U2 F2 R F' U' B2 U L2 F' R2 D2 U2;2026-02-26 01:12:14;9.24
10978;9.58;;L' D2 B2 D2 B D2 F' U2 R2 U2 F' U2 R2 U' R U B2 R' F D';2026-02-26 01:18:33;9.58
10979;11.22;;L D R2 B' D' F' U2 B U R D2 B2 L U2 F2 R' F2 L2 U2 R';2026-02-26 01:18:54;11.22
10980;10.98;;D2 L F2 U2 L2 D2 R F2 L D' L2 B' D F L B2 D2 U;2026-02-26 01:19:16;10.98
10981;10.86;;U' B' R2 D2 U2 L' B2 D2 R2 B2 R' B2 R2 F' L D' R' F2 U F2;2026-02-26 01:19:40;10.86
10982;9.35;;F' U2 F' R' D B2 D2 R U' F' R2 U2 F L2 B D2 B' R2 D2 F';2026-02-26 01:23:23;9.35
10983;12.54;;F' D2 B2 D2 R2 B' U2 F R2 F2 L2 F L B R' D2 R F R' D' L;2026-02-26 01:30:17;12.54
10984;8.63;;R U D2 B R2 U2 R2 B R2 D2 F U2 F D' L' D2 F U2 B' R' D2;2026-02-26 01:30:55;8.63
10985;10.67;;D R D2 L U2 B2 L D2 L2 B2 R F2 U' B L D R' B' L2 D2;2026-02-26 01:31:57;10.67
10986;8.94;;D2 R' U F2 L2 B2 U L2 F2 U F2 D2 U F U' R D B F' L F2;2026-02-26 01:32:14;8.94
10987;10.99;;F R' D2 R2 B2 L2 B' L2 D2 R2 F2 U2 F' L2 R B D R U' F2 L';2026-02-26 01:32:33;10.99
10988;10.08;;L2 D' B2 U2 F2 R2 B2 U2 F2 D L2 B L' F2 L2 D R2 F' L' B D2;2026-02-26 01:34:18;10.08
10989;9.00;;B R U2 F2 U B2 D F2 R2 F2 L2 F2 U B F L2 D R' D2 U;2026-02-26 01:34:38;9.0
10990;10.30;;D' U2 R U2 R' B2 R U2 B2 U2 R' F2 R F' D2 B R2 D R D' U';2026-02-26 01:35:11;10.3
10991;11.75;;D2 F L' B2 L2 B' R L2 D' L2 U2 L' D2 R U2 B2 R' D2 B2 R;2026-02-26 01:35:29;11.75
10992;10.12;;F D2 F2 L B2 D2 L D2 R' D2 U2 L B L U2 L2 R U B D;2026-02-26 01:35:50;10.12
10993;12.90;;B2 F2 U2 L2 D F2 U B2 D F2 D' L' F R' D' L' R' U' F L2;2026-02-26 01:36:08;12.9
10994;9.40;;R' U B2 L D2 L2 U F L2 U R2 B2 U2 D' R2 U2 B2 U' L2 B2;2026-02-26 01:36:31;9.4
10995;9.03;;L' B U' L F2 D' R B R' B D2 F R2 D2 R2 U2 B' D2 R2;2026-02-26 01:36:48;9.03
10996;10.05;;U B2 D L2 D U2 R2 U L2 F2 U2 F2 R' F' L2 U2 F R2 B2 D;2026-02-26 01:37:09;10.05
10997;10.16;;R2 L' U' F D2 L' B' D2 B2 U2 R U2 L F2 R B2 L' D2 F' R2;2026-02-26 01:37:27;10.16
10998;8.06;;L2 F R2 B L2 F2 D2 F D2 B' L' F' U' F2 R2 F R' D' B2;2026-02-26 01:37:47;8.06
10999;10.78;;D2 L2 F2 R F2 L' B2 R D2 R2 F2 D B' U' F2 L' D2 U' L2 D;2026-02-26 01:38:12;10.78
11000;9.23;;L' D' B2 U R2 F2 L2 U B2 U2 B2 L D' F U2 R' D' R' U' L2;2026-02-26 01:38:35;9.23
11001;10.77;;U F' U' R D2 B' R' B D' F2 B2 D2 B' U2 L2 B' D2 F U2 F;2026-02-26 01:38:59;10.77
11002;8.86;;F U' F2 D R2 D2 F2 R2 F2 U' L' D' L B L B' D2 R' U;2026-02-26 01:39:21;8.86
11003;10.68;;U' L2 F2 U F2 D' B2 D B2 U' R2 B2 F R' B' L D2 U' B' R;2026-02-26 01:39:38;10.68
11004;8.58;;B' R2 F2 L2 B2 D R2 F2 D F2 D2 U L U2 F' R' D2 B D' L B2;2026-02-26 01:39:57;8.58
11005;10.96;;F D2 F' R2 L' B' R2 U D2 R2 F2 D F2 U F2 D2 L2 B U;2026-02-26 01:40:18;10.96
11006;7.59;;D R' F2 U' R2 F2 D L2 U2 L2 F2 U' B2 D2 B' D2 U' B' F2 D' F;2026-02-26 01:40:50;7.59
11007;7.78;;U2 D' F L U' L2 F U' D' F2 R2 U F2 U' B2 R2 B2 L2 F;2026-02-26 01:41:09;7.78
11008;12.43;;U2 R2 D2 F D2 B D2 F2 D2 R2 B2 F U R2 B' R' D' B' U2 L' D2;2026-02-26 01:41:31;12.43
11009;8.94;;R2 F2 U F2 L2 D' F2 R2 D U2 R B2 R' D F U B L B';2026-02-26 01:41:53;8.94
11010;9.33;;B' U2 B2 F2 R2 D F2 U' F2 L2 U' R2 U2 R D L2 F2 R B D2 L2;2026-02-26 01:42:11;9.33
11011;7.61;;U' L R2 F2 R2 U R2 U B2 U2 F2 D F2 B' L' B' F2 D B F;2026-02-26 01:42:30;7.61
11012;8.10;;B' L2 B D' R2 B' D2 L F' U2 R2 B' R2 F2 B' D2 B' L;2026-02-26 01:42:49;8.1
11013;8.60;;D' B2 R F2 R' B2 R U2 R B2 U2 B2 R' F' R2 U' R' B' R F L;2026-02-26 01:43:10;8.6
11014;10.35;;B R2 B2 U2 R2 U2 R2 B' R2 U2 F2 U B R' F' D F2 D2 B' L;2026-02-26 01:43:26;10.35
11015;8.86;;D' F2 R2 F2 D L2 R2 U2 L2 D' B' R' D' L2 U' R U' B2;2026-02-26 01:43:44;8.86
11016;11.01;;D2 L2 B' R2 F' U2 F D2 B' D2 R2 U2 L' U R' B' L2 F U' R B2;2026-02-26 01:44:01;11.01
11017;8.64;;U' B' U2 F' D B2 L U R B2 U' L2 U' B2 R2 L2 D' R2 F2 B2 D;2026-02-26 01:44:20;8.64
11018;10.50;;D2 B2 U L' F2 L2 R B2 L' U2 F2 U2 F2 R' B' L F' U' R' B' R';2026-02-26 01:44:37;10.5
11019;10.50;;D2 L2 B' U2 L2 F' L2 F' D2 B2 D2 R2 L' B2 F2 U' R B D2 L;2026-02-26 01:44:57;10.5
11020;9.66;;F2 B R' L2 U' F R2 L B' F2 U2 R2 U2 R2 D2 B2 R2 D R2 D L2;2026-02-26 01:45:45;9.66
11021;10.93;;B D2 R2 D2 B L2 D2 F' U2 F2 R2 L' F' L' R' B' D L U B2 L;2026-02-26 01:46:07;10.93
11022;11.54;;D2 B' F2 R2 B2 U2 L2 U2 F2 R2 U2 F' L U F' U2 B D B R';2026-02-26 01:46:28;11.54
11023;7.49;;B' R' F2 L F2 R' D2 L' B2 R' D2 B2 R2 D U' L' B2 U B F2 L2;2026-02-26 01:46:47;7.49
11024;9.82;;U L2 B2 R2 U L2 D2 U R2 F2 R2 L' D R U' B L' F L' R D2;2026-02-26 01:47:03;9.82
11025;9.56;;F U2 R2 U' R2 D F2 U' R2 D L2 D2 R' D B' U2 L D U' F';2026-02-26 01:47:24;9.56
11026;9.15;;F' D F U' L2 U2 F2 D2 B2 U' L2 U R2 F2 R' B' R D U' F' R;2026-02-26 01:47:42;9.15
11027;8.95;;L2 U D2 L2 B' L2 D2 L2 R2 F D2 U' B' F L F' L R' F';2026-02-26 01:48:00;8.95
11028;9.72;;D' F2 U' L2 R2 F2 L2 D2 U' R2 D' R' F U' F' L' B D R' F D';2026-02-26 01:49:52;9.72
11029;9.78;;R2 F2 U2 F L2 D2 R2 D2 B' U2 F2 U' B' F R' D2 L' D2 U R';2026-02-26 01:50:11;9.78
11030;7.83;;R' F' D2 L2 R2 F' L2 F2 U2 R2 D2 R2 F2 D' R' F R' U L R';2026-02-26 01:50:30;7.83
11031;7.91;;F2 U2 R2 U' L2 U' L2 B2 R2 U2 B2 R D U' R2 B2 L' F' D' B L;2026-02-26 01:50:46;7.91
11032;11.07;;D F U B' D' L' B2 D' B D2 F2 R B2 L F2 B2 U2 R F2 R' F2;2026-02-26 01:51:08;11.07
11033;8.33;;L2 B2 D U B2 L2 D F2 L2 U' L' U2 R2 D B' R' D' B2 F2 R2;2026-02-26 01:51:28;8.33
11034;10.83;;D' R2 F2 L2 U F2 U F2 R2 D' L2 F' D2 L B D' R' U2 L U F';2026-02-26 01:51:44;10.83
11035;9.26;;D' R2 U' B2 D B2 U B2 U F2 L2 D2 R' B D R2 D B U B';2026-02-26 01:52:37;9.26
11036;9.67;;F2 U R F' D2 R L2 U' R B2 U2 L2 D2 L2 F B2 D2 F D2 L2;2026-02-26 01:52:54;9.67
11037;10.66;;F' L' U L' D' B2 R F R2 L2 F2 R2 B2 U2 R' U2 F2 L F2 B;2026-02-26 01:53:14;10.66
11038;11.97;;D B2 L2 R2 D2 B2 L2 U' B2 D' U' F' R B2 F2 D2 R' F' L F2;2026-02-26 01:54:17;11.97
11039;10.52;;F D' U2 F2 U2 B2 R' D2 R2 B2 R' F2 R2 U F D2 B2 L' B' F;2026-02-26 01:54:40;10.52
11040;9.99;;D2 R B2 L' U2 L U2 F2 R B2 L2 D2 F D' F2 U2 B R F2 U;2026-02-26 17:27:41;9.99
11041;8.35;;B2 U' L2 B2 U B2 U2 R2 U L2 R' D2 F D B2 D' L2 U' R2 U';2026-02-27 11:51:36;8.35
11042;9.70;;F' L U' L2 B L' F2 U2 R F2 D' F2 D B2 L2 U2 D B2 D2 R2;2026-02-27 11:51:53;9.7
11043;10.52;;U' B2 D B2 U F2 D' B2 L2 D L2 B' L R' F' R' D' L2 D' L2 R2;2026-02-27 11:52:14;10.52
11044;10.90;;U' R2 L D' L B' L' U2 R' F R2 F L2 U2 B' L2 F R2 B2 D2 L2;2026-02-27 11:52:47;10.9
11045;10.69;;F R' F2 D2 U2 L F2 R D2 U2 B2 R D' B2 F' R' D L2 D B;2026-02-27 11:53:06;10.69
11046;7.74;;F' R2 B2 U2 F2 U L2 B2 U2 F2 D F' L R D' F2 L' U' R2;2026-02-27 11:53:52;7.74
11047;8.40;;U2 L2 F' L2 F' R2 B2 F' U2 R2 U' B' R B' U' L F' D U L;2026-02-27 11:54:14;8.4
11048;8.71;;L' B2 R2 U F2 D2 B2 U' F2 R2 D2 F L' R D F U' L2 F' L';2026-02-27 11:54:31;8.71
11049;12.87;;B U2 L2 R2 D B2 F2 U F2 U B2 U' L D2 R' U' F2 L F' R' B;2026-02-27 11:54:50;12.87
11050;8.92;;L F2 L D2 F2 R' D2 F2 U2 R2 B' U R' U2 R F2 D L2 F L2;2026-02-27 11:55:18;8.92
11051;9.73;;U L' B D R' U' F L D F2 D' F2 D F2 L2 D2 B2 U' R2 B2 F;2026-02-27 11:55:36;9.73
11052;8.76;;R' L' D R U R F' D B' L D2 L2 U2 L U2 B2 R B2 L' D2;2026-02-27 11:55:56;8.76
11053;8.13;;U2 F U' F2 R2 L' U' L' F' R F2 D F2 U' L2 D R2 B2;2026-02-27 11:56:13;8.13
11054;12.46;;F' D' F U2 B2 U R2 D2 R2 F2 D' B2 R2 F' R' U2 L F' R2 U';2026-02-27 11:56:29;12.46
11055;10.23;;U B2 U2 B2 U2 L2 R' D2 L' R2 D F U' B' R' B2 L D F2;2026-02-27 11:57:37;10.23
11056;9.38;;U L2 R2 B2 U' R2 F2 D' L2 F' D2 R B2 D B2 U L' U';2026-02-28 12:50:49;9.38
11057;9.62;;B R2 F U' B2 L U' F' D B' R2 F' R2 U2 D2 B' D2 B' U2 L2;2026-02-28 12:51:07;9.62
11058;11.06;;L F2 D2 L2 R2 D' L2 U' B2 U R2 U2 R D' F U F2 U B' D;2026-02-28 12:51:27;11.06
11059;10.96;;F B D' L' F L U' R' F2 U2 F' U2 R2 U2 L2 B2 L2 B' R2 F' L';2026-02-28 12:52:14;10.96
11060;11.34;;F2 R2 D R2 U' L2 D' U2 R2 F2 U2 F R2 U' B D2 R D L F';2026-02-28 12:52:33;11.34
11061;10.06;;B U2 L2 R2 B2 L2 F R2 B R2 U2 D' B L2 F' R' B2 D B' F' L;2026-02-28 12:52:54;10.06
11062;10.12;;R2 B U2 L2 D2 L2 F D2 R2 U2 R2 F2 R' D2 F2 D R' B L D';2026-02-28 12:53:11;10.12
11063;9.99;;R' B D F2 U2 B2 R2 D L2 D B2 L2 U2 L2 F D B2 U' L' F' R2;2026-02-28 12:53:29;9.99
11064;11.45;;D F' D R' F' U F L' U2 R B2 L' B2 D2 B2 D2 R2 F2 R;2026-02-28 12:53:48;11.45
11065;9.90;;R2 F2 R' D2 B L U D' R F' U' R2 D' B2 U' R2 F2 B2 D2 R2;2026-02-28 12:54:09;9.9
11066;7.95;;L D' B2 F2 L2 U' F2 D2 L2 D' F2 L2 F' R' D' U2 R2 U L2 B2;2026-02-28 12:54:28;7.95
11067;8.45;;B2 R' L' U' D2 F U L' U2 R2 F B2 L2 U2 B R2;2026-02-28 12:54:56;8.45
11068;10.32;;R2 B' L' F2 R D2 B U' L R2 U B2 D R2 F2 U F2 U F2 U2;2026-02-28 12:55:17;10.32
11069;12.70;;R' U2 F2 U' L F' L2 B' R2 F2 R2 U2 L B2 R F2 B2 L B2 F;2026-02-28 12:55:49;12.7
11070;9.18;;R F2 U F2 L2 R2 D L2 F2 D2 R2 D2 L D' B F R D F R;2026-02-28 12:56:24;9.18
11071;10.98;;D2 R' F L2 F D B R' D2 L2 D2 L2 F R2 F B L2 F' R2 U2 R;2026-02-28 12:56:43;10.98
11072;9.12;;U' F D B2 R' D2 B' U' R F2 R F2 R2 F2 R D2 L F2 B2 R2 B';2026-02-28 12:57:03;9.12
11073;9.62;;B2 D2 L U2 B2 L' F2 L' R2 B2 L' U2 F D2 U B R F L' U R';2026-02-28 12:57:24;9.62
11074;11.39;;L' D2 R' F2 U2 L2 F2 D2 U2 R U2 R B R D B F2 R2 U R';2026-02-28 12:57:55;11.39
11075;10.16;;R' F2 R2 B2 L2 F L2 F D2 B' U2 F' R' U' L2 B F U2 B F2 R';2026-02-28 13:00:29;10.16
11076;9.64;;B' D2 F' L2 B2 F' D2 F2 D2 L B' R B' U2 F D B2 L' R';2026-02-28 13:00:51;9.64
11077;8.34;;R2 B' R2 B' D2 B' F2 D2 R2 F' D2 F' U L2 D' B' U' B2 L F2 D;2026-02-28 13:01:08;8.34
11078;9.16;;B2 L2 D2 U2 B R2 F' D2 B' F2 D2 U' R' B' R U B D' L R' U2;2026-02-28 13:01:27;9.16
11079;8.29;;R' U2 B2 L F2 D2 R D2 B2 D2 U2 F' D' F2 D B' U B L2 D';2026-02-28 13:01:43;8.29
11080;10.25;;B' U' B2 U2 F2 D2 L2 U2 F U2 B2 F2 L F2 U' B D R' D U;2026-02-28 13:02:01;10.25
11081;7.27;;D' F2 L2 D' B2 U F2 U B2 F R' F2 R' B' R B L' U' L2;2026-02-28 13:02:18;7.27
11082;9.30;;F2 D' F2 D2 L' R' D2 R B2 R B2 U2 R2 D' L' F L2 B D F2;2026-02-28 13:02:36;9.3
11083;10.46;;F L U2 R2 D2 B D2 L2 B' D2 B' F R' D' B2 R' U' B' L';2026-02-28 13:02:55;10.46
11084;10.08;;U2 F' U F' D' B R B' U2 D2 R F2 D2 F2 L B2 U2 L B2;2026-02-28 13:03:18;10.08
11085;8.80;;D' F2 L2 D' U2 F2 D' B2 L2 U' B' D L B F' R' U B D2 F;2026-02-28 13:03:43;8.8
11086;8.71;;D2 F' U2 F' B' R' U' L2 B' L2 F2 U2 R2 U D2 R2 B2 D R2 U';2026-02-28 13:04:00;8.71
11087;9.62;;B' R B' D2 R2 B L2 R2 B U2 L2 B' L2 D' L2 U' B D R F' D';2026-02-28 13:04:16;9.62
11088;10.22;;R' D F2 D U B2 L2 D' R2 U L2 R' B2 R D' F U' B D';2026-02-28 13:05:40;10.22
11089;9.17;;R2 L2 F2 D2 B2 U F' U2 R D2 R' B2 L2 D2 L B2 D2 R U' B';2026-02-28 13:06:09;9.17
11090;9.80;;D L2 U2 L2 B2 D' L2 B2 L2 U2 B2 U2 B R2 B L D2 F2 R' U2 B';2026-02-28 13:06:26;9.8
11091;11.70;;B' R F2 U' D2 L B' D' F' D2 R' F2 B2 U2 L' D2 B2 R' F2 L' B2;2026-02-28 13:06:45;11.7
11092;9.56;;L B L2 F2 U R2 F2 R2 D' R2 F2 U' F2 U2 F D' F' R B' F' R';2026-02-28 13:07:09;9.56
11093;10.94;;F' L2 F2 D2 B' L2 F' R2 U2 L2 D' B2 R U F L2 R2 U R;2026-02-28 13:07:30;10.94
11094;10.66;;L' R2 B2 F2 D' L2 B2 D B2 U' F2 U2 F R' F D' F D U' F2;2026-02-28 13:07:50;10.66
11095;8.64;;L2 U B2 L2 D' B2 U2 L2 U F2 R2 B2 F' R U2 B' R2 U' F2 D2 R';2026-02-28 13:08:09;8.64
11096;10.89;;R2 D' B2 U R2 F2 L2 B2 U' B2 U R' D F' D R2 U' L F2 U' L';2026-02-28 13:08:31;10.89
11097;9.18;;B2 R2 F2 U2 R' B2 D2 R F2 R2 B2 R' F' L' B' F R2 D' L2 U' L';2026-02-28 13:08:58;9.18
11098;10.28;;D2 B' D2 F2 L2 R2 D2 B' L2 F' D2 F2 R' F D2 F' U B' R2 U F2;2026-02-28 13:09:19;10.28
11099;9.59;;D B R2 F' L2 D2 F' D2 F2 L2 R2 F' U2 R' B' F' U' F L' D2;2026-02-28 13:09:40;9.59
11100;11.16;;U2 B D2 F' U2 B' D2 B' D2 U2 B2 R2 L D U F' D2 R U B' L2;2026-02-28 13:10:50;11.16
11101;8.57;;R B L2 D2 R' B2 U2 L B2 L' R2 U2 R' U2 F D R B F' U F';2026-02-28 13:12:23;8.57
11102;10.67;;D2 F2 R' D2 U2 R' F2 D2 F2 D2 L' F' R2 B' U' F L2 B R';2026-02-28 13:13:03;10.67
11103;8.80;;R F2 U2 L2 U2 F L2 B' U2 B2 U2 F2 U' R D R D2 B2 D' R';2026-02-28 13:13:24;8.8
11104;11.00;;U R B2 U2 R2 D' B2 D R2 F2 D' B2 F2 D F D L2 R' F' L2;2026-02-28 13:13:46;11.0
11105;10.67;;L F D F2 B' R' F D L D2 F2 U2 R2 B2 L D2 L' D2 F2 L' B;2026-02-28 13:14:06;10.67
11106;9.14;;U L2 F2 U2 F U2 F2 U2 R2 B' D2 L2 D2 R' F D' B2 D B R2 D;2026-02-28 13:14:27;9.14
11107;6.86;;F2 D R2 D B2 F2 R2 B2 F2 D' R F2 R2 U' B' U' L B D' L2;2026-02-28 13:14:45;6.86
11108;10.31;;U R' U' R F D' B D2 R D2 L' U2 L U2 R2 U2 F2 U2 R2 U;2026-02-28 13:15:03;10.31
11109;9.76;;B' U2 R2 B' U2 F2 D2 L2 U2 B U2 R' D2 L' D2 U' F' L' R2 B2 L2;2026-02-28 13:15:25;9.76
11110;9.08;;U2 F D' U B2 U L2 U' B2 F2 U2 F2 R2 L' B' L' U' L' F L R;2026-02-28 13:15:47;9.08
11111;7.15;;F' L2 F2 R2 U2 B U2 F' D2 F L R D2 F' L2 U' L R' B;2026-02-28 13:17:05;7.15
11112;7.90;;B2 R2 L' U2 D R F U D' R2 D2 L2 U2 B2 D2 F' B2 R2 B' U2 B;2026-03-02 16:48:37;7.9
11113;10.11;;U' B2 U2 L' B2 D2 L B2 L' U2 B2 F2 D' F D2 U' F' D2 B2 D';2026-03-02 16:49:24;10.11
11114;11.84;;D2 U2 F' L2 D2 B' L2 B F2 R2 F' L B2 U' B L2 D2 B2 D' B F;2026-03-02 16:49:44;11.84
11115;12.68;;U' F' D' R2 L' U' B2 L' B2 L' U2 R U2 R F2 U2 F2 B L2;2026-03-02 16:50:04;12.68
11116;13.29;;B2 R F2 L' R D2 F2 R' D2 F2 R2 D' R' B' D2 F' D' U' B' U2;2026-03-02 16:50:30;13.29
11117;8.00;;U' L' D2 R2 D2 R2 F2 R2 B2 D' B2 U' R2 F' U B L' R' B' D' B';2026-03-02 16:50:53;8.0
11118;10.39;;B R2 U2 B F' R2 F L2 F U2 D F2 R' U L' R' F2 L2 F R;2026-03-02 16:51:10;10.39
11119;13.32;;F2 U' R2 B2 L2 U2 F2 U F2 L2 F2 U F' L B L' B' U L2 R U2;2026-03-02 16:51:34;13.32
11120;12.98;;R2 L U' D' L2 D' R' U' F' U' L2 U F2 U L2 U2 B2 U F2 R2 D;2026-03-02 16:51:58;12.98
11121;10.29;;D F' U2 B' D2 B' U' R' D2 L' B2 U2 B2 R' U2 B2 L' B2 F' R;2026-03-02 16:52:23;10.29
11122;9.50;;B2 R2 F2 R2 U' R2 D B2 D' B' L' R2 U B L U2 F D';2026-03-02 16:52:42;9.5
11123;8.30;;F2 D B' L D' L' B2 L' F' L2 U2 D2 B2 L2 F R2 U2 F R2 L';2026-03-02 16:53:03;8.3
11124;9.21;;B D B2 U' L2 F2 D2 L2 F2 D2 U' R2 F' R' U2 B D U' L D;2026-03-02 16:53:20;9.21
11125;11.25;;R U F L2 U B2 R2 U2 B2 U' B2 U2 L2 U2 L' U' R' F' D2 L' U';2026-03-02 16:53:36;11.25
11126;7.66;;L' B' U' F2 D B2 D B2 L2 F2 U2 F2 R2 D' B' R2 F R' F U L;2026-03-05 12:31:16;7.66
11127;9.93;;R' D2 B R2 U R2 D L' R2 D' R2 B2 D' F2 R2 B2 L2 U R2 L2;2026-03-05 12:31:34;9.93
11128;11.22;;U L2 B2 R2 D' F2 L2 D R2 F2 U' R D U' L2 F' R F D' F';2026-03-05 12:31:53;11.22
11129;9.29;;U' L2 U' B2 D R2 U' F2 L2 D2 L2 D L F' L' R' U' F2 U L2 U;2026-03-05 12:32:13;9.29
11130;11.15;;U2 F2 U2 R B2 L D2 U2 F2 L' D2 L D R B U2 F' D' L2 U' L';2026-03-05 12:32:34;11.15
11131;11.61;;D' F' R' D2 L2 D2 F2 U2 F2 L D2 L2 U2 D' B2 R B R' D2 B';2026-03-05 12:33:16;11.61
11132;9.09;;L' U2 F2 D' L' D' R' F' R2 U2 B2 R2 L2 D' R2 U' D2 R2 U2 R;2026-03-05 12:33:35;9.09
11133;9.17;;F' U2 R2 L' U R2 D' B' U R B2 L2 B2 U R2 U' F2 D2 F2 L2 U;2026-03-05 12:33:55;9.17
11134;9.83;;R L2 B2 D L2 U' R2 U R2 F2 U' L2 U2 F D R D' L' D' L2 R;2026-03-05 12:34:11;9.83
11135;8.21;;L U' B R B2 L F' B2 D R D2 L B2 R' F2 R D2 L B2 L2;2026-03-05 12:34:30;8.21
11136;8.73;;B' D F' B L D' R F' U' L F2 L B2 L F2 R' F2 D2 R B2;2026-03-05 12:34:46;8.73
11137;9.84;;L D' F2 L B2 U2 B2 R2 U2 R' B2 F' R D U' L' R' D2;2026-03-05 12:35:03;9.84
11138;9.45;;L' R2 U' L2 D2 B2 D' L2 D' F2 L2 R F D2 F L' F U R D';2026-03-05 12:35:30;9.45
11139;11.63;;L2 D B2 R U' F' U2 R' D' L2 F2 B2 D2 L2 U R2 F2 D F2 U;2026-03-05 12:35:50;11.63
11140;8.52;;L F' U L2 B L' B2 D' F L U2 L D2 F2 L D2 F2 L2 U2 F2;2026-03-05 12:36:30;8.52
11141;7.61;;F2 D B L' U' D' R2 D2 L F' L2 F2 D2 F' R2 F D2 B' U2 B2;2026-03-05 12:36:59;7.61
11142;10.36;;D' F L2 D L' D2 R' F U2 B L2 B R2 L2 D2 B D2 R2 D' B;2026-03-05 12:37:17;10.36
11143;10.45;;F2 U B2 D R2 U B2 D' L2 U' B' L F2 R2 U B L' F' R2 U;2026-03-05 12:37:39;10.45
11144;11.17;;R' D' B L B2 U2 R' U R' B2 U2 R' D2 R L U2 F2 U2 L D;2026-03-05 12:37:57;11.17
11145;10.64;;D2 R F' U B2 L' D F2 U F2 D2 B' R2 F U2 B' U2 R2 U2 B2;2026-03-05 12:38:25;10.64
11146;9.33;;B2 R2 U R2 F2 D2 R2 F' U2 B R2 F2 D' R D B2 D' L' F';2026-03-05 12:38:43;9.33
11147;9.32;;D F2 U' F2 L' D2 B R2 D R2 U2 F2 R2 D B2 U' R2 D' F2 R' U2;2026-03-05 12:39:08;9.32
11148;10.36;;U2 F' R F' U L F' B D' F2 R2 U2 D' F2 D2 B2 D' L2 F';2026-03-05 12:39:25;10.36
11149;9.81;;D L2 U' F2 D B2 U R2 U2 F2 L B U' L' F R F2 D B' U F';2026-03-05 12:39:44;9.81
11150;11.99;;U' L F2 R2 F2 R' B2 F2 L D2 R' F2 L B' L2 D R2 B D' L;2026-03-05 12:40:05;11.99
11151;8.15;;B2 D2 B U2 B' L2 D2 U2 R2 B' D2 F' D' R' B L F L' R2 B2 D;2026-03-05 17:49:58;8.15
11152;8.38;;B R2 F' L' D R L' F R2 U' F2 B2 D' R2 U' F2 D R2 D B';2026-03-05 17:50:14;8.38
11153;8.82;;U' D2 B' R' U' L2 F L F2 R D2 B2 L2 U2 R F2 B2 U' F2 R;2026-03-05 17:50:33;8.82
11154;9.70;;L' F D2 L2 B' R2 F L2 B' L2 D' B U' F' L' D' R' B';2026-03-05 17:50:56;9.7
11155;9.57;;R F R2 U' L U' F B' D2 L2 F2 D F2 L2 U L2 U L2 B2 L;2026-03-05 17:51:21;9.57
11156;11.76;;L2 F' D2 B' L2 B2 F U2 B D2 L2 U B' R2 B' L D L2 F' R' B;2026-03-05 17:51:46;11.76
11157;9.66;;D R' L2 F' L2 B L2 U2 B D2 F' R2 D2 F2 U B' U2 B2 U' B2 L;2026-03-05 17:52:07;9.66
11158;11.67;;U' L2 D' U2 L2 U' L2 F2 R2 D L2 D' F R' U F2 R2 D' R B2;2026-03-05 17:52:23;11.67
11159;10.36;;B D' B L F' D B' R2 D2 L' F2 L2 D2 L U2 L F2 U2 F U';2026-03-05 17:52:44;10.36
11160;9.12;;U F D2 R' F L' D' L U2 L' F2 D2 F2 R' D2 L' U2 B2 U L';2026-03-05 17:53:03;9.12
11161;9.96;;F2 L2 B L2 F2 U2 L2 D2 F' U2 L2 F' L' D2 R' F' D L' B U' L';2026-03-05 17:53:27;9.96
11162;11.01;;D2 F' R B2 R2 U' L2 D2 L2 U B2 U F2 D' L D2 F D2 B R F';2026-03-05 17:53:47;11.01
11163;10.29;;B L F2 R2 D R2 B2 U F2 L2 U R2 D B U L D B2 L F2;2026-03-05 17:54:07;10.29
11164;11.67;;F D2 F2 R2 D2 B' R2 F L2 R' F L B L' U R' B2 D B';2026-03-05 17:54:25;11.67
11165;9.58;;F2 U F D2 L2 D2 L2 F' L2 B' F' R2 U2 L F U' R2 B R' F;2026-03-05 17:54:46;9.58
11166;9.24;;F B' U2 L U' B' U' F' D2 B D2 F' L2 F2 U2 L2 U2 B R2 U' R';2026-03-05 17:55:08;9.24
11167;8.22;;R' U' L' D L2 D' L2 D2 U' F2 U F2 R B L B2 F' L2 R';2026-03-05 17:55:26;8.22
11168;10.92;;L' F' D R2 U L2 B2 R2 D2 R2 U B2 D2 B2 F' D' L2 R B U R;2026-03-05 17:55:44;10.92
11169;11.78;;L2 R' U2 R' B2 L' U2 F2 R' D B2 F' L' F L' F2 L U;2026-03-05 17:56:04;11.78
11170;8.82;;R2 D2 L2 F R2 B' D2 B2 R2 D2 R2 L F2 L B2 U' F2 R B R2;2026-03-05 17:56:30;8.82
11171;10.37;;D2 B2 F L2 R2 F' L2 B F' R2 U2 R D R2 U B2 U2 R' F L' D';2026-03-05 17:56:50;10.37
11172;10.10;;B' D2 B' L2 D R2 B' U B2 D2 R B2 D2 R F2 R' U2 B2 L' D';2026-03-05 17:57:09;10.1
11173;8.84;;L B2 F2 D F2 L2 D2 B2 D2 U' R2 D F' D2 B' R2 F' D L U2;2026-03-05 17:57:27;8.84
11174;9.46;;U' B L2 F' R F B2 R2 U' L2 D' F2 U B2 U' B2 D B2 F' L;2026-03-05 17:57:45;9.46
11175;10.20;;U B' R U2 R2 U2 R D2 U2 B2 D L F' R' U' L' U;2026-03-05 17:58:02;10.2
11176;11.20;;R2 F2 D2 F' L2 B U2 L2 D2 L2 F R' U' F' D' B' R2 D L R2;2026-03-05 17:58:21;11.2
11177;10.85;;F U F2 D2 R2 D2 L2 D B2 F2 U F' D U' B D2 L U' R' B;2026-03-05 17:58:41;10.85
11178;8.98;;U B L D2 R B2 U2 B2 D2 R U2 F2 R' B' R B F D' R U;2026-03-05 17:59:00;8.98
11179;12.22;;B' D2 F' L2 R2 U2 R2 B D2 F D2 U' B2 R D' L' F L' U F';2026-03-05 17:59:18;12.22
11180;11.07;;U2 B D F R D L2 F R F2 U2 F2 L2 B2 R2 D F2 U' R2 U;2026-03-05 17:59:37;11.07
11181;9.58;;U L2 F2 U L' B R' F' U' L2 F R2 B D2 F U2 B L2 F2 U2 L2;2026-03-05 17:59:57;9.58
11182;8.79;;U2 F' B' U D' B L' U2 B2 U B2 L2 U R2 B2 L2 B2 U F' D L;2026-03-05 18:00:16;8.79
11183;10.89;;R F R2 D2 F U2 B2 R2 D2 B' R2 D R B' D' B' R2 D F;2026-03-05 18:00:32;10.89
11184;12.25;;F' L2 D2 L2 D2 B' L2 B2 F D2 U' B' D' F L' R F2 L' D2 F';2026-03-05 18:00:53;12.25
11185;9.35;;B2 U2 L2 B2 L2 U B2 D U2 R2 D L' B F' R B R D' R;2026-03-05 18:01:14;9.35
11186;10.91;;B' U B2 F' D2 F2 R2 D2 F' U2 F' U2 R B' F2 R' U' L' U' F;2026-03-05 18:01:31;10.91
11187;10.16;;F2 L U2 L U2 R2 B2 D2 R F2 R2 F2 U B' R' U' L F R' D2 L2;2026-03-05 18:01:58;10.16
11188;8.49;;L2 R2 U' R2 B2 U2 B2 U B2 U2 R D U' F' R' U2 L2 F' D2 R;2026-03-05 18:02:18;8.49
11189;8.86;;F2 R B2 D2 L F2 U2 B2 R' B2 L B' D' B' L' R F U' L2 R';2026-03-05 18:02:34;8.86
11190;10.42;;R F2 L2 U' F2 U' F2 R2 D2 L2 D2 U' L2 B U' F L' B2 F' U2 B;2026-03-05 18:03:00;10.42
11191;8.38;;D' R' L' B2 D2 B D L2 U2 B D2 L2 B L2 F L2 B2 R2 U' B;2026-03-05 18:03:22;8.38
11192;10.35;;D R' D' B2 L B' D L' U D2 L2 B' R2 B' U2 B2 R2 U2 L2 B;2026-03-05 18:03:42;10.35
11193;9.90;;F' U2 B' D2 U2 L2 B2 F' R2 B2 D R2 U L D' U' R B' F;2026-03-05 18:03:59;9.9
11194;11.93;;F' B2 R U L' D' R2 D2 B' L2 D2 F2 U B2 D L2 U F2 L2;2026-03-05 18:04:20;11.93
11195;9.61;;B2 R B' D' F2 L' U2 F R2 B2 U2 R2 B2 U L2 B2 D' L2 B2 D' L';2026-03-05 18:04:42;9.61
11196;8.37;;U2 L2 U2 F' U2 B D2 B' F D2 F' U B D F' U2 L U' F R2 F';2026-03-05 18:05:00;8.37
11197;8.43;;D' F U' L2 U F2 D2 U L2 D F2 U' L2 B F D R U' B D B';2026-03-05 18:05:16;8.43
11198;10.41;;B' R D2 L D2 L' B2 L R2 B2 R' U2 D' L' B F' L B U' F;2026-03-05 18:05:38;10.41
11199;9.94;;D B U' L U' R2 B' L B2 U2 R' F2 D2 F2 L U2 F2 R' D;2026-03-05 18:05:56;9.94
11200;8.98;;F R2 F2 R' F' B R U B' L2 B2 L2 U2 L2 D2 F2 U' L2;2026-03-05 18:06:15;8.98
11201;8.73;;D' L B' R2 D' R' F2 L' F U2 F' D2 B2 U2 B' L2 B2 R2 D2 B R';2026-03-05 18:25:55;8.73
11202;9.12;;L2 B2 U' B2 F2 L2 U B2 U' F2 L2 R' B2 R' B2 U B' D' L2 R' F;2026-03-05 18:26:13;9.12
11203;10.68;;U' R B2 D2 B2 D2 L U2 L' D2 L U2 B' L2 D' B' U L2 D2 F';2026-03-05 18:26:30;10.68
11204;8.84;;U F L' B D R2 U' L' U B2 L2 U' L2 U2 D B2 D R2 L;2026-03-05 18:26:52;8.84
11205;9.68;;D L2 B2 L2 R2 D F2 D2 U' F L2 R D F D2 R' D2 R D';2026-03-05 18:27:10;9.68
11206;9.24;;D2 L' U L2 U F R B2 U F R2 U2 R2 U2 F2 L2 F R2 F' U2 D2;2026-03-05 18:27:30;9.24
11207;9.49;;B2 F2 D B2 D L2 U B2 R2 U2 B' F L D' U2 R D2 L' U;2026-03-05 18:27:48;9.49
11208;9.27;;L' F R2 U2 B R2 F' L2 F' R2 F L2 R F U' R2 D R D2 F2 D2;2026-03-05 18:28:05;9.27
11209;8.92;;F L2 F' U2 L2 F U2 R2 D2 B' U2 F R' F L2 B U R B2 U F2;2026-03-05 18:28:23;8.92
11210;11.00;;R' L2 U' F R B' U F2 L U2 F2 R' U2 L U2 R B2 L2 D2 F;2026-03-05 18:28:45;11.0
11211;10.44;;D F2 R2 B D F2 R U L2 F2 D2 L' U2 D2 F2 R' B2 D2 R' F2 U';2026-03-05 18:29:06;10.44
11212;10.82;;B2 R2 D2 U2 L' U2 R F2 D2 U2 L' D' L2 B' L F' D' F' D' U';2026-03-05 18:29:24;10.82
11213;9.31;;L' D B' R2 F U2 B2 F' L2 B' U2 L2 R' U L R2 D R' D2;2026-03-05 18:29:44;9.31
11214;10.45;;F2 U' D2 B R2 U2 R D R D2 L2 F2 L D2 B2 L' F2 R' U2 B2;2026-03-05 18:30:02;10.45
11215;11.80;;F2 L U' L2 D2 F2 B' R F R2 F U2 R2 B' U2 L2 F' R2 B';2026-03-05 18:30:26;11.8
11216;9.51;;U2 F' B2 R2 U2 R2 D' F2 U' L2 B2 U' F2 U' F' U' L U R' U L;2026-03-05 18:31:18;9.51
11217;12.01;;U' D2 R U F' D' L B' U' R2 L2 F2 U' L2 D R2 F2 D F2 L2;2026-03-05 18:31:36;12.01
11218;9.90;;B' L2 B2 D R U' L' R2 U2 F2 L2 F' D2 F D2 R2 F' B' L2 D L';2026-03-05 18:31:58;9.9
11219;10.18;;D L' D2 R F2 U2 R F2 U2 L U2 R F D U' F2 L' F U' R2 F;2026-03-05 18:32:17;10.18
11220;9.65;;F' U2 F2 R D F D2 F' B2 U R2 F2 U' L2 D F2 D' B2 U;2026-03-05 18:32:38;9.65
11221;8.55;;B R' D2 F2 D2 U' B2 U' B2 F2 L2 U' R2 F' L U2 F D' B U' L';2026-03-05 18:32:56;8.55
11222;10.73;;B' R2 B2 L2 F2 R2 D' B2 U2 R2 D R B2 L B L2 U' L' F' R';2026-03-05 18:33:31;10.73
11223;8.62;;R' B' F2 U' L2 D R2 U F2 D2 F2 L2 D' B' D L R2 D B2 F L';2026-03-05 18:34:06;8.62
11224;10.55;;B U2 B D2 L2 B2 D2 B' D2 U2 B2 U2 L' U2 R' B R2 D' B' D U;2026-03-05 18:34:26;10.55
11225;9.62;;F U2 L2 F2 L2 B2 D L2 U' L2 R2 D L' B L2 D' F2 D R' D2 U';2026-03-05 18:34:46;9.62
11226;9.64;;L2 F' B2 R' D2 F' R B L' B2 U2 L2 D B2 L2 F2 R2 D' L2 U F2;2026-03-05 18:35:08;9.64
11227;10.70;;R D2 R' U2 F2 R B2 L' B2 U2 L' F2 D B2 R F' L U2 R2 F U';2026-03-05 18:37:25;10.7
11228;11.18;;U' F D2 F L2 B F2 L2 R2 D2 F R2 L F U' B' R2 D2 R2 B2 R2;2026-03-05 18:37:47;11.18
11229;9.79;;L2 U' R2 B2 D2 L2 B2 D2 L2 U B2 D2 R' F2 L' B' U R' D R F;2026-03-05 18:38:18;9.79
11230;10.48;;D2 F' U2 R U D L' U F R D2 F2 R U2 L' F2 D2 R' D2 B2 D2;2026-03-05 18:38:38;10.48
11231;8.88;;L' U' L2 U2 F2 R2 F2 U F2 U2 R2 B D2 R' U B D' R2 U';2026-03-05 22:36:28;8.88
11232;10.97;;D F2 D' L2 B2 L2 U2 R2 F2 D U2 R2 B D L B D' B L D' U2;2026-03-05 22:36:46;10.97
11233;11.56;;D2 F2 R2 U L2 D R2 U' B2 D F' D2 B' L U B' F L' R2;2026-03-05 22:43:25;11.56
11234;12.57;;U' F2 U' B2 D' U2 F2 L2 F2 L2 R U F' D' L' B' U2 L R' U';2026-03-05 22:43:48;12.57
11235;7.93;;L2 B2 F2 D L2 U' L2 D2 U' L2 F2 D2 R' F' L2 D U2 F R2 B' F';2026-03-05 22:44:11;7.93
11236;9.00;;L2 D2 L' F2 L' U2 R U2 L2 B2 F2 R' B' D R2 B U F R B;2026-03-05 22:46:10;9.0
11237;18.52;;L D' F R2 B2 D2 F' L2 R2 D2 F D2 L2 D2 R D F2 U2 B' F' U;2026-03-05 22:46:31;18.52
11238;11.61;;L2 F L' F' U B U R' L' D' F2 R2 U2 D F2 D2 F2 R2 D';2026-03-05 22:48:15;11.61
11239;9.09;;F L2 D' F2 U' L2 R2 D' L2 D2 L2 R2 F L' R' F L U F' D' B;2026-03-05 22:49:14;9.09
11240;11.84;;B2 D F' R2 B U2 F R2 F' D2 L2 B2 L2 R2 D' B2 F' R U2 F' D2;2026-03-05 22:49:32;11.84
11241;12.95;;L B R' B2 R D2 R B2 L' F2 D2 R' U2 B' L B' U F U2 L;2026-03-05 22:49:58;12.95
11242;9.89;;D F2 R2 U' R2 U2 L2 F2 L2 F2 U2 L B' R2 U' R2 B D' F' L' F2;2026-03-05 22:50:29;9.89
11243;9.36;;D' R F2 R U' F B R F R' U2 R F2 U2 R' B2 L' D2 L' U2 B';2026-03-05 22:50:48;9.36
11244;9.97;;U' R B2 R' F2 D2 B2 D2 R2 D2 R2 F U F2 L' B U2 B D;2026-03-05 22:51:24;9.97
11245;11.37;;B' U2 R D F U B' R D F2 U2 F2 U2 R2 U2 R' D2 R' F2 R2;2026-03-05 22:51:46;11.37
11246;13.14;;L2 R2 U2 B' L2 F' D2 L2 B D2 R' F R' B R U' L2 B2 U2;2026-03-05 22:52:44;13.14
11247;9.66;;F2 D L B2 F2 R' F2 U2 F2 D2 L U2 B L R2 B' R D2 U';2026-03-05 22:53:21;9.66
11248;9.90;;L2 U2 R2 B' R2 B' D2 F2 R2 F' D2 B L F' L2 B2 F2 U' F2 U2 L';2026-03-05 22:53:39;9.9
11249;9.93;;D' R' D F2 R2 U' L' F' R2 D R2 L2 B2 U' D2 R2 D' B2 D F R2;2026-03-05 22:54:01;9.93
11250;9.82;;B2 R2 F2 D' L2 U L2 U2 B2 D B2 F' D2 U F D L F U2 R';2026-03-05 22:54:24;9.82
11251;9.80;;U' R' B L F2 U L2 D B R' F2 L D2 L' U2 F2 U2 L' B2 R2;2026-03-05 22:54:47;9.8
11252;8.79;;F U B' L D2 L F2 R F2 D2 L2 R' F2 R' D R' U L F U2;2026-03-05 22:55:14;8.79
11253;9.20;;L B R2 U' L2 U F2 L2 D L2 B2 U2 B2 R U B2 U' F2 L';2026-03-05 22:55:43;9.2
11254;9.48;;L B U' L2 R2 D' L2 F2 D' L2 D2 R2 B2 U2 L' B' D2 R' B2 U' F;2026-03-05 22:56:03;9.48
11255;9.34;;D' B R2 D2 F U2 B' L2 B2 U2 B' U2 F2 L U' R2 B2 R2 F' L2 U2;2026-03-05 22:56:33;9.34
11256;8.82;;D2 B2 U' L2 U' B2 D' F2 U' R' D' L2 D' B' U' L D F D';2026-03-05 22:58:12;8.82
11257;10.49;;L U2 B2 L2 U' R F' U2 R2 D' R2 U F2 U2 F2 B2 D R2 D F U';2026-03-05 22:58:31;10.49
11258;10.69;;F' R B' U' L' D B U' F2 D' F2 R2 U B2 L2 F2 D' R2 B2 L B;2026-03-05 22:58:49;10.69
11259;10.53;;U R2 D F2 R2 F2 U L2 U F2 D' F U L B2 U2 F' D2 U F';2026-03-05 22:59:40;10.53
11260;7.75;;D R' L2 B2 U2 F2 D' B2 F2 D F2 R2 L D2 B' L2 D F D2 F';2026-03-05 22:59:59;7.75
11261;8.78;;B2 D F2 R2 F2 L2 D' U R2 U' F' D2 R B2 F U2 B' L F2 R';2026-03-05 23:00:15;8.78
11262;8.87;;D2 R' U' L2 U R2 U F2 D' B2 U' B2 R2 D' F R' B' D' R2 B2 D;2026-03-05 23:00:33;8.87
11263;10.46;;U' L' D' F' R L' B U' D' L' F2 U B2 U' L2 D B2 L2 U2;2026-03-05 23:01:00;10.46
11264;9.30;;L D' F2 L2 D' L2 B2 L2 R2 U F2 U L' D L' F D' R2 B R';2026-03-05 23:01:21;9.3
11265;11.34;;U2 D F' B2 R2 D' R2 U R' U2 L2 B2 U F2 U R2 F2 L2 D2;2026-03-05 23:01:38;11.34
11266;7.66;;R F2 D2 F2 D F2 U' F2 L2 D2 F2 R2 U2 L' B D' R2 U' R2 U2 R2;2026-03-05 23:02:12;7.66
11267;9.76;;F R D' F2 D B2 R2 B2 L2 D2 R2 D R' D' R D2 L B U2 F;2026-03-05 23:02:28;9.76
11268;8.79;;U F R L2 F2 D2 B' D2 L2 B' L2 F U2 F2 R B' D L2 U' F L;2026-03-05 23:02:47;8.79
11269;12.49;;B R' D F2 D2 F2 D B2 R2 F2 U2 R D B2 L' U' B' L2;2026-03-05 23:03:07;12.49
11270;8.92;;R B2 D L2 U B2 F2 D' U' R2 F2 U' F2 B' U' F' D2 L D' L2 U';2026-03-05 23:03:30;8.92
11271;10.18;;D2 F2 L B R D' L B2 R2 F R2 F L2 F D2 F' D2 B' L';2026-03-05 23:03:57;10.18
11272;11.89;;F2 R' B2 U2 B2 R B2 R' D2 L U2 L2 B' D R2 B2 U' R U2 B L';2026-03-05 23:04:15;11.89
11273;14.82;;B' U2 B R2 B' R2 D2 R2 U2 B U2 R' B' U2 L2 F D L F U2;2026-03-05 23:04:38;14.82
11274;10.77;;D2 L' U2 L2 B' D2 F2 D2 F U2 B D2 U2 R' U R' B2 U2 R D;2026-03-05 23:05:17;10.77
11275;8.77;;B2 D B2 D2 F2 U F2 R2 F2 R2 D B2 F' U' L B2 D2 U' F' L2 U;2026-03-05 23:08:37;8.77
11276;9.02;;F' L B2 U2 B2 D2 L U2 F2 R B2 R2 D2 U F' U2 B' D F' D2 L;2026-03-05 23:09:03;9.02
11277;9.52;;R2 B R2 F' B2 R' D' B' L' D2 B' D2 F2 D2 F D2 B' L2 D2 B;2026-03-05 23:09:23;9.52
11278;9.71;;B2 R2 U F2 L2 U2 R2 U R2 U2 R2 U' R' U2 F' L2 D2 L' D U2 F';2026-03-05 23:09:40;9.71
11279;8.05;;B L2 U' B2 L2 D2 F2 L2 D R2 U' L2 B' R D' L2 U B F2 U;2026-03-05 23:10:13;8.05
11280;9.89;;B2 D' R2 D2 F2 L2 D2 F2 L2 D B L R2 U2 F' D U' B D2 R';2026-03-05 23:10:31;9.89
11281;8.28;;R2 D F2 L' F R2 F2 R' L2 D' L2 B2 U' F2 L2 D' B2 R2 B2 F';2026-03-05 23:10:50;8.28
11282;11.33;;U2 B D2 B2 D R2 U' R2 D L2 R2 F2 L' U B2 F2 D F' L B';2026-03-05 23:11:18;11.33
11283;10.93;;B2 F2 U B2 D' L2 R2 D2 L2 U2 B' U F' R B D' R B2 F2 L;2026-03-05 23:11:38;10.93
11284;11.31;;D' B U2 F2 U2 L' U2 B2 L R' F2 U2 B' D' L' F R D2 L;2026-03-05 23:12:19;11.31
11285;8.23;;D' R2 D B2 F2 D B2 L2 R2 B' R' B' D F R' U2 F' D' L2;2026-03-05 23:12:38;8.23
11286;9.59;;R F2 R F2 L' D2 F2 R D2 R2 F2 D2 B L' R U' R D2 U2 B2 F2;2026-03-05 23:12:58;9.59
11287;8.95;;F2 U2 R2 B2 D F2 R2 F2 L2 U B D2 R' B' L2 R D' R F2;2026-03-05 23:13:39;8.95
11288;10.83;;U B2 D R2 F2 L' F U' F2 U L2 D2 F2 D' R2 D2 L2 B2 U' R' F2;2026-03-05 23:14:05;10.83
11289;10.48;;B2 L2 B2 U F2 U F2 L2 R' B L' F R' D2 L2 D L F;2026-03-05 23:14:30;10.48
11290;10.15;;F D' L2 U2 D' B U B R' L2 D R2 F2 D2 F2 U' L2 D' L2 U2 B2;2026-03-05 23:14:51;10.15
11291;10.60;;R2 F' L2 R2 F D2 B' F' R2 D2 L2 D' R' B' F L F' L2 B2 D2;2026-03-05 23:15:09;10.6
11292;9.67;;L U2 B D L2 D2 R2 F2 L2 U R2 D' R' B2 U2 B R' F2 U';2026-03-05 23:15:29;9.67
11293;11.56;;R2 D' L' F D' F R' B2 U B2 D R2 B2 U2 F2 U D B U;2026-03-05 23:15:46;11.56
11294;9.16;;F U2 L2 B' F' U2 R2 B' D2 U2 B U2 L' B F D' F R U L2 U2;2026-03-05 23:17:07;9.16
11295;10.39;;D B2 D2 U2 F U2 B' D2 U2 R2 B U F' U' B R F L B';2026-03-05 23:17:23;10.39
11296;8.32;;D2 L B' D B' U' R F' R' U2 F2 L2 U2 R2 B' D2 F' D2 F2 D2 B;2026-03-05 23:17:55;8.32
11297;9.45;;U' F2 D2 L' B2 R F2 R' D2 R D2 R2 U' F L F2 U2 B2 L2 U;2026-03-05 23:18:14;9.45
11298;10.70;;D2 R2 F R B' U D' R' L2 F2 L' D2 L' B2 U2 R2 U2 F L;2026-03-05 23:18:39;10.7
11299;9.09;;R B2 D R2 D B2 L2 F2 R2 D2 U' B2 R2 L' U B' F L2 U2 R';2026-03-05 23:18:57;9.09
11300;9.63;;L B2 R' L2 F' R' B' R2 B2 D F2 D L2 D L2 F2 L2 U' L U B2;2026-03-05 23:19:19;9.63
11301;9.41;;B2 L2 U L2 D' U2 R2 U' F2 U' F' R' D' U R2 U2 B D L U2;2026-03-05 23:19:36;9.41
11302;9.85;;D' L B2 L2 B2 F2 L F2 D2 R' D2 R2 B' D' F' R' D2 L' U' B';2026-03-05 23:20:02;9.85
11303;12.14;;D F' R' U2 F' B2 U R L' B2 U2 B2 U R2 B2 D' R2 B2 L2 U F';2026-03-05 23:20:19;12.14
11304;12.31;;B2 D2 L2 D2 R2 F2 R2 D F2 U' R2 L' B U2 F D2 U' F U L U2;2026-03-05 23:20:40;12.31
11305;9.83;;R2 F B' R' U' D L' U' B' R2 F2 U R2 U' L2 U2 B2 D R2 D L2;2026-03-05 23:21:13;9.83
11306;9.41;;U2 F2 D' F2 D L2 U B2 D2 F2 L2 U2 B' L F2 L2 D L' U' B' R';2026-03-05 23:21:47;9.41
11307;8.85;;D B' U D2 R2 F' R' U2 F U2 F2 U2 L2 D2 R2 B2 U2 B' U' R;2026-03-05 23:22:09;8.85
11308;9.60;;D' F2 L F2 L F2 R' D2 F2 D2 L' B' D U2 F2 L B D U2;2026-03-05 23:23:02;9.6
11309;9.91;;U L2 D F2 D' R2 U2 F2 L2 F2 L' U' B L' D F D L2 U;2026-03-05 23:23:26;9.91
11310;8.74;;L' F D B' R2 L B' D2 F R U2 L' F2 L D2 B2 L' D2 R2 D2 L';2026-03-05 23:23:49;8.74
11311;11.42;;D' R D2 R' F' R2 D2 R F' D R2 F2 L2 F2 U F2 B2 L2 U2 B2;2026-03-05 23:24:08;11.42
11312;8.24;;F2 R' U2 F2 D2 R' F2 L' F2 R B2 L2 U' L' R' D' B F L' D L2;2026-03-05 23:24:29;8.24
11313;11.07;;B' D2 L U2 F' R' D L2 U2 F2 B' D2 F' D2 L2 F D2 F2 L' B';2026-03-05 23:24:56;11.07
11314;8.73;;D2 R2 B D F2 D' R' F U B' D2 B2 L2 D2 L2 F' R2 D2 B2;2026-03-05 23:25:15;8.73
11315;9.39;;F L R2 F2 U' L2 D F2 L2 D2 R2 U L2 U F' L' D' R B2 R D;2026-03-05 23:25:33;9.39
11316;10.69;;R2 U2 F L2 F L2 U2 L2 B' D2 F' R2 D B L' B' F L' F' U R;2026-03-05 23:30:53;10.69
11317;8.43;;B' U2 L2 R F2 U2 L F2 R' F2 U2 R' D L' D2 F2 R U' B';2026-03-05 23:31:12;8.43
11318;9.80;;F2 D F2 U' R2 U' F2 L2 R2 U' B2 D2 R B' L2 R' D2 B' D' L B2;2026-03-05 23:31:28;9.8
11319;7.79;;U' B U R' D' B' U2 R' D2 F D2 F U2 L2 B L2 F2 B R2;2026-03-05 23:31:48;7.79
11320;10.30;;U' L2 B' D F' L2 U' R D2 L2 F U2 F D2 B' L2 F U2 D2 B;2026-03-05 23:32:04;10.3
11321;9.11;;D' L2 B2 R2 D' F2 L2 U' B2 U' F2 R' B' D' L' B' F L' D2 F2 D';2026-03-05 23:35:58;9.11
11322;8.44;;B' D2 B2 R2 F D2 B2 R2 B' L2 F R D' R' B' U L F2 L F2;2026-03-05 23:36:49;8.44
11323;9.17;;L2 F B2 R D2 L2 F2 D2 B2 L B2 U2 R' F' R D' L2 F2 L F;2026-03-05 23:38:23;9.17
11324;10.92;;F2 D2 R2 D2 U2 B' R2 F L2 D2 B D2 U B2 F' L' R' U' F2 L2 F;2026-03-05 23:38:41;10.92
11325;7.46;;B' D' B R' F D' B R F' D2 L2 B' L2 F2 U2 L2 B L2 F D2 U';2026-03-05 23:39:55;7.46
11326;8.87;;F' B2 D2 F2 R2 U' F2 D' L2 R2 U2 B' D2 R' D2 L' R U B';2026-03-06 00:48:02;8.87
11327;9.21;;L B2 D2 R2 D2 F L2 F' D2 B2 L2 F' R2 U L B' D R' B' L' F';2026-03-06 00:48:19;9.21
11328;8.98;;D F' U' R' L B2 L' B' L' D2 L2 B2 D2 L' U2 L B2 L' U2 L' F';2026-03-06 00:48:37;8.98
11329;13.36;;F2 U2 F' L2 F D2 F2 D2 U2 R2 D2 R' F' D R' B' L2 F' L R;2026-03-06 00:48:54;13.36
11330;9.55;;F2 L' D' L2 R2 B2 U' R2 D R2 B2 U2 L F D L' B' R' F D';2026-03-06 00:49:16;9.55
11331;8.11;;R' F L2 D' B2 L2 U B2 U' R2 D B2 U2 F' U' L' R2 D L R U2;2026-03-06 17:24:52;8.11
11332;8.72;;R2 U2 D' R2 B U F' R L2 F2 R2 B2 R' D2 R' D B;2026-03-06 17:25:10;8.72
11333;10.86;;F' D2 F2 B D' L F R' U D2 F2 D R2 B2 U B2 U F2 R2 B2 L;2026-03-06 17:25:29;10.86
11334;12.17;;B' U R2 U' F' U L' D' R' B' R2 F' L2 U2 F' U2 D2 L2 F L2 F;2026-03-06 17:25:54;12.17
11335;10.44;;L' U' D B' L U D R' L2 F2 U2 D B2 D B2 R2 B2 U2 F2 B' R';2026-03-06 17:26:17;10.44
11336;10.86;;D2 B2 L2 F' L2 D2 L2 R2 B2 F L2 D L' B U2 B2 R D B2 L';2026-03-06 17:26:47;10.86
11337;9.48;;U D B' U' F' U D' R' U2 L D2 R' U2 R' D2 F2 L2 D2 B2 F';2026-03-06 17:27:08;9.48
11338;7.39;;U2 D B L B2 U' R B2 L2 B L2 B' D2 F' U2 L2 F' U2 L2 D B';2026-03-06 17:27:38;7.39
11339;8.32;;B2 D' R U2 R2 D U2 B2 D F2 R2 D' B2 L U' B' U' L B2 U;2026-03-06 17:27:57;8.32
11340;10.90+;;U' R2 F2 U L2 R2 U2 R2 D L2 U F D' R2 B D' U2 F2 L' F;2026-03-06 17:28:18;8.9
11341;8.44;;U' R2 U F2 R2 U B2 F2 L2 R2 D' L2 B F' R' B2 D B D2 L2 B;2026-03-06 17:28:39;8.44
11342;7.90;;F' R2 B R2 F L2 D2 F2 U2 B2 R2 D' L B' D2 F U L B R2 F;2026-03-06 17:29:01;7.9
11343;8.90;;F' R U2 L2 F R2 F' R2 B' R2 B2 L2 B U R' D2 B' U R B2;2026-03-06 17:29:21;8.9
11344;9.48;;L2 F' R2 D' F2 D F2 L2 D U2 R2 B2 R2 F R U B L R' F2;2026-03-06 17:29:43;9.48
11345;8.28;;D' R2 U R U' B D2 R' F2 U2 D2 B' U2 L2 D2 L2 F2 U2 B L;2026-03-06 17:30:02;8.28
11346;9.46;;L' U2 L2 B' R2 B' D2 U2 B' L2 F2 L2 U' F U F' D B R B;2026-03-06 17:30:29;9.46
11347;9.84;;D2 L' U2 L2 D2 B2 L2 R2 U2 B F2 U2 D' B2 U L' R' F U;2026-03-06 17:30:50;9.84
11348;8.99;;D2 R F' L B U2 D' F2 R2 F' U2 F' D2 R2 U2 L2 F R2 F' L';2026-03-06 17:31:11;8.99
11349;9.97;;L2 U L' U' R' U2 D' F' R2 U2 B U2 B L2 F D2 F' R2 U;2026-03-06 17:31:49;9.97
11350;10.37;;F L F R2 U2 B' D2 R2 F' L2 F2 R2 B' U' L' B' R' U2 B' U2;2026-03-06 17:32:11;10.37
11351;10.26;;D' R B2 R' D2 R F2 D2 R2 D2 R' D2 R' F' U' B' L' D' B' F' R';2026-03-06 17:34:33;10.26
11352;8.27;;L F2 U2 L U2 L' U2 L F2 U2 R2 F2 U' B2 F' R' D R2 D B' F2;2026-03-06 17:34:57;8.27
11353;8.93;;B' U F' B2 U R2 F2 D F2 D F2 U' R2 U L' U' R U2 F' R' D2;2026-03-06 17:35:17;8.93
11354;10.25;;F2 D' R2 U2 L B2 F2 L2 D2 F2 L' B2 R B R F' L2 D2 U' R2 F;2026-03-06 17:35:39;10.25
11355;10.90;;L2 D2 F2 L2 U' L2 U R2 D F2 L2 B2 L B2 F' L B2 R U' L2 F2;2026-03-06 17:36:02;10.9
11356;9.04;;F L' U D B2 D F L2 U' L2 F2 L U2 L B2 U2 L' F2 U2 R' D2;2026-03-06 17:36:23;9.04
11357;9.73;;D F2 D B2 D' B2 L2 R2 D F2 R2 D R' U F D U' R2 B D2 L;2026-03-06 17:36:43;9.73
11358;9.95;;D R U F2 D2 R2 B' U2 L2 B' U2 B' D2 L B' L' U R' D B';2026-03-06 17:37:06;9.95
11359;8.98;;F' D2 L2 F D2 L2 B L2 F' D2 L B' D2 U' B U2 B' D;2026-03-06 17:37:35;8.98
11360;10.13;;D L' B' F2 L2 D F2 D' B2 D2 R2 D' L2 U F R2 U2 R D' L U2;2026-03-06 17:37:55;10.13
11361;12.45;;D' R2 B F2 L' D2 R2 D2 B2 U2 B2 R F2 L B L2 D2 U' R' D2 L;2026-03-06 17:38:18;12.45
11362;8.43;;U L B D2 B' L2 F2 D2 B' L2 U2 D B' D2 R D' B' D' R;2026-03-06 17:38:46;8.43
11363;9.75;;R2 B' D F2 D' B2 F2 U' R2 F2 D2 B2 U F U2 B' L2 U R' B' R';2026-03-06 17:39:07;9.75
11364;10.35;;B' D F' L U R2 L U2 B' L2 U F2 R2 U' B2 U2 L2 D' L2 D2;2026-03-06 17:39:28;10.35
11365;9.62;;U' L2 U B2 R2 D2 L2 D2 U' L2 U R2 B' F' R2 U' F' U2 R F2 U';2026-03-06 17:40:32;9.62
11366;7.35;;B' L2 F2 L2 U2 F L2 F L2 B' R2 L' F2 U B' D' B' R2 F2 R' U;2026-03-06 17:40:54;7.35
11367;8.81;;U L' F' U2 L2 R2 F2 D' L2 D' B2 D' F2 U' L F2 D' R' B' L2 U';2026-03-06 17:41:22;8.81
11368;9.82;;L F U' B2 U B L2 D F2 R' D2 L' U2 R F2 R' F2 D2 L B2 U;2026-03-06 17:41:45;9.82
11369;9.89;;R2 F2 R B2 U2 R2 U2 R F2 R D L2 U F U L U R' D2 U;2026-03-06 17:42:05;9.89
11370;8.96;;L F D R2 F2 B2 D F U2 B2 R2 U2 F' D2 B U2 B2 U2 R U';2026-03-06 17:42:26;8.96
11371;13.30;;R' B2 L B2 D' L' F' B L F R2 F L2 U2 L2 D2 B2 D2 B2;2026-03-06 17:42:47;13.3
11372;9.20;;U2 B R2 B' R2 D2 L2 R2 F L2 D2 B U L B' L2 B' D F' U' L;2026-03-06 17:43:16;9.2
11373;11.56;;R2 D2 R' F2 U2 L D2 L B2 D2 R2 D2 U' F R B2 F D' F' L B';2026-03-06 17:43:38;11.56
11374;9.55;;R B R B2 U2 L D2 B2 R2 D2 L' B2 L' D R B' F L2 F' U2;2026-03-06 17:44:14;9.55
11375;10.15;;D2 R B' R' F D' L2 F R' B2 R2 D L2 F2 B2 U' B2 L2 D;2026-03-06 17:44:37;10.15
11376;8.99;;D2 R B2 F2 U2 R U2 L U2 R' D F' L2 D2 B U' R F2 L;2026-03-06 17:45:02;8.99
11377;14.24;;F2 B' R' D2 F D' L' D' B' F2 R B2 L B2 U2 F2 R' D2 R' B2;2026-03-06 17:45:25;14.24
11378;10.66;;L' F D2 L2 F2 L2 U2 F2 U R2 F2 L2 R2 B' D L B' D R2 B2 F;2026-03-06 17:45:53;10.66
11379;10.54;;B F2 R U2 B2 R U2 B2 L U2 R' D L2 B U' F D L2;2026-03-06 17:46:14;10.54
11380;10.59;;F2 U2 R B2 L F2 R2 D2 B2 L F2 R' U R2 F2 D' L' D F' R2 U;2026-03-06 17:46:36;10.59
11381;9.69;;F' U2 R2 B D2 F' R2 B2 D2 F' D2 R B2 U F D' B L B2 F2 U';2026-03-06 17:47:01;9.69
11382;9.49;;L2 B' U' L2 U' B2 U2 F2 R2 D B2 L2 D' R2 B R B' L B' L2 F;2026-03-06 17:47:21;9.49
11383;8.88;;F L2 D2 L2 D F2 U' R2 F2 D' R' D F' D' L' B2 R2 B' D';2026-03-06 17:47:45;8.88
11384;13.35;;F R' B' L2 D' R2 D' L2 D R2 D' U2 R2 F2 L' B2 F' L2 D U' B;2026-03-06 17:48:04;13.35
11385;8.76;;B2 L' F2 U2 R' U2 L D2 L' D2 U2 R D B' R' U2 B' D' R;2026-03-06 17:48:33;8.76
11386;6.97;;R2 F2 U2 L2 U' F2 D2 R2 U2 R2 U L B R' B2 D2 U' L' R' D R;2026-03-07 14:36:49;6.97
11387;14.87;;B' U2 B D2 F' R2 D2 L2 D2 B' L2 U2 D' B' U L' F R U L2 D;2026-03-07 14:37:05;14.87
11388;10.68;;L' B2 L2 B2 U B2 U B2 F2 R2 U' F2 D B' D R B L2 D2 F2 D;2026-03-07 14:37:31;10.68
11389;12.11;;F' U2 B' D2 L2 B' D2 B' U2 L2 F2 R' F D R U B2 R B;2026-03-07 14:37:57;12.11
11390;8.59;;B2 D2 B D2 R2 D2 B2 U2 B' L2 F2 D F' L D' U' R' B L2 D;2026-03-07 14:39:11;8.59
11391;7.24;;B' R' F2 U L2 B R' D L2 U2 F2 L' F2 B2 D2 L D2 L F2 L B;2026-03-07 14:39:34;7.24
11392;8.35;;U' F2 D2 B R2 F2 L2 F L2 D2 U2 F L2 R B2 R U L' D2 U2;2026-03-07 14:39:53;8.35
11393;9.50;;R' B U2 F2 R L U' F L' U' F2 R2 U' R2 D' B2 U L2 B2 U;2026-03-07 14:40:20;9.5
11394;11.99;;R B' U2 F R B R2 L U' B' D2 B' R2 F' L2 B' L2 U2 B' R2 F;2026-03-07 14:40:40;11.99
11395;8.14;;R2 U2 F R2 F2 D2 R2 D2 R2 F U2 F2 D R D L' R2 F R' B2 D';2026-03-07 14:46:32;8.14
11396;11.07;;U2 B' R' D2 L U2 L F2 D2 L2 D2 L U' R' F' D' L' R' U';2026-03-07 14:46:53;11.07
11397;9.34;;L U' R' U L' F2 U F B2 L' B2 D2 B2 L2 D2 R;2026-03-07 14:47:23;9.34
11398;9.09;;U B' D2 F' U2 B2 L2 D2 F2 R2 F2 L2 D' L' R2 U' B2 F L D;2026-03-07 14:47:48;9.09
11399;9.23;;B2 L D2 F2 L D2 F2 U2 L F2 L D F D2 B U B' L' U2 R2;2026-03-07 14:48:14;9.23
11400;8.69;;U L' D L' B' L' D' L F' U2 L B2 R D2 R2 B2 U2 F2 R2;2026-03-07 14:52:37;8.69
11401;9.77;;B R2 D' B2 R2 U2 B2 D' B2 D B2 D2 L B2 F R' U' L' B U2;2026-03-07 14:52:58;9.77
11402;10.52;;D2 R2 D' R2 F2 D' U2 B2 L2 D2 R2 F' U2 L' U' B2 L' R F U' L2;2026-03-07 14:53:19;10.52
11403;9.39;;R2 F2 R2 B D2 B2 L2 R2 F' L2 B' L D U2 L' F' L B2 R B;2026-03-07 14:54:39;9.39
11404;10.38;;L2 B2 D2 R2 D B2 L2 R2 U' L2 U2 L' U B2 R2 U2 B' R' F2 L2 D;2026-03-07 14:55:00;10.38
11405;10.36;;F2 D L' D F' L F2 D' B R2 U2 F2 D2 R D2 R2 D2 B2 D2 R2;2026-03-07 14:55:21;10.36
11406;11.64;;F' U2 B D2 B' D2 B2 R2 F U2 F' R2 D' U2 B2 U' F' U' L B U';2026-03-07 14:57:09;11.64
11407;8.91;;L2 R2 D' L2 F2 U2 L2 B2 U' L2 U' R2 L' F2 L F' R2 B' F2 R2 U;2026-03-07 14:57:32;8.91
11408;10.42;;F R' F2 U2 B2 D F2 R2 B2 R2 D' R2 B2 D L' F' U2 L U B' U2;2026-03-07 14:57:53;10.42
11409;9.70;;D L U2 L2 B' D2 F2 R2 B' L2 R2 F' D2 U2 L' D' U2 R' D2 B2 U';2026-03-07 14:58:15;9.7
11410;9.06;;D2 F2 R2 F2 U R2 D' L2 R2 F2 D2 R' U L2 B' D' F L2 D F2 U;2026-03-07 14:58:37;9.06
11411;9.73;;D2 R B2 R B' R D B' R2 D' R2 D2 R2 U2 B2 D' F2 U' R2 F2;2026-03-07 14:59:08;9.73
11412;8.02;;D F2 D2 U2 R2 F2 R D2 B2 F2 R2 U' F' U2 B' D F' R' U';2026-03-07 14:59:56;8.02
11413;10.97;;F' R2 F D2 R2 F U2 L2 B L2 F U2 D' B D' L F' D2 L2 D2 F2;2026-03-07 15:00:17;10.97
11414;11.86;;F D B' U F R2 D2 B' U' L B2 R F2 L2 U2 R U2 L F2 L2 B2;2026-03-07 15:00:40;11.86
11415;7.92;;D L2 R2 B U2 R2 D2 R2 B U2 F2 U2 R' D F D R' B U';2026-03-07 15:01:53;7.92
11416;10.42;;U B2 L2 R2 D' F2 D B2 L2 R2 U L' D B F' U B2 F2 U L2;2026-03-07 15:02:12;10.42
11417;9.79;;F L F' D2 L' F2 D B' F2 U F2 U' D F2 U R2 F;2026-03-07 15:02:45;9.79
11418;9.44;;F L F D' L2 R2 U2 L2 D' R2 F2 R2 U' L' F D' R B2 D2 U';2026-03-07 15:03:19;9.44
11419;9.84;;B' L2 D2 B D2 F' U2 F' U2 F' D2 L' B R' F' U' L' F2 D U2 R2;2026-03-07 15:03:43;9.84
11420;11.78;;D2 U2 B' L2 B' R2 B R2 F L2 B2 D' L D2 U' R2 B' D' F' U2;2026-03-07 15:04:52;11.78
11421;9.50;;F' R D2 L2 F2 U R2 F2 L2 R2 D L U2 F' U' R F2 U' F;2026-03-07 15:05:13;9.5
11422;7.95;;R2 L D' L2 D2 L' D R F' U2 L2 D B2 D2 R2 D' R2 U;2026-03-07 15:05:38;7.95
11423;9.32;;F' L' D2 R2 B2 D2 B' F2 D2 R2 F L2 U2 D R' U2 B F L D' F';2026-03-07 15:05:56;9.32
11424;9.05;;B2 D' F D2 F' U2 B' U2 B2 R2 F' L R' F R' D' R' F2;2026-03-07 15:06:15;9.05
11425;10.00;;U2 L R U2 R U2 B2 L2 F2 R' F U' F D' B L D' L2 U' F2;2026-03-07 15:06:33;10.0
11426;10.40;;D B2 F2 D2 L2 D' R2 F2 U F D2 L D R' U' B D F' D2;2026-03-07 15:06:53;10.4
11427;10.47;;F2 U R B' D L F' B U' D2 B2 L F2 L' U2 R' D2 L2 D2 L';2026-03-07 15:07:14;10.47
11428;9.19;;U' F D' F U B' R L F U' R2 D2 F' R2 B' D2 B U2 L2 D2 L2;2026-03-07 15:07:45;9.19
11429;9.31;;F U' D2 L B2 L' D2 R2 F2 U2 B2 L D2 L2 U' B2 R B D2 U2 F';2026-03-07 15:08:06;9.31
11430;9.37;;B' L2 F2 R2 U' B2 D' F2 R2 D' U2 L' F U F2 U R B' D' L;2026-03-07 15:08:26;9.37
11431;9.16;;B' U' L D' F' R B D2 R B2 D2 R' B2 D2 L' B2 R' D2 R2 D' B2;2026-03-07 18:28:52;9.16
11432;7.37;;L' D2 R2 U2 B2 L D2 R F2 D2 R F2 D B' L2 F U' F' R2 B D';2026-03-07 18:29:13;7.37
11433;8.62;;R F2 D2 R' U2 B2 D2 U2 R D2 R D F2 R F' D U B' R U' L;2026-03-07 18:29:31;8.62
11434;8.53;;L2 U' R L' F2 U B' U2 D2 R' F2 L U2 B2 R U2 R L D' R';2026-03-07 18:29:49;8.53
11435;7.85;;D B D2 L2 F U2 L2 R2 B F2 L2 U2 F2 R F D' B' R2 B2 L R;2026-03-08 13:01:55;7.85
11436;9.96;;R' D' R' U' B' U2 R' D2 L' U2 B2 R2 L U2 L' B2 R' B' D';2026-03-08 13:02:12;9.96
11437;9.91;;D2 F2 D F2 U F2 L2 R2 D' L2 D L U L2 U' F L U' B' D' U2;2026-03-08 13:02:35;9.91
11438;10.36;;F' R' F2 D' L U B' R' D' U2 R2 B R2 B U2 B' D2 L2 B' L2 F2;2026-03-08 13:02:57;10.36
11439;10.06;;R' B' U2 B2 L2 D2 F2 R U2 R' B2 F2 R2 D2 F U' B F L B R;2026-03-08 13:03:17;10.06
11440;9.76;;F2 L2 U2 B L2 R2 D2 F' R2 B' U2 D' F' L D U' L' D' R U2;2026-03-08 13:03:37;9.76
11441;9.60;;U2 R F2 D2 L2 U2 L B2 R2 U2 D B F' D L U' L2 R' D;2026-03-08 13:04:00;9.6
11442;8.06;;R2 D' R D' B2 R' B U' D2 L F2 L2 B2 U' L2 U L2 D F2 D' R2;2026-03-08 13:04:20;8.06
11443;12.87;;R' D' L2 R U2 L' D2 B2 D2 F2 U2 L2 D F L U L F' D';2026-03-08 13:04:40;12.87
11444;9.72;;R' U2 F2 R B2 R' F2 D2 R B2 F2 L2 B R' B L2 U' F' D L R2;2026-03-08 13:05:06;9.72
11445;11.04;;R2 U L2 F2 D' R2 B2 U' F2 D B2 U B F D' R D' L R' F L;2026-03-08 13:05:24;11.04
11446;9.40;;B2 U2 B2 D2 U B2 R2 D R2 U' F2 L2 F D2 U' B' L' B F2 D;2026-03-08 13:06:33;9.4
11447;8.85;;R2 U' F L F D B' U' L U' R2 U2 D2 B2 R2 F2 R2 D2 R2;2026-03-08 13:06:52;8.85
11448;10.54+;;D F2 R' F B' L2 D F' U2 L' B2 D2 L2 D2 L' U2 B2 R' U2 D';2026-03-08 13:07:12;8.54
11449;8.74;;F L2 R2 U' R2 U2 L2 U' B2 R2 B2 F' L2 D B F R' U' R;2026-03-08 13:07:34;8.74
11450;11.53;;F' U2 L' D' R D B U L' D L2 B' D2 F' R2 B U2 R2 B' D2 B2;2026-03-08 13:07:55;11.53
11451;9.20;;L2 B2 D2 U2 R' F2 U2 F2 D2 F2 L' B R' D R' D' B2 D2 U R2;2026-03-10 14:22:09;9.2
11452;8.63;;R2 U R2 U' F2 R2 F2 R2 F2 D2 B' L D R2 F2 D2 R' B' F2 U';2026-03-10 14:22:30;8.63
11453;12.72;;R2 U' D2 F' L' B L2 B L2 D2 L' D2 R U2 D2 L F2 B2;2026-03-10 14:22:48;12.72
11454;11.44;;B2 R2 F2 L D2 L2 U2 B2 L B2 D2 R B U R' F' L2 F2 L' U B;2026-03-10 14:24:15;11.44
11455;8.67;;R' U' L' D2 R2 D L2 D B2 R2 B2 L2 F2 R D B' F' U2 L' U;2026-03-10 14:24:38;8.67
11456;11.40;;D' R U2 L2 U2 F L2 R2 B2 L2 F' D2 B L F' U B2 D' L' U2;2026-03-10 18:44:06;11.4
11457;8.68;;D R2 U F2 D' F2 D' L2 D2 F2 R' D F' D' F2 U2 L' F2 L';2026-03-10 18:44:26;8.68
11458;10.01;;D2 R B D L' F2 U' B' D L' F' B2 U2 F U2 R2 F' D2 L2;2026-03-10 18:44:46;10.01
11459;8.59;;L2 F L D' F U R F' B2 D2 R2 L2 F2 U F2 D' F2 R2 D2 R2 F';2026-03-10 18:45:11;8.59
11460;8.68;;R B2 U B R2 B U' L B U2 B2 R2 D L2 U R2 L2 F2 B2;2026-03-10 18:45:32;8.68
11461;8.36;;L2 D2 F2 D' B2 F2 L2 U' R2 B2 D R2 B U L' F2 U L D R2 U';2026-03-10 18:45:49;8.36
11462;8.54;;D' F2 U L2 F2 D B2 L2 B2 R2 U' F' L' B D' F2 L2 F' L' U2;2026-03-10 18:46:08;8.54
11463;11.69;;R2 U L2 B2 R U2 F2 R' U2 R D2 R2 U2 F' D' F2 R2 B' L R';2026-03-10 18:46:27;11.69
11464;10.86;;R B2 U' F2 L2 U' R2 U F2 U L2 U F D2 R' B2 U' L' D' F' R;2026-03-10 18:46:58;10.86
11465;8.51;;R2 F2 R U2 F2 L U2 L D2 R' U2 R U' F2 U F L2 R U' F R;2026-03-10 18:47:17;8.51
11466;8.49;;B' U D2 F2 U2 R2 B2 F D2 B' U2 R2 B' D L2 F R' F2 L D F;2026-03-10 18:47:35;8.49
11467;9.48;;F2 L' F2 L2 U2 F2 L B2 L U2 F2 R B' U' R F R' U L2 U B';2026-03-10 18:47:53;9.48
11468;9.08;;U2 F L2 F L2 U' R D' F' D' F2 D' F2 U F2 R2 D B2 D' R2 L2;2026-03-10 18:48:13;9.08
11469;8.90;;B2 U' F2 R2 D2 F2 U' L2 U' F2 L2 D R' F U' L' D2 B F L2;2026-03-10 18:48:33;8.9
11470;7.83;;F' D' R2 U' F2 U2 B2 D' F2 R2 F2 U' R F U' L D' L U';2026-03-10 18:48:55;7.83
11471;8.57;;U2 F' U' F2 L2 D' F2 D U2 R2 B2 D' F D U2 R2 D2 L U2;2026-03-10 18:49:11;8.57
11472;8.70;;L2 F2 D2 U' B2 D' B2 F2 L2 R2 U L' B L2 U2 R' F R2 F D2;2026-03-10 18:49:29;8.7
11473;10.51;;D2 B2 R B2 D R L' D B' U2 D2 F R2 L2 F2 D2 B U2 R2 U';2026-03-10 18:49:50;10.51
11474;8.73;;D' R B2 D' R2 U F2 D B2 U2 L2 F2 U' L' B' F' L R' D' L B;2026-03-10 18:50:49;8.73
11475;7.89;;R' D R F2 D F2 L2 D' R2 U' F2 D2 L2 F2 L' B U' B' D' F;2026-03-10 18:51:05;7.89
11476;9.99;;L2 R2 B' U2 F' L2 F U2 B2 U2 F L2 R' B2 U F2 U2 R2 D' R;2026-03-10 18:51:25;9.99
11477;9.12;;R' U R2 U' L2 F2 L2 B2 D' L2 D2 U R' D L F' R U B' F' R;2026-03-10 18:51:45;9.12
11478;8.33;;R B2 R D' B D2 B2 R' B' R' B2 U2 L F2 R2 U2 D2 L D2;2026-03-10 18:52:03;8.33
11479;8.58;;B R' U2 R2 F2 U2 F2 L B2 L2 U2 B L D2 U2 B2 R D' R';2026-03-10 18:52:19;8.58
11480;9.85;;R' L2 B' L2 U' B D F' L2 D2 B2 R D2 F2 U2 L2 F2 R B';2026-03-10 18:52:37;9.85
11481;9.85;;U L' F L2 R2 B' R2 F' U2 L2 F' L2 R' D' B2 R' B D2 F2;2026-03-10 18:52:56;9.85
11482;9.36;;U F2 D L2 D B2 L2 U B2 L2 D B U' B' R2 B' L' R2 U2 B2;2026-03-10 18:53:15;9.36
11483;8.80;;D2 B L2 D2 B' L2 U2 B2 U2 B F2 U L R F D B' L' F L2 U;2026-03-10 18:53:32;8.8
11484;12.42;;F2 R2 B' R2 U2 F R2 F' U2 F2 D2 U L D2 B' F' U2 F' L F D;2026-03-10 18:54:02;12.42
11485;9.24;;F R L' B U R F2 U' R2 B2 D2 R' F2 D2 R' B2 R2 D2 R' U2 D';2026-03-10 18:54:24;9.24
11486;8.98;;B' U2 B' R U L U L R2 U2 R2 F2 U2 B D2 L2 F' D2 R2 U2;2026-03-10 18:56:47;8.98
11487;10.19;;D' R2 D2 L' U2 F2 R2 B2 R D2 R2 B' F R B2 L' D F R';2026-03-10 18:57:07;10.19
11488;9.62;;D L D2 B' L2 U' R' L2 U R2 U2 L2 D' L2 D B2 L2 F L;2026-03-10 18:57:29;9.62
11489;6.59;;F L B2 D2 R2 D' L2 D' F2 D F2 R2 D2 R2 F L' U' R2 U';2026-03-10 18:58:14;6.59
11490;8.51;;B2 D B2 D2 L2 B R2 U2 F R2 F D2 F L2 R D L B2 R' B2 U2;2026-03-10 18:58:31;8.51
11491;9.42;;B R L F L2 F L' U' L U2 B2 U' L2 D L2 U' L2 D B2 D2 B2;2026-03-10 18:59:52;9.42
11492;9.01;;L2 B L2 F R2 U2 R2 D2 B' R2 D2 U' F' D F2 R B' U' B2 L D2;2026-03-10 19:00:26;9.01
11493;9.88;;R D' B2 R2 U' B2 U F2 D L2 R2 B' R B' L' F U2 L U2;2026-03-10 19:00:48;9.88
11494;9.90;;U2 R B' U L2 B2 F2 D' L2 D' R2 B2 U L2 B' R B' U' L U2 B;2026-03-10 19:08:54;9.9
11495;9.81;;F' L2 D2 F2 L2 R' D2 L' R' B' L' D2 U' L F' R2 U;2026-03-10 19:10:20;9.81
11496;9.86;;B2 F2 L B2 U2 B2 D2 R D2 L2 B2 L2 B U2 R F' D' B' D' B;2026-03-10 19:11:10;9.86
11497;9.26;;R' B D' L' F2 L F2 R B2 R' U2 R D F R2 F2 U2 L D;2026-03-10 19:11:51;9.26
11498;9.03;;B R B' U R' U2 F' R2 D R2 B2 R2 U' F2 D' B2 R2 D R2;2026-03-10 19:12:12;9.03
11499;9.04;;F2 D2 B2 F R' B2 U2 R2 F2 U2 R U2 B2 U' R D' B R2 F' R;2026-03-10 19:12:58;9.04
11500;10.78;;R2 D' F2 L' B2 R' D2 L' U2 B2 U2 R2 F2 R U R F' L R' D' F;2026-03-10 19:13:16;10.78
11501;8.63;;B2 L' F2 D2 R' D2 L2 D2 B2 F2 R F' D2 R2 U L R2 U' B2 L;2026-03-10 19:13:36;8.63
11502;8.06;;D' B' D2 B' L2 D2 B2 R2 F' R2 U2 L2 R' B2 R' F D' F2 L' F';2026-03-10 19:13:54;8.06
11503;9.68;;F2 D' F2 L2 F2 R2 U2 F2 D2 F2 U2 L' B F2 U' R D L2 F' R2 U;2026-03-10 19:14:12;9.68
11504;7.97;;F R' U2 R' B' R' U' D' F' R2 F B2 U2 R2 U2 B U2 F U2 R2;2026-03-10 19:14:29;7.97
11505;9.95;;D2 B2 U' F L' D2 R F' U' D' B2 U F2 D' B2 D' F2 L2 U2;2026-03-10 19:14:45;9.95
11506;10.91;;B2 U B2 L2 U2 R' U2 R' U2 F2 L' B2 R2 F2 B' U2 L F' L' D L;2026-03-10 19:15:08;10.91
11507;10.88;;L2 F2 R D2 F2 U2 R' F2 L' F2 R2 D2 F' R' D' U2 R B' D B;2026-03-10 19:15:28;10.88
11508;8.93;;U' F' L2 F2 L2 U F2 R2 D' R2 U R2 U2 B R' B U' L' D2 L2;2026-03-10 19:15:49;8.93
11509;11.38;;D F' R F2 R2 U' L' B F2 R2 F2 R F2 L2 U2 R' U2 D2 R F;2026-03-10 19:16:13;11.38
11510;10.57;;D' R2 F L2 R2 F L2 D2 B' L2 U2 B' F2 L' D' U' F2 L U2 B L2;2026-03-10 19:16:32;10.57
11511;11.59;;D' R2 B2 U' F2 U L2 D B2 U' B L' D B D U R2 U' B2 F';2026-03-10 19:17:13;11.59
11512;8.71;;D2 B' L2 U' R2 F2 L B R' U2 R2 F U2 F2 U2 B L2 D2 F' L2 B;2026-03-10 19:17:34;8.71
11513;9.77;;U2 F' D2 R2 B2 R2 F D2 U2 R2 B R U F2 R2 B2 U2 L' F' R2 U';2026-03-10 19:17:59;9.77
11514;9.96;;U B D' B' L' U B F2 R2 D' B2 U' L2 U R2 F2 U R2 L2 B' R';2026-03-10 19:18:17;9.96
11515;9.58;;F2 U2 F2 D2 L2 D2 F' U2 B F2 U2 L' D' R' U L2 B' D2 B2 U2 R';2026-03-10 19:18:38;9.58
11516;9.75;;D2 F2 D2 B2 L B2 U F' L' F D2 L2 B D2 L2 D2 B2 U2 F';2026-03-10 19:18:57;9.75
11517;9.68;;B' U' F2 U' B2 D2 L2 U' L2 R2 U' B' U R B L2 U L' B D;2026-03-10 19:19:16;9.68
11518;10.58;;B' F2 U F2 D' B2 U L2 B2 F2 U2 R2 F2 B' L F L R2 D2 R B;2026-03-10 19:19:36;10.58
11519;9.86;;U L2 U2 B' F2 L2 D2 B2 D2 B' D2 F' U2 R U' L' B' D2 B L2 U;2026-03-10 19:19:58;9.86
11520;7.90;;L D2 B2 L2 D2 U2 B' U2 F D2 L' D' B L U F' D B' R2;2026-03-10 19:20:17;7.9
11521;9.04;;L2 D2 F' R2 B2 F' D2 F U2 L2 R B' L' F' L' F2 L2 F;2026-03-10 19:20:35;9.04
11522;10.24;;B U R2 B R' U' L F' D L' F2 L F2 B2 U2 B2 U2 L D2;2026-03-10 19:20:53;10.24
11523;10.66;;B' R2 U2 B2 D2 F' D2 R2 B' F R2 U F2 U2 L' D R' B' D F';2026-03-10 19:21:11;10.66
11524;11.21;;D B2 U2 B2 F2 U' B2 D' L F' D2 U2 R' U B' L2 D' U';2026-03-10 19:21:30;11.21
11525;7.92;;F' R2 D2 U' F2 U R2 D2 F2 L2 B2 U' L2 R' B' D B' D' R2 U;2026-03-10 19:21:49;7.92
11526;8.89;;D F2 U' F2 U R2 U L2 B2 F2 U2 L' B2 U' R2 F D' U F D2;2026-03-11 13:07:02;8.89
11527;7.88;;B2 U' L2 F2 D F2 D2 U2 L2 U F' D R D' B L2 F D F L2;2026-03-11 13:07:20;7.88
11528;8.59;;F' U' R' F L2 U D' R L2 B D2 F' R2 D2 B' L2 B' R2 F2 L;2026-03-11 13:07:39;8.59
11529;10.63;;R D2 B2 L2 B2 U2 R2 D2 R B2 L' D R2 F' U B' D' R' U L2;2026-03-11 13:07:57;10.63
11530;9.07;;F2 D L D2 F2 U2 F2 R D2 R' D2 B2 F2 U' L2 D F' L' B' U';2026-03-11 13:08:17;9.07
11531;8.62;;D' B2 U B2 R2 U B2 F2 D L2 D F' D2 F' D' L U' L2 B;2026-03-11 13:08:37;8.62
11532;7.37;;U2 F L2 R2 B R2 F' R2 F2 R2 U2 L' U F D2 F L' B' D' F' R';2026-03-11 13:08:59;7.37
11533;7.64;;D' B F2 R2 D2 L D2 B2 U2 F2 R2 F2 U F2 L' D' B' L2 R;2026-03-11 13:09:16;7.64
11534;7.15;;U2 B' L2 D' B2 L2 B2 L2 U' F2 L2 F2 R2 F' R U2 L2 B D L2 B;2026-03-11 13:09:39;7.15
11535;10.66;;R' D' B L' U2 L F2 D2 R U2 R2 D2 F2 L U' L2 B2 F R' D2 L;2026-03-11 13:09:58;10.66
11536;8.58;;L2 D' B U F' D R2 B R' U F2 U D2 B2 U R2 L2 U R2 D2;2026-03-11 13:10:18;8.58
11537;8.04;;B' L' U B2 L2 R2 D2 B2 U L2 R2 F2 D' B R' U' F' R D2;2026-03-11 13:10:40;8.04
11538;9.32;;B' U2 D F2 L U2 D' F L' B U2 D2 L2 D2 B' D2 B' U2 F' U2;2026-03-11 13:10:56;9.32
11539;8.77;;F D' F R2 B R2 F2 L2 B' U2 L2 F' L B L2 F' R2 D' F2 R;2026-03-11 13:11:14;8.77
11540;8.31;;F' R' U2 B2 L F2 R F2 R' D2 B2 D2 B' L F' L' D' L2 R2 U';2026-03-11 13:11:31;8.31
11541;7.80;;U F2 R2 B2 D2 B2 D F2 D' R2 B U F' U R D B' F L R';2026-03-11 13:11:46;7.8
11542;8.94;;R F2 U2 R' D2 R D2 F2 L D2 L2 B L2 F2 D' F R B R2 B;2026-03-11 13:12:02;8.94
11543;9.58;;F R U F2 U R2 D2 R2 F2 L2 F2 D2 L' B L' B2 D' B2 L';2026-03-11 13:12:20;9.58
11544;9.18;;D' F L' F R2 B2 R2 B' U2 F' U2 R2 U2 F D' U2 L B L2 U F';2026-03-11 13:12:43;9.18
11545;9.88;;U2 F' U F2 U B2 D U R2 F2 U' R2 B2 R' B2 R F D R F L';2026-03-11 13:12:59;9.88
11546;8.73;;B2 R2 D' R2 U' F2 U' B2 D' B2 D2 R D2 F2 L' B' L2 D B' U;2026-03-11 13:13:25;8.73
11547;9.59;;U2 B2 U2 F2 R' B2 U2 R U2 L2 D2 R F L F2 L2 R2 D' B U' R2;2026-03-11 13:13:44;9.59
11548;7.82;;D B' L U R2 F R2 L2 U R2 F2 L2 U2 R D2 R' B2 L' B2 D2;2026-03-11 13:14:03;7.82
11549;9.04;;D F2 D2 F2 U' B2 L2 B2 F2 L' F' L' R2 D' U' L2 F R B';2026-03-11 13:14:19;9.04
11550;9.81;;L F D B U' R' U2 B2 L' U' R2 F2 R2 F2 D B2 R2 D' F2 U2 B2;2026-03-11 13:14:38;9.81
11551;11.85;;R' B2 L' R2 D2 R' F2 U2 F2 R' D' U R' D' L' F' D' F' R2;2026-03-11 13:15:14;11.85
11552;10.41;;D2 F R2 F D2 U2 B2 L2 F' R2 D R2 F2 D2 L' B' D2 B2 R';2026-03-11 13:15:37;10.41
11553;9.63;;R' B2 D F B L B L F D2 R2 U2 B' R2 L2 D2 F' R2 F' D;2026-03-11 13:15:58;9.63
11554;9.94;;F U R2 F' R2 B F2 U2 F L2 F' R2 F' D' B' L F D2 L' F';2026-03-11 13:16:22;9.94
11555;7.57;;D B2 F2 L2 U' B2 U' R2 F2 R2 D F2 B L B F2 R2 B2 F' D' U2;2026-03-11 13:16:42;7.57
11556;8.81;;F2 R2 F2 R2 B D2 R2 F' R2 F R2 F' L' D2 F' D L2 R' B2 D F2;2026-03-13 09:45:07;8.81
11557;9.67;;F' R2 U2 L2 D' B2 D F2 L2 D L2 D' B' R' B L D B2 F L U;2026-03-13 09:45:27;9.67
11558;9.80;;U' B2 U2 F2 U2 R2 B2 R2 B' U2 B U2 D' B' L' D' F L2 F' D2;2026-03-13 09:45:48;9.8
11559;10.01;;L' D L2 U' F2 L2 U F2 U' B2 U2 L2 B' U' L' F D R D2 R2;2026-03-13 09:46:08;10.01
11560;10.62;;D B' D2 F' D2 U2 F R2 U2 B2 F' D2 R D' R2 B R' B2 L' F';2026-03-13 09:46:35;10.62
11561;8.17;;D B' D' F2 L2 R2 D U2 R2 U F2 R2 U' B L D' R B2 F2;2026-03-13 09:50:07;8.17
11562;9.79;;U' B2 L2 U2 L2 D' R2 U F2 U R2 B U F2 L U B F D' U2;2026-03-13 09:50:26;9.79
11563;12.02+;;F2 L2 D B2 L2 U L2 D F2 L2 U' B' U' B' L' B' F' L' U2 R2;2026-03-13 09:50:47;10.02
11564;8.35;;L2 B2 F2 D U2 R2 D L' B2 U' R' B D' L' F' U L';2026-03-13 09:51:08;8.35
11565;9.07;;L2 B D2 L2 B D2 B' D2 R2 B' F' U2 L' U B2 L' U L2 B' D;2026-03-13 09:51:28;9.07
11566;11.28;;U L2 B2 U R' L B' D B2 L D2 B2 R' U2 R' B2 L D;2026-03-13 09:51:48;11.28
11567;10.57;;F2 L B2 L2 U2 B2 R2 F2 D F2 U2 L2 F2 R' U F2 U F' L D';2026-03-13 09:52:15;10.57
11568;11.44;;B U L2 U B2 R2 U' L2 D R2 U F2 U' L F D' L' B2 U2 R' B';2026-03-13 09:52:44;11.44
11569;7.65;;B U D' B U' L D2 L R2 U2 R2 F U2 B' R2 F' B' R2 D2 U;2026-03-13 09:53:24;7.65
11570;11.64+;;L2 F U2 F' D2 R2 F' R2 F L2 B2 D2 L' B' R U2 B2 U L U';2026-03-13 09:53:41;9.64
11571;7.50;;B2 U F D' R' L B' F2 D' F2 U' B2 U' R2 F2 B2 D F2 D' L' F';2026-03-15 10:40:52;7.5
11572;9.12;;F2 U R2 D2 R2 B2 D' B2 L2 D' B2 L2 F' D2 F2 L B U' R' F L';2026-03-15 10:41:11;9.12
11573;11.33+;;R' D2 R' F2 D2 R' U B' R2 U L2 B2 U2 L2 U2 D L2 U' B2 L2;2026-03-15 10:41:29;9.33
11574;9.04;;L2 D F2 L2 D2 L2 D R2 D R2 U' R' U B F L U B' F D' R;2026-03-15 10:42:02;9.04
11575;10.84;;D L' F' R2 B U2 B2 U2 L2 U2 R2 U2 L B D' U F L R;2026-03-15 10:42:23;10.84
11576;7.80;;R U2 L' U2 R2 F2 D2 L' D2 L U2 R U F' L2 D B2 R' F' U';2026-03-15 10:42:46;7.8
11577;11.24+;;R' B U' F2 D R U F L U2 F2 L B2 L U2 F2 R2 F2 D2 L2 D;2026-03-15 10:43:04;9.24
11578;10.89;;L U F' R2 U F2 U' F2 L2 R2 U F2 L2 F2 L D L2 D2 F D2 R;2026-03-15 10:43:24;10.89
11579;11.66;;B U' R L' U F R F2 D' L2 D2 F' R2 D2 L2 U2 R2 F' U2 F2;2026-03-15 10:43:50;11.66
11580;11.63;;D2 F2 L2 F2 L2 R U2 B2 L B2 F2 L' D R' B' L2 B2 L' F D R';2026-03-15 10:44:47;11.63
11581;9.88;;R' U' F' U' B2 L2 R2 U L2 F2 U2 L2 U' R' B2 U' L B2 L2 B;2026-03-15 10:45:12;9.88
11582;7.74;;F' D2 L2 U' L B2 U2 B U D2 B2 L2 F' L2 B U2 D2 L2 D2 F' U2;2026-03-15 10:45:54;7.74
11583;8.93;;R U' L2 B' L' U' D2 F' R2 U2 B2 L U2 L' D2 L2 D2 R B2 U2;2026-03-15 10:46:12;8.93
11584;10.28;;B2 U2 L2 U R2 U B2 D2 R2 B2 L' B' D2 U' L' F' D' L' R F';2026-03-15 10:46:51;10.28
11585;8.99;;B2 R2 U L2 D F2 U B2 U' F2 U R' U R F R B' F U' F U2;2026-03-15 10:47:10;8.99
11586;10.83;;U2 B2 R2 D F2 L2 D' L2 U L2 F2 R' F D B F D' R D2 F L;2026-03-15 10:47:31;10.83
11587;9.47;;B' R2 D2 U2 B' R2 D2 B' L2 U2 B' U' L' D' B R' B2 U F L' R';2026-03-15 10:47:58;9.47
11588;8.44;;L2 B' L2 B U2 L2 B D2 F' U2 R2 D2 U L' F D L B' L B2 L;2026-03-15 10:48:24;8.44
11589;8.35;;U' F' D U2 R2 B2 U' F2 D2 B2 U' F2 U' L2 B' D' F' U2 L F D2;2026-03-15 10:50:48;8.35
11590;10.57+;;U2 F L2 D' U L2 D' B2 F2 U F2 U F D B U' B2 R U2 B2;2026-03-15 10:51:07;8.57
11591;9.64;;L' D2 L2 U' F2 D F2 L2 F2 R2 U2 R2 L' B L U' L U' L D' B';2026-03-15 10:51:33;9.64
11592;9.65;;F2 L2 F2 R2 D' R2 U' B2 U2 F2 D R B' L2 U' F2 R F L' D R2;2026-03-15 10:51:52;9.65
11593;8.53;;B2 U R2 U' F2 R2 D' B2 U' B2 R2 U2 F D2 R D R B2 R' D';2026-03-15 10:52:12;8.53
11594;13.70;;D B2 F U2 R2 F' L2 D2 F' U2 F R2 D B U L D B' D' L';2026-03-15 10:52:33;13.7
11595;8.79;;F U2 L2 B' F' D2 B' L2 D2 R2 U2 B2 R' D U F D2 R' D L2 B2;2026-03-15 10:52:57;8.79
11596;7.90;;R' L' B2 R' F' U R2 F2 L' F B2 R2 D2 F' R2 D2 B' D2 R2 F' D2;2026-03-15 10:53:19;7.9
11597;9.78;;R B' L2 U2 R2 B' D2 U2 F' R2 U2 F' R F' R F2 U' R F D' U;2026-03-15 10:53:38;9.78
11598;10.40;;U' L' F' D R U2 L F U2 B' R2 U2 R2 U2 B2 D2 B' U2 R' B2;2026-03-15 10:54:07;10.4
11599;11.85;;L2 R2 D2 R2 B' F' U2 F R2 B' L2 U2 R' D2 F' D2 U' F' D2 U2 R;2026-03-15 10:54:29;11.85
11600;8.40;;L' F R' B2 U2 L D2 R2 B2 R' D2 R D2 U2 F' U F' L' D U2 R2;2026-03-15 10:54:52;8.4
11601;9.30;;F L' R2 B' D2 B' F2 U2 L2 B' D2 U2 R2 F U L' D U2 F' U2 F';2026-03-16 11:48:28;9.3
11602;10.92;;B2 D2 R' B2 R2 B2 R B2 U2 R2 D2 L' D' B D2 R B F2 L U;2026-03-16 11:48:49;10.92
11603;8.91;;U2 B F2 R2 U2 B F2 U2 F D2 L2 D R2 F L' D2 R' D' L' R';2026-03-16 11:49:12;8.91
11604;11.72;;B2 D F2 D' U' B2 R2 B2 R2 F2 D' R' B2 D' U' F L' F' L' F R2;2026-03-16 11:49:30;11.72
11605;9.95;;D2 F2 D' R B' D B' U2 R B2 L D2 L' F2 R2 D2 F2 R2 D' F';2026-03-16 11:49:53;9.95
11606;7.91;;D2 R2 D2 F' L2 F' D2 F2 D2 L2 F2 U' L' U2 F L B F' R F D';2026-03-16 11:53:09;7.91
11607;10.50;;L' D2 F' U2 D L' B' U' D2 R F2 L' F2 D2 L2 U2 R' B2 R D;2026-03-16 11:54:07;10.5
11608;9.47;;U' D F D' B' R' U' F U R' F2 B2 L B2 U2 L' U2 F2 R2 U2;2026-03-16 11:54:29;9.47
11609;12.79;;R' L' D F' U R F' D' B' U R2 L2 F2 U R2 F2 R2 U2 R2 U' F';2026-03-16 11:55:00;12.79
11610;10.14;;B' F2 R F2 L2 B2 D2 L U2 L2 D2 F2 U R2 F R U' R' F R;2026-03-16 11:55:29;10.14
11611;9.55;;L' U' D2 R2 D2 B2 R F2 R2 F2 D2 B2 L' U' B' R U F U' B';2026-03-16 11:56:03;9.55
11612;9.67;;L' F2 U B2 R2 D R2 B2 U2 F2 D U2 F2 L' U' B L2 F U' B' F;2026-03-16 11:56:34;9.67
11613;9.36;;B U2 B2 D2 U2 F' R2 F L2 B D2 F' R' D B2 L R2 B' U2 L' U2;2026-03-16 11:56:58;9.36
11614;8.71;;D2 L2 D2 R2 F2 L2 D F2 U' B2 L2 F' D2 L' D2 L F2 R' F' R;2026-03-16 11:57:20;8.71
11615;10.17;;R U B D L U' L2 U F B2 U2 F L2 B U2 D2 B R2 B' L2 U';2026-03-16 11:57:40;10.17
11616;11.05;;F D R2 D R2 D2 B2 D B2 F2 U B2 L R B' D2 R' D R' U';2026-03-16 11:58:06;11.05
11617;9.34;;D F' L F' U2 B U2 B D2 R2 F U2 L2 D' F R2 D L U' L;2026-03-16 11:58:31;9.34
11618;9.42;;F R2 U L2 F2 U2 B2 U F2 L2 U R B2 L2 F' U L' F L2;2026-03-16 11:58:52;9.42
11619;11.51;;R2 F' L2 B' R2 U2 B' D2 U2 R2 B2 F' L' F L2 D B' U2 R U' F;2026-03-16 11:59:14;11.51
11620;8.45;;D F2 B U2 F' R2 U' B R B2 R F2 D2 R' U2 L2 F2 U2 B2 U2;2026-03-16 11:59:38;8.45
11621;10.55;;F2 D' B2 U' R2 F R B D2 B D2 R2 D2 F B' U2 L2 D R2;2026-03-16 11:59:58;10.55
11622;7.96;;B U' L2 B' L2 B' D2 B2 U2 F U2 F2 R2 D R' D' U2 B2 R D2;2026-03-16 12:00:18;7.96
11623;9.90;;U F2 L' F2 L2 F2 R D2 F2 U2 B2 R U2 B L' R B F D L D;2026-03-16 12:00:38;9.9
11624;14.43;;D' B2 R2 U2 B2 R2 U L2 U2 F2 L F R' U' F2 U' F' U F2 U;2026-03-16 12:01:01;14.43
11625;10.56;;F' U2 F2 R2 D2 L2 U2 B' D2 R2 F2 L2 R' D U R' D B' D L' R';2026-03-16 12:02:29;10.56
11626;8.26;;B' U R2 F L' F' D' R B2 D' B2 D' R2 U2 B2 U' R2 F2 B2;2026-03-26 11:36:27;8.26
11627;12.78;;D2 L' F2 L' U' D' L U R2 L2 B' U2 F2 L2 F2 L2 F2 U2 R;2026-03-26 11:36:49;12.78
11628;8.78;;R2 D2 U2 F U2 B' F' D2 L2 U2 L2 B' U' F L' U' L D R' U';2026-03-26 11:37:11;8.78
11629;11.41;;D R' D2 L2 R B2 D2 U2 R' D2 L U2 B' U R B2 L2 R' U F2;2026-03-26 11:37:35;11.41
11630;9.84;;U2 B' L2 D2 L U2 F2 L2 R' F2 D2 L' U B' D2 B U2 B' D';2026-03-26 11:37:55;9.84
11631;11.48;;F' D' L' B U R' U F2 U2 L2 D2 F R2 B' D2 B' R2 F D2 U R2;2026-03-26 11:38:22;11.48
11632;8.78;;L2 B L2 F R2 F L2 D2 F R2 U' B' D' R B2 D2 L B D';2026-03-26 11:40:05;8.78
11633;8.46;;R2 B2 L F2 D R2 D' R2 U2 F2 R2 D' B2 F' R' B R2 U2 B' L';2026-03-26 11:40:22;8.46
11634;8.44;;F L' B2 R D' B' U2 B L' B2 U2 F2 D B2 U' R2 B2 D R2 L2 D;2026-03-26 11:40:38;8.44
11635;9.07;;F' D2 R' L2 D F' R F' U L2 B2 D2 R' L2 B2 R U2 F2 B2 R2;2026-03-26 11:41:59;9.07
11636;11.02;;R' U' F2 L2 D' B2 D F2 D' U F2 U B L' B2 L U' F L' F' L2;2026-03-26 11:42:19;11.02
11637;12.87;;L2 U F2 L F2 R' B2 L' R' D2 F2 R' U2 B2 F L R' U B U2 F2;2026-03-26 11:42:41;12.87
11638;10.85;;B R2 U2 R2 F D2 F2 D2 R2 F2 R2 U' R' B D' B2 L2 D' L' U;2026-03-26 11:43:20;10.85
11639;8.92;;U' R' F' U2 R2 B' U2 F R2 B2 R2 F R F' U B2 U R' F';2026-03-26 11:43:39;8.92
11640;11.29;;B U2 F2 L' D2 R' D2 R2 D2 U2 B2 D2 R' F' L' D U2 B2 R' F';2026-03-26 11:43:58;11.29
11641;9.40;;L' B R F B2 L2 D R2 B R' F2 B2 D2 F2 L F2 L F2 R' F2;2026-03-26 11:44:20;9.4
11642;10.15;;D2 F U' F2 L2 D' B2 D R2 D' L2 F2 U' B D B2 R D' R B';2026-03-26 11:44:44;10.15
11643;10.78;;U L R2 F2 U B2 D' U2 R2 U R2 F2 U2 L D' R D B F L';2026-03-26 11:45:04;10.78
11644;8.95;;B R2 D' F2 D2 U' F2 D' L2 D L2 D' L' B U F2 R B2 U2 F2;2026-03-26 11:45:23;8.95
11645;8.84;;D2 R' F2 U2 F' D2 B' U2 F' R2 B2 R2 F2 U2 R' F U L2 U L2 R2;2026-03-26 11:45:43;8.84
11646;7.71;;R2 D R2 F2 U F2 D B2 U F2 U2 B' F L' R' F L' R2 F' D';2026-03-26 11:46:08;7.71
11647;8.03;;F2 D2 R' B2 F2 U2 L' F2 R2 D2 U2 R2 D' F' L D L' B L F' U';2026-03-26 11:46:25;8.03
11648;10.65;;F' R' U2 B' U D L B' L' U2 R2 D2 B2 L2 U' R2 U' R2 B2 U' F2;2026-03-26 11:46:44;10.65
11649;7.78;;U2 L2 R2 B F R2 F L2 F' R2 F2 R' F2 U F2 U2 B R' F D;2026-03-26 11:47:04;7.78
11650;9.99;;D2 B2 U2 L2 D2 F U2 B F2 U L' R2 D U2 B D2 L' U' B';2026-03-26 11:47:23;9.99
11651;10.03;;U L B' L2 D2 B2 F L2 R2 F' L2 F' R2 U L' F' L2 D' F D' R';2026-03-26 11:47:59;10.03
11652;9.03;;B2 D F D2 B' L' D' R' D' F' B2 R2 F' R2 L2 F' D2 F;2026-03-26 11:48:22;9.03
11653;11.23;;R2 D2 B2 L' F2 L2 D2 U2 B2 R' D2 B2 U' F R2 U' F L' U2 R;2026-03-26 11:48:39;11.23
11654;9.92;;L2 U B2 L' F2 R' L' U L F D2 B' L2 B2 U2 D2 R2 F' U2 B';2026-03-26 11:49:37;9.92
11655;9.53;;L' D2 R U2 L' F2 R2 B2 L' F2 R2 B' R' B' L F D B' R' D;2026-03-26 11:50:04;9.53
11656;12.77;;U2 B2 F' L2 D2 B' D2 L2 D2 R2 B L U L2 U' B R2 D' U' L U';2026-03-26 11:50:23;12.77
11657;8.94;;U2 L2 B U2 D' R' B' U F D2 F2 U R2 U2 L2 U B2 U R2 F2 L2;2026-03-26 11:50:53;8.94
11658;11.23;;R' F2 B U B2 L' F2 U R2 F' L2 D2 B2 R2 U2 B' R2 L';2026-03-26 11:51:10;11.23
11659;9.97;;F R' L' B2 U' F' L' B2 L2 B D2 F' R2 B' D2 F U2 B D2;2026-03-26 11:51:31;9.97
11660;12.42;;U L B' R2 D F2 D U L2 F2 R2 B2 L' D' B L' B2 D2 L';2026-03-26 11:52:40;12.42
11661;9.57;;L2 F R2 D2 F2 D2 R2 D2 F R2 B' U' L R' B' U' L R2 D F2;2026-03-26 11:53:00;9.57
11662;8.84;;D B L' F L U' R' D U2 B2 D2 B' L2 B R2 U2 F L2 F2 D2 U;2026-03-26 11:53:23;8.84
11663;8.77;;R U2 L' B U L F R2 B2 D2 B2 R U2 L2 B2 U2 R' U R2;2026-03-26 11:53:39;8.77
11664;9.12;;U' L2 D2 U' F2 U' R2 F2 L2 B2 U L' U2 B F' U' L F2 D' B' L';2026-03-26 11:53:59;9.12
11665;10.14;;U D2 B2 R F2 R2 D2 U2 R' U2 F2 R' D2 U' L2 F' D B2 U2 L';2026-03-26 11:54:21;10.14
11666;7.96;;B' D' B2 D2 U2 R' F2 L B2 R' F2 R2 B2 U B' U2 R' U L U';2026-03-26 11:54:38;7.96
11667;9.31;;F2 L U2 R' D2 B2 R D2 B2 U' R D R' B' F U' R' F;2026-03-26 11:55:51;9.31
11668;10.61;;U' R' B' R2 D2 U' B2 U' L2 D L2 U2 R' U' F R' B';2026-03-26 11:56:07;10.61
11669;8.38;;D2 L' D B U L U D F B2 R' D2 R B2 U2 L' B2 R2 B2 U2 L';2026-03-26 11:56:28;8.38
11670;7.76;;U B' R F2 D B' U F' B' L2 B' L2 U2 R2 F U' D2 R2;2026-03-26 11:57:02;7.76
11671;11.14;;U2 F D2 F2 L2 U2 R2 D2 F' R2 F2 R U2 F U F' D R2 B L';2026-03-26 11:57:19;11.14
11672;10.78;;B D' F2 D' R2 B2 D' L2 B2 D R2 L F' U' L2 U' L' R U' F';2026-03-26 11:58:07;10.78
11673;8.59;;B' F' U2 F L2 R2 B' L2 B' F2 D B R' F D2 F U2 R D F;2026-03-26 11:58:27;8.59
11674;9.85;;L' U' B2 L2 U' R2 B2 D R2 D' B D F2 L' R B2 L2 U2 F';2026-03-26 11:59:16;9.85
11675;8.93;;B' R F' U2 R' F' B D' U2 B D2 B R2 B2 L2 D2 L2 U2 B';2026-03-26 11:59:45;8.93
11676;7.80;;R2 U L2 F2 D B2 R2 D' R2 D2 R D' L' B L U L2 R F' D;2026-03-26 12:00:08;7.8
11677;17.31;;L2 B2 L2 B2 D2 L2 U' R2 U' R U L2 F' L U F L2 B' F;2026-03-26 12:00:23;17.31
11678;9.82;;R2 D2 R' F2 R2 U2 R' F2 L' D2 B2 U2 F' L' R2 D2 F' D2 U F2 D;2026-03-26 12:00:50;9.82
11679;9.85;;U L' D B U2 B2 L' B U2 R2 F2 R2 F2 R2 D2 L U2 F2 D;2026-03-26 12:01:07;9.85
11680;7.95;;R' F2 L2 F2 L2 F2 D B2 F2 D F2 B L R' F R' U' F' U B';2026-03-26 12:01:26;7.95
11681;10.61;;B2 D2 R F L' B R' F' L' B2 L2 B2 D2 L2 D' R2 L2 U' L2 B2 U';2026-03-26 12:01:57;10.61
11682;9.79;;F D' R2 F2 U2 F2 D L2 D B2 L2 U2 F2 R B L' R F' D F R2;2026-03-26 12:02:18;9.79
11683;12.65;;F2 U' R2 U F2 U L2 F2 U' F2 L2 B R' U2 F' D' B D' R D2 L;2026-03-26 12:02:40;12.65
11684;8.87;;U L F U' D F2 L' D R' D R2 D L2 B2 D' L2 D2 B2 U' R2 F2;2026-03-26 12:03:02;8.87
11685;9.84;;D F' R2 F R2 U L' F2 B2 R2 D2 F2 D R2 U' B2 D F2 D L' B;2026-03-26 12:03:23;9.84
11686;9.82;;B2 D2 B' U2 F' R B' U2 R2 U' F2 B2 R2 U2 B2 L2 D' L2 U' L F;2026-03-26 12:03:42;9.82
11687;11.25;;D2 L2 D2 R D2 U2 R' D2 U2 F2 U2 F D B D2 L' F' D F' D2;2026-03-26 12:04:00;11.25
11688;11.40;;F D' R' D2 B2 D L2 F2 D' R2 U' B2 U2 R' F D U' R2 B L';2026-03-26 12:04:44;11.4
11689;10.62;;L U B' F2 D' L2 D' F2 R2 U2 L2 F2 D2 R2 B' R' B' U' B D F;2026-03-26 12:05:06;10.62
11690;8.93;;U2 R2 U2 R2 F D2 F2 U2 R2 B2 F' D2 R B' U L D F R D2 L';2026-03-26 12:05:29;8.93
11691;8.08;;B2 U' R2 D U' R2 U B2 F2 U B' D R' U R2 D U2 F D2 L;2026-03-26 12:05:47;8.08
11692;9.63;;U L2 R2 U' B2 D' L2 B2 U' B2 D' F2 R F D L' U B' D' F2;2026-03-26 12:06:05;9.63
11693;10.40;;R2 U R2 B2 U2 F B U' L F D2 R2 F' L2 F' R2 L2 B' D2 B R2;2026-03-26 12:06:23;10.4
11694;10.83;;B2 R U' D' F' U2 F U' L2 F' U2 F2 L2 B U2 B2 L2 F' U2;2026-03-26 12:06:42;10.83
11695;9.81;;U' F' B2 R2 U' F2 U L2 D2 L2 B2 D2 U' B' D2 L F2 U2 R2 U' B;2026-03-26 12:07:02;9.81
11696;11.97;;R' D2 L' F2 D2 B2 R2 D2 F2 R U2 D B' D2 L B' R B D;2026-03-26 12:07:24;11.97
11697;10.27;;B2 L B' D' L2 D F' R2 B2 R2 B2 L' D2 B2 L B2 R2 B2 U' F';2026-03-26 12:07:44;10.27
11698;7.58;;D' F L2 B2 L2 F L2 B' U2 L2 B D2 R' B' L F D U' B D2 L;2026-03-26 12:08:43;7.58
11699;10.72;;B' R' D U2 R2 D2 R2 F2 R2 U' R2 F2 U' F2 L' D' R' F U' B' R;2026-03-26 12:08:57;10.72
11700;9.80;;R D2 F2 D2 B R2 B L2 D2 L2 F' R2 L F2 D' L F' U' F' R';2026-03-26 12:09:17;9.8
11701;8.75;;B2 F2 R2 U L2 F2 R2 F2 R2 U2 F2 U B' R' F' U L' R2 B' F L;2026-03-26 12:09:38;8.75
11702;9.99;;D2 L2 D' B2 F2 R2 U B2 R2 D2 L B' D2 R B2 U' F2 L' B;2026-03-26 12:09:54;9.99
11703;9.71;;F L2 R' D2 B2 R' B2 L' F2 U2 B2 D L2 U' B2 L2 F' D' R;2026-03-26 12:10:19;9.71
11704;10.88;;B' R2 B' D2 U2 F' L2 B F2 D2 L' D U R' B' L D F2 D';2026-03-26 12:10:38;10.88
11705;10.02;;B2 F2 R U2 R2 D2 L U2 F2 L F2 L' F' L2 B D B' D2 F' U F2;2026-03-26 12:10:57;10.02
11706;9.90;;R2 D B R2 D2 L' D R2 U2 B' D2 B L2 B R2 F2 U2 D' F2;2026-04-04 18:56:06;9.9
11707;9.88;;B U' B R U B2 L F2 D R2 F2 L2 B2 D' R2 L2 F2 D' R' B';2026-04-04 18:56:27;9.88
11708;10.66;;B' U2 F D2 F' L2 D2 L2 F' D2 F2 L' U2 B' R U B D L U2;2026-04-04 18:56:47;10.66
11709;9.68;;R D' L2 D2 U2 B2 R U2 R' D2 L2 B2 D2 U2 B D2 F2 D F L' B';2026-04-04 18:57:06;9.68
11710;11.16;;B D2 F2 R' F' B2 R B2 L2 U2 D' R2 F2 B2 U F2 D F2 R' B';2026-04-04 18:57:26;11.16
11711;9.03;;U2 R' D2 L2 B2 R2 D F2 D' B2 D F2 D' L' D' B D2 U' F L B';2026-04-04 18:58:30;9.03
11712;11.19;;L' B U' F2 D L2 U2 B2 R2 F2 D' F2 U2 F R F L2 D' L U' L2;2026-04-04 18:58:54;11.19
11713;8.06;;L D L2 B U F2 R L' B' D2 R2 U F2 U' R2 B2 U F2 U L2 D';2026-04-04 18:59:15;8.06
11714;9.98;;L U L2 B2 L2 F2 U B2 U L2 D B' L' U' F U2 L2 R F L2;2026-04-04 18:59:36;9.98
11715;11.99;;U2 B2 U2 L' U2 L2 D2 B2 D2 L' R' B' D' U2 B2 L D B2 D2 F;2026-04-04 19:00:03;11.99
11716;8.81;;R' L2 F L2 U' D2 R' B U2 L' F2 R' B2 R2 U2 F2 U2 F2;2026-04-04 19:00:52;8.81
11717;15.75;;F2 L F2 U2 B2 R' F2 R F2 D2 R' B R F2 L2 U F D' L' D2;2026-04-04 19:01:12;15.75
11718;10.58;;L2 F R2 B' D2 L2 U2 L2 F2 R2 F2 R2 U F D B' D R' U2 L D2;2026-04-04 19:01:52;10.58
11719;8.33;;L2 F2 D' R2 D2 U B2 F2 L2 U F2 U R F2 U' R' B' L' R F' L;2026-04-04 19:02:12;8.33
11720;9.39;;B2 R2 U2 B' D2 B D2 R2 B' D2 U' L2 D2 B2 U' B U R' D R2;2026-04-04 19:02:29;9.39
11721;9.88;;R' B2 L U2 F2 U2 L' R2 B2 L' U2 R2 F L B' D U R B' L' R2;2026-04-04 19:02:47;9.88
11722;13.36;;R2 B L2 U2 B' U2 F U2 B2 L2 F2 R B' D U' L R2 D2 L B' F2;2026-04-04 19:03:08;13.36
11723;12.78;;F' D' F D2 L2 U2 F R2 F L2 R2 D2 F' U2 L U' R' B2 L' D2 B';2026-04-04 19:03:34;12.78
11724;10.56;;L' R2 B2 F2 D2 B2 U' B2 L2 D' L2 D' U' R U F' R D U F;2026-04-04 19:03:56;10.56
11725;10.90;;R B2 L U R2 F2 L2 F2 D L2 F2 D' B2 R' D2 R' B' R D L';2026-04-04 19:04:15;10.9
11726;9.39;;B' L' F2 R' U' B' U2 R F U2 B L2 B2 R2 F' U2 F' D2 B U2;2026-04-04 19:04:35;9.39
11727;9.79;;B R2 D2 L2 R2 F2 D2 F D2 R2 D' R' B D U2 B2 U' L R';2026-04-04 19:04:53;9.79
11728;11.82;;F R U2 B2 U2 L D2 L2 U2 F2 U2 R' F R2 U' L' U2 F R2 D' U';2026-04-04 19:05:13;11.82
11729;13.52;;R' D2 U F2 D2 R B2 L2 F2 L U2 R2 U' R B' D2 R2 U' B2;2026-04-04 19:05:37;13.52
11730;12.60;;D2 L F U L U2 L B' D U2 B2 D2 F2 R2 F' U2 B U2 B' D2;2026-04-04 19:06:12;12.6
11731;9.96;;L2 F2 R2 D B R2 L' D' R D2 L2 U2 L2 F2 D2 F' U2 L2 B R2 F;2026-04-04 19:06:44;9.96
11732;8.99;;R' B' R2 D2 B' U2 L2 B L2 B' D2 B2 L U L2 R2 B D' R' F';2026-04-04 19:07:05;8.99
11733;12.27;;B' L F' U' B2 L U B2 D B' U2 R2 F' L2 B L2 F' R2 U2 R2 F2;2026-04-04 19:07:29;12.27
11734;11.91;;D' R D R2 B2 F2 D U2 F2 L2 U2 R2 U' L D U B L B' U';2026-04-04 19:07:50;11.91
11735;9.56;;R D' B2 U' R2 D' B2 U' B2 U B2 U2 R F' R D2 U R D2 B';2026-04-04 19:08:09;9.56
11736;9.14;;B' R' U2 D L' U B R L2 B2 R L2 U2 D2 F2 L' B2 L' D R2 D;2026-04-06 11:54:59;9.14
11737;11.31;;B U2 B2 L2 F' R B L2 U R D2 L2 B2 L' F2 L' F2 L2;2026-04-06 11:55:16;11.31
11738;8.98;;D2 L2 U2 F' U2 L2 U2 F L2 B F2 U B L B2 F' D R' U;2026-04-06 11:55:37;8.98
11739;8.07;;D L' R2 D2 L2 B2 F' D2 B2 F R2 F D2 F' L' F2 D' U B2 U' R';2026-04-06 11:55:56;8.07
11740;9.72;;L2 F2 D R2 D' F2 L2 U' L2 D' B2 U' B D2 R U2 F' R' D2 R;2026-04-06 11:56:13;9.72
11741;10.72;;R2 B2 R2 B U2 B' L2 R2 D2 B' F U' B F' U' L D U R F L';2026-04-06 11:56:36;10.72
11742;10.58;;U2 R' D2 U2 L2 D2 F' L2 F L2 F' R2 D2 L' F2 U' R F2 L' B';2026-04-06 11:56:57;10.58
11743;9.91;;F2 D2 B2 R' D2 R B2 F2 R F2 R2 F' U' L U2 B' R' F D R';2026-04-06 11:57:17;9.91
11744;9.85;;R F U' R U2 R B R U' L2 D2 R2 U R2 U' F2 R2 L2 D' B2;2026-04-06 11:57:37;9.85
11745;8.87;;F2 D2 F2 L' U2 R' B2 L2 U2 F2 R D' F U2 L2 D L B' L R2;2026-04-06 11:57:54;8.87
11746;9.11;;U' L U L2 D' R2 U2 L2 D L2 F2 U F2 L U R U B' L U2 B2;2026-04-10 11:24:24;9.11
11747;9.84;;U' D2 B R' L2 B' L B D' L F2 L F2 U2 D2 F2 D2 L2 B2;2026-04-10 11:24:45;9.84
11748;10.28;;F R2 D U2 R2 B2 U2 B2 D L2 R2 U' F2 L' D R' F D' F' D F';2026-04-10 11:25:12;10.28
11749;10.47;;D2 L' D2 U2 B2 L R2 D2 B2 R' F2 D' L' F' L' U2 L' D' U2 B;2026-04-10 11:25:37;10.47
11750;15.26;;U F R2 F L2 D2 F2 L2 B' L2 U2 B' U' B' U' R B' L2 U' R;2026-04-10 11:26:04;15.26
11751;9.22;;R2 F' D2 F' D' B U R' F2 R L2 B2 L' U2 D2 L' U2 B2 R' D' R;2026-04-10 11:26:58;9.22
11752;9.86;;L' D' B2 R2 F D2 U2 R2 U2 B' U2 F L D2 B' U B U' R U2;2026-04-10 11:27:16;9.86
11753;9.83+;;U R' F2 L2 B2 R B2 F2 D2 L' D2 R' B' U L U' F2 R U' L2;2026-04-10 11:27:33;7.83
11754;11.23;;F' B' R' F' B2 R D L F B2 U D R2 U F2 D L2 F2 U F2 U2;2026-04-10 11:27:51;11.23
11755;11.55;;U B2 D' U' L2 B2 D2 F2 U' F2 U R F L' R2 B2 F' D' L' U B';2026-04-10 11:28:12;11.55
11756;8.92;;U B D R2 U' B2 R2 U2 L2 D2 U' R2 L' U' R2 F U B F R;2026-04-10 11:28:32;8.92
11757;9.04;;U' D2 B2 L2 F D2 B2 R2 D2 B' F2 D' L B2 F' U' B2 L' R U;2026-04-10 11:28:51;9.04
11758;9.98;;B2 F2 R2 B2 F2 D' B2 D2 R2 D L2 R' F' R B F U L B L R2;2026-04-10 11:29:09;9.98
11759;9.49;;U' B F2 L2 F D2 F' D2 F D2 L2 R2 F2 R B' R2 U R2 F' D2 R';2026-04-10 11:29:28;9.49
11760;9.88;;F L2 D2 F R F' U D' B U2 R2 B2 U2 L2 U L2 U' F2 B2 D' B2;2026-04-10 11:29:49;9.88
11761;6.92;;L F2 R2 F U2 R2 F' D2 L2 B' L2 F' U B L2 U' L2 D2 U';2026-04-10 11:30:15;6.92
11762;13.46;;B' L' B U R' B' U2 B U2 L D2 L F2 B2 D2 L2 B2 L';2026-04-10 11:30:32;13.46
11763;8.99;;B2 D' R2 F2 U2 B2 U' L2 R2 F2 L2 F D' B L D2 R B F D2;2026-04-10 11:30:55;8.99
11764;8.98;;R' F2 R' B2 D2 F2 R B2 R2 D2 F2 D2 F R U R2 F2 D2 R B U';2026-04-10 11:31:31;8.98
11765;9.09;;D' R2 U' B2 D' R2 B2 F2 U' B' R2 D' L D2 F U R2 B F';2026-04-10 11:31:49;9.09
11766;8.08;;F L2 U' R2 B2 U2 R2 U R2 U2 R2 B L' R U' B' R F' D' R';2026-04-10 11:32:07;8.08
11767;9.01;;B' L' U R F2 U F L2 U' D2 R B2 L' B2 D2 R D2 R B2 D2 L;2026-04-10 11:32:23;9.01
11768;8.51;;R2 B2 R2 U R2 U F2 D' L2 U R2 L' B' U2 F2 D L2 F' R2 D;2026-04-10 11:32:44;8.51
11769;9.31;;B R2 B' D2 U2 B' D2 B' L2 F L2 F U R D2 L B2 D' L' F R;2026-04-10 11:33:03;9.31
11770;10.73;;R2 U2 F2 L2 B2 L B2 D2 F2 R' D2 R B D L R' F D L' D2 R;2026-04-10 11:33:21;10.73
11771;12.56;;L2 U2 B' D F' R2 U2 D R U' B2 U L2 B2 L2 D F2 B2 U B2;2026-04-10 11:33:45;12.56
11772;10.85;;U' D2 F2 U2 F' U2 R2 D2 B2 U2 B2 L' D2 R2 B2 F' D' B R;2026-04-10 11:34:08;10.85
11773;8.93;;R' F2 R U2 L2 B2 D2 B2 R D2 R U2 B' D2 B2 U' B2 F L B F;2026-04-10 11:34:27;8.93
11774;11.81;;F2 U R2 U B2 L2 U L2 D2 U2 B2 L' B D F' U2 B2 L B' U F';2026-04-10 11:34:46;11.81
11775;10.53;;D2 L2 F D2 F' L2 F2 D2 F' L2 B' L D U2 L2 R' U' F R B;2026-04-10 11:35:06;10.53
11776;8.57;;U2 L2 D' F2 D U L2 B2 R2 B2 U' L2 R' F' D B2 D2 B' L' R2 B2;2026-04-10 11:39:08;8.57
11777;11.00;;F L2 U' L2 B' D' R' L B' R' F2 B2 L U2 L2 D2 R' B2 L B2 U2;2026-04-10 11:40:00;11.0
11778;11.76;;B' F2 U2 R2 F2 D' L2 B2 U' L2 U R2 B' D L' D' L' D2 F' D;2026-04-10 11:40:20;11.76
11779;10.90;;U' L F U B U' L D' L F D2 F U2 F' L2 F' R2 B' L2 B2 U2;2026-04-10 11:40:40;10.9
11780;11.86;;F' L2 D' L2 F D2 B L2 F U2 L2 F2 L2 B' U' F D2 L R B L2;2026-04-10 11:41:00;11.86
11781;10.86;;R2 B' L' F' D' F2 R' F L2 U' L2 D' L2 U F2 D' B2 U2 R2 B2 F;2026-04-19 14:26:12;10.86
11782;10.40;;L2 D R2 D' B2 U L2 F2 U B2 R2 F2 R D2 F2 R F' U2 L U2 R';2026-04-19 14:26:33;10.4
11783;6.91;;L D' L2 B U2 F' D L D2 R2 U2 B2 R U2 B2 L D2 R U2 F' L2;2026-04-19 14:27:12;6.91
11784;11.46;;U2 B2 R' U R L' B' L2 F2 D R2 F2 U' L2 U2 R2 F2 D2 F2 B L2;2026-04-19 14:27:32;11.46
11785;9.65;;F' D B' R2 D' F L U F2 D2 B2 R2 F' U2 B2 D2 R2 B L2 B R';2026-04-19 14:28:12;9.65
11786;9.14;;F D2 L U' D2 R' U' F U2 R B2 U2 R2 D2 R' D2 F2 R U2 L' D;2026-04-19 14:28:50;9.14
11787;10.31;;U2 L' R' U2 L' D2 R' D2 U' L2 U2 L U F D' B' U;2026-04-19 14:29:07;10.31
11788;9.56;;F' B2 D2 L B2 R F2 D2 R F2 R B2 R D' F' U F2 U' F2 U' R';2026-04-19 14:30:47;9.56
11789;10.84;;D2 U' L2 D B2 F2 D F2 L2 F2 R2 B L B' R' F' L' F2 U B F2;2026-04-19 14:31:06;10.84
11790;10.58;;R B2 F2 U2 R' B2 U2 L2 U2 L' D2 L U' B' U L R' U' L2 F' D2;2026-04-19 14:31:25;10.58
11791;9.45;;B2 R2 U B2 F2 D B2 D2 B2 D2 R B L2 U2 F' R2 D2 U' B F;2026-04-19 14:31:49;9.45
11792;10.19;;B2 L2 U B2 U' R2 F2 U' B2 L2 U' R' D2 L' B' L2 U2 F' D R2 U;2026-04-19 14:32:19;10.19
11793;8.90;;R B2 R' B2 R2 U2 L' B2 U2 R' F2 U B' D2 R F2 D' R2 B2 D';2026-04-19 14:32:50;8.9
11794;10.58;;D B2 R B2 U' F U2 B U L2 U2 B2 U2 L U2 D2 L D2 L U2;2026-04-19 14:33:23;10.58
11795;15.55;;D R2 D2 B2 F2 R2 B2 U F2 R2 D F2 R' B' D2 L B2 F R' U2 B';2026-04-19 14:33:40;15.55
11796;11.04;;U F' D2 F' U2 F' L2 B' D2 R2 U2 B' D R' F2 R B' L' R2 D;2026-04-19 14:34:14;11.04
11797;10.51;;L' F' D2 F U2 F L2 B' U2 L2 B U2 R2 D' L U L2 U F L B2;2026-04-19 14:35:43;10.51
11798;11.74;;F2 U2 R2 U2 R2 F L2 F2 D2 L2 F R2 D' F D B F R' B' F L';2026-04-19 14:36:02;11.74
11799;10.27;;F' L U' D' R B' R D2 B' L2 U' L2 D2 B2 R2 F2 D' R2 D;2026-04-19 14:37:36;10.27
11800;9.61;;U2 F2 U F' D B2 R U2 F2 D L2 F2 U B2 U' F2 D2 B2 L F;2026-04-19 14:37:56;9.61
11801;8.63;;R2 D' L2 U' B2 D2 F2 R2 F2 R2 U B L2 D' L' F2 R' F2 L2 B2;2026-04-19 14:40:15;8.63
11802;10.34;;B R' F2 L' R2 B2 F2 U2 L U2 B2 L2 F2 B D B' F D2 U L F2;2026-04-19 14:40:32;10.34
11803;10.71;;F2 L2 R2 F' L2 R2 U2 L2 B2 D L U L F' U' R2 B U' F;2026-04-19 14:40:56;10.71
11804;9.45;;F' U F' L2 F2 R2 B' L2 U2 B U2 R2 F D' B2 F' R' D B2 F' R2;2026-04-19 14:42:10;9.45
11805;8.33;;R' U' B2 D' B' R D L F' D R2 U F2 R2 F2 U' B2 U' F2 U' B2;2026-04-19 14:42:31;8.33
11806;9.24;;U B' U' R2 B L D R2 B2 R2 F2 L' B2 D2 L' B2 U2 R2 D' B';2026-04-20 14:32:20;9.24
11807;10.51;;L2 U2 D L2 B' L B2 R U' F2 D2 R2 U2 R L2 U2 D2 B2 L U2 L2;2026-04-20 14:32:38;10.51
11808;13.05;;R L F R L D' F' B' D' R' U' F2 L2 D' B2 U F2 U2 F2 R2 F2;2026-04-20 14:33:00;13.05
11809;10.81;;U R D L' D F' U' B2 R' L2 F L2 D2 F2 U2 B2 R2 F' D2 B' D2;2026-04-20 14:35:01;10.81
11810;12.90;;D2 B2 R2 D R2 F2 U' F2 D L2 B2 F L2 R' F R2 U L' U2 F D;2026-04-20 14:35:30;12.9
11811;11.85;;B2 D' B2 R F' U2 L' D2 F B2 R2 U2 R2 D2 L2 B R2 B' U';2026-04-23 13:08:35;11.85
11812;12.62;;R U L2 B2 R2 B' D2 L2 U2 F' R2 B' R B' F D' U F' R';2026-04-23 13:09:01;12.62
11813;14.62;;R' U B2 L2 U' F2 D2 L2 F2 D' F2 U R B2 F D' R D2 B2 F;2026-04-23 13:10:08;14.62
11814;9.31;;U' L2 F2 R' U2 L2 F2 U2 F2 R D2 R B D R2 F' D B' D R' F;2026-04-23 13:10:30;9.31
11815;15.12;;D2 L2 F L' U' R' B D F' B' D2 F' L2 B L2 B' U2 L2 F' U';2026-04-23 13:10:44;15.12
11816;11.29;;R' B U L2 U' B2 L2 D L2 D' R2 U B L' U' L2 D2 F R2 D';2026-04-23 13:11:09;11.29
11817;11.18;;B2 D' R2 B2 U2 F2 R' D2 U2 R D2 L' F2 B' R' U' L2 R2 B F2;2026-04-23 13:11:24;11.18
11818;11.33;;U' R' U2 F B D F' L F2 R2 B2 D2 L F2 L2 B2 U2 R' F2 B';2026-04-23 13:11:43;11.33
11819;11.64;;D R F2 L' R2 B2 R' U2 R' D2 U2 L D F' D2 F' R2 D' B' F;2026-04-23 13:12:02;11.64
11820;9.63;;R D' L' U2 R' F L' F2 U R2 L2 D F2 D2 L2 D' F2 U B' L2;2026-04-23 13:12:23;9.63
11821;12.02;;L U D L' B' L2 F D U2 B L2 D2 B U2 F L2 U2 B' L2 F2 R';2026-04-23 13:14:53;12.02
11822;13.82;;F U2 F2 D2 R2 D2 L2 F' D2 U2 L' B R' B F R2 D' F U;2026-04-23 13:15:09;13.82
11823;15.17;;B2 D2 B2 L U2 B2 L B2 L' U2 F2 B U' L' D' F' U R' U' L2;2026-04-23 13:46:27;15.17
11824;13.40;;R2 U B2 U' R2 B2 U' B2 U2 F2 L2 B' U' L D F' R2 D2 U' R U';2026-04-23 15:36:04;13.4
11825;12.18;;F' U' B2 U2 L2 U' B2 R2 U' F2 U L2 B2 R U B2 U2 R D' B' L';2026-04-23 15:36:25;12.18
11826;11.46;;R' D B U F B' R' U2 B' R2 U' F2 D2 L2 U L2 U L2 D B2 D';2026-04-23 15:36:41;11.46
11827;11.80;;D2 R2 F2 D' U2 R2 U' B2 D2 U' R2 B2 R' F U L2 R U L' U B';2026-04-23 15:37:00;11.8
11828;11.43;;B2 U F2 R2 F2 D2 B2 R2 D L2 U2 B' L' D2 L D' B2 L2 D' R' D';2026-04-23 15:37:16;11.43
11829;15.10;;B U R F' B' U' D B2 R F2 R2 F2 L' D2 B2 L' U2 D' B;2026-04-23 15:37:32;15.1
11830;12.39;;L2 D R2 F2 U2 L2 R2 F2 U R2 D2 R D B' L R' F D' B' D F;2026-04-23 15:39:23;12.39
11831;12.85;;U' B2 U2 L2 D2 F' L' D' U2 B2 R2 L F2 D2 L' F2 U2 R B2 R;2026-04-23 15:39:40;12.85
11832;12.62;;L2 D' L2 D L2 B2 U' L2 D L2 B' R U' B' F2 D U' R' B' R';2026-04-23 15:39:59;12.62
11833;9.12;;F' D L2 F R F' L2 F L B' R2 F' U2 D2 F' U2 B2 U2 L2;2026-04-23 15:40:13;9.12
11834;12.79;;F' L2 U2 B D2 R2 F L2 D2 F2 L' R' B U2 R' D' F2 D R2;2026-04-23 15:40:28;12.79
11835;10.68;;F' D F' R2 B' U D' R' B' R U2 L D2 R' D2 L B2 U2 R;2026-04-23 15:40:46;10.68
11836;8.19;;L2 F' U' F2 L2 F2 R2 D B2 D' F2 R2 D' B2 R' D R F U' F' U2;2026-04-24 19:00:21;8.19
11837;13.54;;L U2 L2 U R2 U' F2 L2 F2 U B2 D' U2 R' D' B L2 F D R' U;2026-04-24 19:00:39;13.54
11838;10.14;;B2 D2 F' L B' U2 D B2 R' U' D L2 B2 D F2 D F2 U2 B2 D';2026-04-24 19:01:02;10.14
11839;9.91;;F L F2 U2 F2 U2 R F2 R' F2 R' U R' D' U2 R2 B F U';2026-04-24 19:01:27;9.91
11840;11.16;;F2 U B2 R2 F2 L2 D L2 U' B2 D U2 L U F D' F' L' F D';2026-04-24 19:01:46;11.16
11841;10.97;;R2 D B2 R2 F2 L2 U2 F2 U L2 F2 U B F2 R2 U' L' U' L2 R2 F;2026-04-24 19:02:12;10.97
11842;8.70;;R' U R B' U2 R' L2 D R B2 U2 L2 F2 D' R2 U' L2 U L2 U;2026-04-24 19:02:31;8.7
11843;10.22;;F2 L2 R2 D' B2 L2 D U F2 D2 F' D B2 L' R D' F2 R2 F2;2026-04-24 19:02:50;10.22
11844;9.01;;U2 B2 D2 F2 D F2 L2 D L2 U L2 R' D F D2 R F2 U' L2 D2;2026-04-24 19:03:07;9.01
11845;14.19;;B' D' F U2 F L2 B R2 B D2 B2 R2 U2 F' L D L2 B2 U L2 D;2026-04-24 19:03:24;14.19
11846;9.25;;D' L2 F' U' R L B U2 L D' F2 L U2 R2 U2 D2 F2 L2 F2 R2 D2;2026-04-27 15:26:49;9.25
11847;11.03;;B' L U' B U F' L' D F2 B2 L2 F2 R' F2 L D2 R' U2 L B2 D';2026-04-27 15:27:10;11.03
11848;8.39;;L U2 B2 U B2 U2 L2 R2 D' L2 F2 R2 U B' L' D' U B2 L' D2 R';2026-04-27 15:27:31;8.39
11849;12.64;;D2 F2 D2 B U2 F D2 B' L2 D2 F R2 D' L2 R D R' U2 L B2;2026-04-27 15:27:49;12.64
11850;12.16;;B2 D F2 L2 D L2 F2 L2 U' L2 F U2 B L' R' B' U' B R';2026-04-27 15:28:13;12.16
11851;10.79;;F2 L B2 U' F' L2 U' F' L' U F2 D F2 B2 D L2 D B2 U;2026-04-27 15:33:41;10.79
11852;9.83;;L' F' B2 D2 B2 L U2 L' F2 R B2 F' D U2 B2 R' B' L2;2026-04-27 15:34:00;9.83
11853;9.25;;F2 R2 F2 L2 U L2 U' R2 U F2 D B2 F D2 U' R' F D' R' B L2;2026-04-27 15:34:17;9.25
11854;8.96;;L B' U D' F L2 F B D R' B2 U2 L F2 L2 U2 L' F2 U2 D2;2026-04-27 15:35:27;8.96
11855;9.53;;R B2 R F2 U2 L' U2 L2 D2 L' B' L2 D' L R F L U2 B2;2026-04-27 15:38:45;9.53
11856;9.11;;F2 R' U' B2 D B2 L2 F2 U' R2 U2 F2 R U2 L D' B' R2 D R;2026-04-27 15:39:02;9.11
11857;9.58;;D2 F2 L2 D2 B2 L' D2 R2 U2 L' F2 B' U L B2 D' R' U B' L';2026-04-27 15:39:23;9.58
11858;11.04;;R2 F' D L2 U L2 F2 D2 B2 U' R2 D F2 U L' U B2 L' B' L2 R2;2026-04-27 15:39:42;11.04
11859;11.39;;B U2 L2 F2 U2 L2 U F2 D2 L2 R2 U' F' R U2 B L B2 R2 U2;2026-04-27 15:40:01;11.39
11860;13.71;;F' U2 R D2 L2 B2 F2 U2 R F' D L F2 R' U2 R' B;2026-04-27 15:40:20;13.71
11861;9.92;;L F L2 U R' F' R2 B R' U L2 F2 D F2 L2 D L2 D' F2 U' R2;2026-04-27 15:41:17;9.92
11862;9.66;;U' L' D' L2 F2 D' B2 L2 D2 B2 L2 D' B F2 U L' D L' R;2026-04-27 15:41:41;9.66
11863;9.91;;L U' R D2 R B2 L2 D2 R' D2 B2 D2 U2 R2 F L2 D' L' U R2 U2;2026-04-27 15:41:59;9.91
11864;12.85;;U2 F2 L2 D B2 L2 R2 D F2 R2 L' U' R' D L B L' U' F D2;2026-04-27 15:42:19;12.85
11865;10.93;;B L' U' F L2 R2 D2 B' D2 F U2 F2 R2 U L D B L D2 R;2026-04-27 15:42:40;10.93
11866;8.84;;R' B' U B2 F2 D F2 R2 D' B2 D2 F2 D F U L2 D B' F2 L;2026-04-27 15:43:45;8.84
11867;8.95;;U' D2 F' D2 B2 D2 L2 B' R2 B F U2 F' D B' D R' U L' D2;2026-04-27 15:44:02;8.95
11868;11.76;;B D R2 D2 B' D R L D R2 L2 F' U2 R2 F' L2 B U2 D2 R2;2026-04-27 15:44:24;11.76
11869;9.31;;L2 F2 U2 L2 R' U2 B2 D2 B2 R' D2 L B L' B2 F' U F2 R D B';2026-04-27 15:44:44;9.31
11870;10.37;;R' U D R2 D' L U R2 F U R2 U2 F2 D' L2 D L2 B2 D' B2;2026-04-27 15:45:02;10.37
11871;9.60;;B' L2 D L2 R2 U R2 B2 L2 F2 R2 U R' D2 B L' U2 R2 F D;2026-04-27 17:31:28;9.6
11872;9.81;;R' F' L2 D2 B' R2 F R2 F' R2 D2 F L2 U' R B R2 D' L F';2026-04-27 17:32:49;9.81
11873;9.32;;D2 R2 F2 L2 U L2 B2 R2 B2 D F' R D2 R B R2 D' B U;2026-04-30 14:05:49;9.32
11874;12.30;;U D2 R F' L' U D L D U2 F R2 D2 L2 U2 L2 F2 U2 F2 B';2026-04-30 14:06:04;12.3
11875;14.32;;D2 L D2 L' F2 R D2 F2 L' B2 D2 R' D' L' F R2 D F U' B F2;2026-04-30 14:06:31;14.32
11876;13.36;;U2 F2 L2 D2 B2 U2 B L2 F U2 B U2 R B L2 D B' U B' L U;2026-04-30 14:10:01;13.36
11877;13.80;;F2 L2 D2 F2 D2 R' F2 R' B2 D2 R2 B2 F U R2 D' R' U2 R2 D';2026-04-30 14:10:20;13.8
11878;12.95;;B D2 U2 L2 D2 F R2 B' D2 L2 F' L B' R2 D R D2 L' B D;2026-04-30 14:10:37;12.95
11879;13.13;;F D B D2 F' U2 F D2 B2 L2 R2 D2 L' D2 U R' D F' D' B2;2026-04-30 14:13:33;13.13
11880;11.35;;D2 L D2 F2 R2 F U' F' R' F B L2 U2 F U2 F2 L2 U2 B2;2026-04-30 14:16:28;11.35
11881;9.88;;U' L' D2 R2 F R2 F L R2 F2 U F2 D2 B2 U R2 F2 B2 D L2 B;2026-05-19 17:21:19;9.88
11882;12.82;;R D' R' D2 R' B2 D' R F' B2 L2 U2 B R2 L2 F2 U2 B' U2 F' R;2026-05-19 17:21:39;12.82
11883;9.44;;D F2 U' L2 U' B2 U' R2 U L2 F2 L' B D' F' U L' F' U2 B' L';2026-05-19 17:22:15;9.44
11884;12.22;;U2 L2 U' L2 U L2 F2 L2 B2 D2 R2 B' R2 U F L' R' U' F L2;2026-05-19 17:22:35;12.22
11885;10.12;;R2 B' R F' B' R' L2 U B2 L D2 L' F2 L' F2 R2 F2 B2 R' F2;2026-05-19 17:22:58;10.12
11886;7.93;;F' L' U2 L U2 R2 D2 U2 L' U2 L U R B' L' R2 D2 U' L';2026-05-19 17:23:20;7.93
11887;8.81;;F L F D2 U2 L2 F R2 U2 B U2 B2 U2 L2 R' U' L2 B' R D' U;2026-05-19 17:23:44;8.81
11888;8.81;;R2 D' R2 F2 U F2 U B2 L2 U R2 F L' D' L' U2 F' R U L B';2026-05-19 17:24:03;8.81
11889;10.37;;R2 F2 U' F U' F' L' F B U2 D2 R F2 L' U2 D2 F2 L U2 L2;2026-05-19 17:24:32;10.37
11890;10.47;;L2 B U' F L' D' R D' F R2 B2 U' R2 U2 L2 U F2 U D2 L2;2026-05-19 17:27:23;10.47
11891;10.22;;L2 U F2 D B2 D' L2 B2 U' F2 L B D' F2 D' U' R2 U2 R' B;2026-05-19 17:27:54;10.22
11892;8.98;;B' L2 D R2 B2 R2 D2 R2 U' B2 L2 B2 L2 F' L' D R F L' F L';2026-05-19 17:34:38;8.98
11893;11.77;;B2 L2 F D2 F U2 B' U2 B2 U2 R2 U' B' F U' R2 U2 R' F' D';2026-05-19 17:34:57;11.77
11894;9.51;;R' B' U2 B' L2 D2 U2 B D2 B' U2 F D2 R' F' R D L U' L' R2;2026-05-19 17:35:20;9.51
11895;9.58;;U' R U2 B2 L B2 F2 R' D2 L2 F2 U2 F U B' D U L' U' L2 D';2026-05-19 17:35:41;9.58
11896;10.17;;B U2 F2 L D2 U2 F2 R F2 L2 B2 U2 L U' L F2 D B D' L' U2;2026-05-19 17:35:59;10.17
11897;9.60;;R2 F2 L2 B2 D' F2 L2 F2 R2 U2 L2 B D2 L U R2 F2 L B F2 D';2026-05-19 17:36:21;9.6
11898;8.97;;D' L B D2 B2 F2 L B2 R2 F2 D2 R' U2 L2 F D' U' F D' R' U;2026-05-19 17:36:40;8.97
11899;11.47;;R2 F2 R B2 R' B2 L2 F2 D2 R' U2 F2 D' R2 B D2 B' F2 R D2 B';2026-05-19 17:36:59;11.47
11900;11.74;;F' D L' D R2 U' R2 B2 R2 D' L2 U' F2 D2 R' F L U' B U2 R2;2026-05-19 17:37:27;11.74
11901;7.43;;L U' B' L2 B D2 L2 B2 R2 F' R2 F' L2 R' U' L D2 U' R' F';2026-05-19 19:49:48;7.43
11902;9.76;;B2 D2 R D2 R' D2 R B2 L2 D2 F2 L' B' D' L' R' F' L2 D' F2;2026-05-19 19:50:11;9.76
11903;10.23;;R' F' D F U B U' L D B' R2 F' U2 R2 B2 R2 B' R2 B U2 R2;2026-05-19 19:50:29;10.23
11904;10.36;;F R' U2 B2 L2 D' B2 U R2 B2 D2 R2 F2 U B' D2 R' B' R B F;2026-05-19 19:50:48;10.36
11905;10.64;;R B F2 R2 U2 F2 D B2 L2 D' B2 D2 R2 B U2 L2 F L2 B' R B';2026-05-19 19:51:12;10.64
11906;9.90;;R' D2 F' D' F2 L2 F' R' B2 U2 B2 D F2 B2 L2 D' R2 D2 R2 L;2026-05-19 19:51:31;9.9
11907;13.23;;U' F2 L B2 U2 L2 B' L2 D2 B' D2 B2 U2 L2 U' R' B F2 U2 B D2;2026-05-19 19:51:53;13.23
11908;12.72;;R2 D F U2 B L2 U2 F' D2 B R2 B L B F R U2 R2 B D';2026-05-19 19:52:36;12.72
11909;10.75;;U' B2 D F' D L2 B R' U L2 U2 R2 D L2 F2 U B2 D' R2 D R;2026-05-19 19:53:00;10.75
11910;8.73;;R2 D' B D2 B' F2 L2 R2 D2 B2 R2 F2 L B U' F D' F2 L' R';2026-05-19 19:53:34;8.73
11911;8.60;;U2 B' R2 B' D2 F R2 D2 R2 D2 F2 D' L B' U' B' U' R2 D L;2026-05-19 19:53:51;8.6
11912;11.75;;F' L2 F' L' F R L2 B' U D2 B2 L2 U2 L2 D' F2 D F2 D' R2;2026-05-19 19:54:08;11.75
11913;8.96;;L B2 D2 B2 R2 U2 L' U2 F2 L2 D' B' L R' U' L2 D2 B2 U;2026-05-19 19:54:27;8.96
11914;11.22;;B' R2 F2 U2 F' R2 F' R2 B R2 D L' R F U' B' F2 D' L' F;2026-05-19 19:55:12;11.22
11915;9.22;;L2 R2 B2 D' B2 D L2 D2 F2 L2 B2 F L B2 R2 U B R F R' U2;2026-05-19 19:55:33;9.22
11916;10.77;;U2 B' D2 R' F U D L F R2 D' L2 U F2 U2 B2 D F2 U F2 R2;2026-05-19 19:55:52;10.77
11917;13.11;;L' B2 D2 U2 B' U2 L2 B' F R2 D2 F2 U' R' F L B2 U B2 U2 B';2026-05-19 19:56:21;13.11
11918;8.68;;R B R' D2 L' B2 U2 F2 D2 L2 R' F2 R' D' B' R U R D' R';2026-05-19 19:56:45;8.68
11919;8.72;;D L' F' B2 D2 L2 U F2 R2 D' R2 D L2 B' D L' R F D L2;2026-05-19 19:57:04;8.72
11920;10.36;;U L' F2 R' F B2 U R L2 D2 L2 D' F2 R2 D F2 R2 D L2 U R;2026-05-19 19:57:23;10.36
11921;8.75;;R2 U R' D' F' L' F B2 U2 R' B2 R' B2 R' D2 R F2 L U2;2026-05-19 19:57:46;8.75
11922;10.39;;D2 F D2 B2 D2 R2 F2 L' B2 R' U2 F2 D U2 L R D' L2 B;2026-05-19 19:58:03;10.39
11923;9.93;;D2 R' B2 D2 B2 R2 D2 L2 D L2 U F2 B' D2 F R' B2 U' R2 D;2026-05-19 19:58:45;9.93
11924;12.15;;F2 R2 B2 D2 R2 D B2 D B2 U L2 U2 B' L' B2 F U' B' F' R2;2026-05-19 19:59:05;12.15
11925;10.77;;F' R2 F' L2 B' D2 U2 F' D2 B2 D U' L' F U2 B' R2 D' L B2;2026-05-19 19:59:26;10.77
11926;8.35;;D2 B2 L' F2 D2 U2 L D2 L2 R D2 F D U2 L' F2 R2 B L' F D';2026-05-19 20:00:34;8.35
11927;12.36;;L' D L2 U2 B2 L2 D L2 U F2 U2 B R' U2 L2 B U' F' L R;2026-05-19 20:00:51;12.36
11928;8.90;;U R' F' D L F' B2 D' F R2 D2 F' R2 U2 F' D2 L2 B U';2026-05-19 20:02:26;8.9
11929;10.70;;U R2 B D2 B' R2 D2 L2 U2 B2 L2 R U' F2 R' B' U' L F D';2026-05-19 20:02:43;10.7
11930;6.92;;U2 B2 U2 F' L2 D2 F U2 R2 F2 D R B2 U' F U' L R B;2026-05-19 20:03:16;6.92
11931;9.71;;D' B2 F2 L2 F2 D' R2 D2 R2 B2 F L2 D' F2 U L' F' R U' R2;2026-05-19 20:03:34;9.71
11932;9.67;;R' L2 B' R2 B' U F2 L F' R2 F2 B R2 U2 F2 B R2 D2 B' D2 L';2026-05-19 20:04:58;9.67
11933;16.55;;L' D2 B' U2 L2 B' R2 F' D2 B U2 R2 D' F' D' R' B' U2 L2 D F';2026-05-19 20:05:20;16.55
11934;10.26;;U F D' R' B R2 U' D' B U B2 L2 D R2 B2 L2 F2 U' B2 D';2026-05-25 15:22:41;10.26
11935;9.11;;B' L' B U' D' L' F' L B' L2 D' F2 D2 B2 D' F2 L2 B2 D' B2;2026-05-25 15:23:07;9.11
11936;9.92;;B2 L2 B2 L B2 L' U2 B2 L' R' B2 R' U' F L D F' L B R' F2;2026-05-25 15:23:30;9.92
11937;13.70;;R' D L2 U L' F' L' F R' B2 L2 U2 L B2 D2 B2 D2 L U2 D';2026-05-25 15:25:09;13.7
11938;11.81;;B2 L2 F' L' F2 R2 U' B U2 F D2 F' L2 F' R2 F' D2 F2 U2 R';2026-05-25 15:26:03;11.81
11939;9.74;;L2 U' F2 D2 B U2 B' D2 B D2 F2 L2 R2 U' B2 U L' F U' B2;2026-05-25 15:26:24;9.74
11940;10.18;;F2 L2 B' U2 L2 F L2 B F D2 R' D2 F' U' L B2 D B' F2 L;2026-05-25 15:26:44;10.18
11941;10.67;;U2 L' D' B2 L2 U2 F2 U2 F2 L2 D2 U' B U B2 L2 F' R2 D' L;2026-05-25 15:27:24;10.67
11942;9.59;;D' L2 D' B2 R2 U2 B2 U' L2 D F2 L' D' U' R D B L D2 F;2026-05-25 15:27:47;9.59
11943;10.48;;F2 U2 L2 R' D2 B2 F2 L' F2 L' D2 F2 D' R' U2 F2 U B' U2 L R2;2026-05-25 15:28:27;10.48
11944;11.81;;L' F2 D2 L' F' R L2 U' F2 R D2 B2 L' D2 R2 F2 U2 F2 D2 R;2026-05-25 15:28:46;11.81
11945;10.55;;U' B' U2 B F2 U2 L2 F L2 D2 R2 L' D' F' L' U' F' L R2;2026-05-25 15:29:21;10.55
11946;10.63;;B L' B L2 U2 L' U' D2 R' F2 R' F2 R' B2 L D2 R2 B2 U B;2026-05-25 15:29:55;10.63
11947;8.04;;B2 R2 B2 U2 L F2 R' B2 U2 R2 F L R U L F D2 R' F';2026-05-25 15:30:15;8.04
11948;11.27;;L' U L2 B2 L2 D2 B' R2 F U2 F R2 D' B L2 F' U2 R F;2026-05-25 15:30:38;11.27
11949;9.58;;L2 F2 R' F2 R F' B D R L2 B2 R2 L2 U2 B2 D' F2 B2 L2 F2;2026-05-25 15:31:01;9.58
11950;8.82;;D U2 R2 D' B2 D' L2 F2 D2 L2 F L2 B L D2 F U' R F D';2026-05-25 15:31:20;8.82
11951;7.92;;B U2 R2 B R2 F' L2 B F2 R2 D2 U L' R' B2 D2 F U F2 L U;2026-06-06 17:44:23;7.92
11952;10.83;;R2 D' F2 L2 F2 L2 D F2 D B2 F2 L' D2 R U' B R' U F2 R';2026-06-06 17:44:44;10.83
11953;9.37;;U2 F2 R2 U R' U B' R' L2 B2 D2 F2 U' F2 U R2 D' F2 D2 L;2026-06-06 17:45:04;9.37
11954;8.32;;U F B' R' B L2 F D F2 U2 F2 B2 U2 R B2 R U2 D2 R';2026-06-06 17:45:21;8.32
11955;10.99;;D2 L2 U2 R' B2 D2 R F2 D2 L' D2 R2 D' B' R' F' D B2 L D2;2026-06-06 17:45:39;10.99
11956;10.91;;U' R2 F2 U2 F L2 D2 U2 B R2 B U2 D F2 U' L U F' U' F2 U';2026-06-06 17:45:59;10.91
11957;10.21;;L' B2 L' B2 R D2 R2 F2 L2 B2 F L B2 U2 R' F2 D' R B';2026-06-06 17:46:25;10.21
11958;8.91;;F' R2 B' D2 L F' B U' L' D' R2 D' R2 U R2 F2 D B2 D' R2;2026-06-06 17:46:44;8.91
11959;10.34;;B' U2 L2 D2 L2 B' L2 B' L2 R2 U2 L B' U2 F2 D' L2 B U' B R2;2026-06-06 17:47:10;10.34
11960;12.49;;U R' F2 R F2 R F2 D2 R2 U2 L' U2 B2 D' L' D' L F L R' B';2026-06-06 17:47:31;12.49
11961;12.93;;U' F' B2 R L U D' F2 L' U2 L2 F' B2 D2 B R2 F D2;2026-06-06 17:47:55;12.93
11962;9.05;;R U' B' L2 F2 R2 U' F2 D F2 D2 B2 L2 D2 R' F R' B L' D2 B';2026-06-06 17:48:18;9.05
11963;12.39;;L2 U2 F' D B' R D' R D2 L' U2 R2 U2 B2 D2 F2 L' B2 L' U;2026-06-06 17:48:36;12.39
11964;10.68;;U' B2 F2 U2 R2 F2 U' R2 B2 U R B2 D B2 F' R2 U F L2;2026-06-06 17:48:56;10.68
11965;12.28;;R2 U' R F R D' B U2 R D' F2 L2 F2 U B2 U2 L2 U' L2 D' R2;2026-06-06 17:49:18;12.28
11966;10.88;;R F L' B2 D F2 R' L B' R' D F2 U B2 U' L2 U L2 F2 D';2026-06-06 17:49:42;10.88
11967;11.66;;D2 L R2 F2 D L2 R2 U F2 D F2 D' F2 D2 F' L' B F2 U' L' D';2026-06-06 17:51:09;11.66
11968;11.03;;R F D2 F2 L2 D2 R2 U2 F R2 D2 B U L D' B2 R' U2 F' U';2026-06-06 17:51:34;11.03
11969;10.68;;D B2 D2 U L2 D' U2 F2 D2 F R2 U2 F R' F D' U' L F2;2026-06-06 17:51:55;10.68
11970;9.28;;B2 U L2 B' R2 B' D2 R2 F2 U2 F' R2 F R D2 R' F R U R';2026-06-06 17:52:16;9.28
11971;10.53;;D2 B2 F2 D' R2 D' F2 U2 R2 D' R2 F2 R' B D' L' B2 U' F R2 U';2026-06-06 17:52:36;10.53
11972;9.94;;F' D2 U2 F2 D2 R' D2 L' U2 B2 R B2 L' D' U2 R F' L' D' B' F;2026-06-06 17:52:57;9.94
11973;8.55;;F' U' D2 R2 L' F' B' D B2 R2 U2 B U2 F U2 R2 B U2 B2 L2 R';2026-06-06 17:53:48;8.55
11974;13.35;;L' D' R' D' F U' L2 B L' F2 R2 L2 U B2 D L2 U2 R2 D';2026-06-06 17:54:06;13.35
11975;9.12;;L' B' U2 R2 U B L U R2 U R2 U B2 D' F2 R2 F2 B2 D B R';2026-06-06 17:54:29;9.12
11976;10.67;;B' U' L2 B2 U R2 U L2 D U2 F2 R2 U L F D2 L2 D' B2 U' F';2026-06-06 17:54:48;10.67
11977;13.29;;U R2 U' F2 R2 U' L2 R2 D' B2 R' F L' D L U R B2 U2;2026-06-06 17:55:11;13.29
11978;10.87;;F2 R2 D' R2 D' R2 F2 R2 D L2 D B' R' D2 L2 B' D F2 D2 L2 B;2026-06-06 17:55:32;10.87
11979;9.34;;U' L2 F2 L2 B2 D' U2 B2 U' L2 R2 B R F2 L F' U2 F R2;2026-06-06 17:55:54;9.34
11980;9.57;;D' B R F L2 F' D2 L2 R2 F' L2 D2 R2 F' D R F L U' R2 B';2026-06-06 17:56:15;9.57
11981;11.17;;F2 R2 B2 L2 D' L2 D R2 U' L2 U' L U' L D R' B' F' D' L' B';2026-06-06 17:56:36;11.17
11982;10.88;;U2 R' F2 D2 L2 F D2 L2 B D2 B F2 L2 D' L' B R2 U' R B D2;2026-06-06 17:57:03;10.88
11983;11.92;;L' D2 B' L' F2 U L' F D L D2 L' F2 R D2 F2 D2 F2 L F2;2026-06-06 17:57:24;11.92
11984;11.38;;L B' D2 R' F B' D' B L D2 F2 B2 R2 D' R2 F2 U R2 D2 L2 B2;2026-06-06 17:57:58;11.38
11985;9.36;;R' U2 F2 D B' L U' B U D2 L2 B2 D' L2 F2 U2 D F2 B2 R2;2026-06-06 17:58:20;9.36
11986;7.95;;D F U2 B L2 F R2 D2 R2 F' L2 U2 R D R2 D L' B2 U;2026-06-06 17:58:37;7.95
11987;8.38;;L' D R B' U B' D F2 L2 F' R2 F' U2 L2 F D2 R2 F2 L' B;2026-06-06 17:58:54;8.38
11988;9.43;;F U2 L2 U' B2 D2 B2 L2 F2 U' B2 U' B R' B' R F' D' R B F2;2026-06-06 17:59:14;9.43
11989;10.39;;B2 D2 R2 D2 R2 F2 L2 F' U2 F2 U' B' R F L' D U F L' R';2026-06-06 17:59:34;10.39
11990;9.09;;B2 L2 F2 D' U' L2 D R2 B2 D F2 B' L R F R' U' F D B2 L';2026-06-06 17:59:53;9.09
11991;11.57;;F2 D L2 U2 R2 D U2 L2 U B2 L2 F' D2 U L F2 R D' L U;2026-06-06 18:00:10;11.57
11992;8.76;;U L2 U' R2 D2 R2 F2 D L2 U2 F' L2 D F' L F R D F' R;2026-06-06 18:00:31;8.76
11993;10.53;;F2 R D2 L2 B2 R' B2 R2 U2 R2 F' L D2 F' U' R B' L R;2026-06-06 18:00:49;10.53
11994;10.89;;D' R2 U' L2 F2 R B U L' U2 F' U2 F U2 L2 F' D2 F' L2 B2 U2;2026-06-06 18:01:11;10.89
11995;14.50;;U2 B2 R U2 D B' U2 R' F U' R2 B2 R2 L2 U' R2 F2 D2 R2 F2;2026-06-06 18:01:31;14.5
11996;9.46;;U' L2 U2 R2 D' B2 R2 U' B2 L2 R2 F L U2 F2 U2 B' D' U' L R;2026-06-06 18:02:43;9.46
11997;11.48;;L' F2 U2 B' R2 B' D2 F2 R2 U2 F' L2 U F R' D2 B' D F2 R2 U;2026-06-06 18:03:07;11.48
11998;14.24;;U2 L2 U2 B R2 D2 R2 F D2 B' R' D2 U B R' D2 U B' D' L';2026-06-06 18:03:59;14.24
11999;9.38;;U L2 B2 D' F R L' D F' B2 R U2 F2 L' U2 R D2 L2 D2 L' B2;2026-06-06 18:04:36;9.38
12000;9.91;;B' D R' U L2 D F2 R B' F2 D2 L' D2 F2 L2 B2 L' F2 B2;2026-06-06 18:05:52;9.91
12001;8.73;;U F D2 R' B2 U2 B2 L2 R' U2 L' D2 U2 B' D R2 F' R2 B D';2026-06-07 18:03:12;8.73
12002;9.80;;F2 D' L2 B2 D2 B2 R2 D' L2 U2 F2 B L' D' R D2 R D R D';2026-06-07 18:03:30;9.8
12003;9.73;;B' U2 R2 U2 R' L' B' U R U' L2 U' F2 U F2 B2 D' F2 U2 R2 F2;2026-06-07 18:03:55;9.73
12004;10.97;;U R' F2 L2 B2 L D2 B2 D2 B2 U2 R U' L2 R' D B' D' B;2026-06-07 18:05:06;10.97
12005;11.44;;U' F' D2 B' L' U2 L' B2 U L2 F D2 B L2 F2 U2 L2 U2 F L2;2026-06-07 18:06:21;11.44
12006;13.43;;R' F2 D2 R2 F2 D2 F2 L' D2 R' F2 D2 U' F R2 B' U2 L' R2 D2 U;2026-06-07 18:06:46;13.43
12007;11.70;;F2 L2 R2 D2 L2 F2 D L2 D B2 L2 U F U L' R U' B2 L' D' F;2026-06-07 18:07:15;11.7
12008;12.66;;U R2 D' F2 L2 U B2 R2 U L2 D L2 F' R B F U2 F' D B' F';2026-06-07 18:07:35;12.66
12009;10.64;;B' U' D2 L2 B2 R2 F2 U2 F' L2 F' U2 D' B D' L R2 F2 U2;2026-06-07 18:08:05;10.64
12010;8.41;;F2 D2 B2 L' F2 R F2 D2 B2 R' B2 R' U' B' U2 F' D F D2 U;2026-06-07 18:08:37;8.41
12011;10.02;;U' L2 B2 L2 B2 U2 F2 D R2 D L2 R U' F U R D2 B L F2 D';2026-06-07 18:08:54;10.02
12012;9.22;;R' F2 U2 F2 U F2 R2 U' F2 U' R' D U2 F U' B' D' R2 B2;2026-06-07 18:09:11;9.22
12013;11.21;;R2 F2 L2 U2 R2 D B2 U' R2 U' L2 R' D' R' U2 B R B D R2;2026-06-07 18:09:28;11.21
12014;8.65;;R' B2 L2 U' L2 D R2 F2 R2 U' L2 D R2 L' B R2 U R B2 U' R;2026-06-07 18:09:47;8.65
12015;11.39;;B' U R2 F2 D2 B2 U' R2 U2 B2 F2 R2 B' L F2 U' L' R' B2 F';2026-06-07 18:10:04;11.39
12016;11.12;;U2 F R2 D2 B' D2 U2 L2 D2 B U2 L' B D B' F2 D' F' R' U;2026-06-07 18:10:26;11.12
12017;8.91;;B L2 B L2 D2 B D2 F2 L2 D2 U' B L F D2 R D' F R';2026-06-07 18:10:47;8.91
12018;10.91;;L' U F' D R' L F B D B2 L2 F2 D2 L F2 R U2 R2 L D2;2026-06-07 18:11:09;10.91
12019;11.82;;B2 D U2 F2 U' R2 D' L2 D B2 L2 F' U F2 L' R' B' R B D' U';2026-06-07 18:11:45;11.82
12020;8.63;;R' U2 R2 B' D2 L2 U F2 L2 B L2 B D2 F L2 F' D2 L;2026-06-07 18:12:07;8.63
12021;9.40;;F D B' U' B U L' D' F U F2 U2 D B2 D F2 U R2 D2 B2;2026-06-07 18:12:25;9.4
12022;9.93;;F L2 U2 L2 U F2 U R2 U' L2 D R2 F' D' F' L U2 R' U F2;2026-06-07 18:12:43;9.93
12023;10.11;;R2 L' F R' B D F B' L U2 L B2 U2 R U2 F2 L' F2 R2 F2;2026-06-07 18:13:06;10.11
12024;11.07;;F' L2 D2 L2 B' R2 D2 U2 B D2 L F U L2 F2 D2 L F' U' B;2026-06-07 18:13:31;11.07
12025;10.40;;R2 F2 B' L D2 F' D2 F D U2 R' L2 B2 U2 R' U2 R' U2 B2 U2;2026-06-07 18:14:45;10.4
12026;9.26;;L F2 R2 B2 R U2 L R' U2 B2 F L2 R U' R2 F' L U' B';2026-06-07 18:15:11;9.26
12027;8.30;;L2 U F2 U2 L B2 R2 F U' B2 L2 B2 D2 L2 B U2 D2 F L2 B U2;2026-06-07 18:15:32;8.3
12028;9.75;;R2 L D' F2 B L F' L' U L D2 F2 U2 D R2 D2 F2 R2 F2 R2 B2;2026-06-07 18:15:48;9.75
12029;8.80;;D R2 B U' D R D' B D L2 F2 U B2 R2 D R2 D' L2 F2 D;2026-06-07 18:16:07;8.8
12030;11.28;;F2 U F2 R2 B2 L2 R2 D B' R2 F' R F2 R' F2 U B2 F;2026-06-07 18:16:24;11.28
12031;8.80;;D' B' U L D F' U R2 F D2 R D2 L F2 D2 B2 U2 L' D2;2026-06-07 18:18:41;8.8
12032;11.36;;U' B L2 U2 B' U2 L2 D2 U2 B2 U2 D B2 U' L R' U' R B;2026-06-07 18:18:58;11.36
12033;9.38;;L B' F2 U2 B2 L2 D' B2 F2 D' F2 D' F2 B L D' U2 B' L D2 L2;2026-06-07 18:19:28;9.38
12034;10.38;;U' L2 F2 D' L2 F2 D L2 F2 U B2 F' L R2 F' R2 D' B' U B' L';2026-06-07 18:19:46;10.38
12035;8.78;;F U2 F2 U2 B2 L2 R' B2 D2 R2 D2 R U B' R F L' D' L' D U';2026-06-07 18:20:29;8.78
12036;8.97;;L' B U2 F2 U' B U R' B2 R2 F2 U2 R2 L2 F2 R U2 L B D;2026-06-07 18:20:49;8.97
12037;11.86;;L U2 D R B R' B F2 L B2 L' B2 U2 F2 L2 U2 R' D' L';2026-06-07 18:21:05;11.86
12038;10.79;;U L' R2 D2 R2 F L2 B' L2 R2 B2 L2 R2 U' R' F' D' U2 B L';2026-06-07 18:21:35;10.79
12039;9.45;;U' R' F2 R' B2 R B2 L2 F2 D2 F2 B D2 R' U L U' L F2;2026-06-07 18:21:55;9.45
12040;8.96;;D2 L U' F U2 L2 D2 F' R2 B2 F2 R' U B F2 L2 U2 B';2026-06-07 18:22:30;8.96
12041;9.86;;B2 U2 L' R2 B2 L2 U' F2 L2 D B2 L2 R2 F U' R' B' D R F;2026-06-07 18:22:50;9.86
12042;10.75;;B D2 U2 B D2 L2 F D2 B U2 R' B' U F2 R' D2 L' D B' L';2026-06-07 18:23:14;10.75
12043;11.50;;B' D' R2 U2 L2 D2 F2 D L' D2 R2 B2 L2 F L2 F' U2 B D2;2026-06-07 18:23:33;11.5
12044;9.70;;D2 F2 L2 B L2 F' L D L U2 L' B2 D2 R2 U2 D2 F2 U2 R' D';2026-06-07 18:23:55;9.7
12045;7.73;;B' F2 D2 F2 R B2 R' U2 R2 D2 R' U B U' L U2 R' D U2;2026-06-07 18:24:15;7.73
12046;12.02;;L2 D2 R2 F U2 R2 F2 U2 B' D2 F2 U' B' F U2 R' D2 U R' B2;2026-06-07 18:24:34;12.02
12047;9.30;;U2 F' L2 D2 B2 U2 B2 L2 U2 F U2 F R' U L2 F' L D' R' U R';2026-06-07 18:25:22;9.3
12048;9.76;;B2 U2 F' R2 F2 U2 B' L2 R2 F U2 L' D2 U R' F R2 D L B';2026-06-07 18:25:39;9.76
12049;9.53;;D2 F2 R' F2 D2 L2 D2 L2 B2 U F D2 L2 D' B U R U';2026-06-07 18:25:58;9.53
12050;8.30;;R2 D F' L2 F2 L2 R2 U F2 U' R2 D' L2 D2 R' B D R2 D L' F';2026-06-07 18:26:18;8.3
12051;9.71;;B' L2 U' L2 U B2 U F2 R2 U F D2 R F2 U L' B' U' R;2026-06-07 19:01:29;9.71
12052;8.63;;D F' U2 L2 B' R2 U2 B2 L2 D2 F R2 U F' R' D' L D2 L2 F U2;2026-06-07 19:01:47;8.63
12053;8.65;;D2 L F B D2 L' U' D' L' D2 B2 U2 B2 D R2 F2 U';2026-06-07 19:02:03;8.65
12054;10.54;;D' B2 F2 L2 U L2 U' B2 U R2 U2 L2 B R' F D F L' D R D2;2026-06-07 19:02:21;10.54
12055;8.97;;D2 R2 F2 U' B2 R2 B2 D R2 U' F U' L' F L2 B2 L B' D' R';2026-06-08 02:40:37;8.97
12056;8.61;;F2 L2 F2 L2 U' B2 D B2 U2 L2 D' U2 L' R2 B F L' D L2 U B';2026-06-08 02:41:12;8.61
12057;9.83;;R2 U2 R2 B F L2 B' D2 B2 D2 F' R2 L D B L' F R2 D2 L' D';2026-06-08 02:41:34;9.83
12058;10.40;;L2 F L2 B2 U2 R2 U2 F D2 B L2 F' R' D L2 R2 B' D B' F;2026-06-08 02:41:53;10.4
12059;10.63;;B U L2 U B2 R2 U F2 U B2 R2 D R' B D2 F R2 B R' B';2026-06-08 02:42:12;10.63
12060;10.58;;R2 F2 R' D2 U2 B2 D2 U2 L F2 U' F' D B' U B' R U2 L2 R2;2026-06-08 02:42:32;10.58
12061;11.01;;R2 F2 R U2 B2 U2 L2 D2 U2 R' D2 F L' F' D' B' F U' R D B2;2026-06-08 02:43:02;11.01
12062;13.10;;U' R' F' L2 B L2 D2 L2 B2 F' U2 B D F2 R' F U' R B';2026-06-08 02:43:23;13.1
12063;10.55;;B2 R' B2 D2 B2 F2 R' D2 L' R' F2 B' D' L2 F' L B2 D U2 R;2026-06-08 02:43:49;10.55
12064;10.66;;F L' D2 R' B2 U2 B2 D2 R' U2 L2 F' L' D2 L' F2 U' F2 D2;2026-06-08 02:44:11;10.66
12065;9.96;;L2 D' F L' B' U2 L' B2 D F2 D2 B2 D' L2 D' R2 B2 U' B L2;2026-06-08 02:44:29;9.96
12066;14.34;;L' D R2 D F2 D' U' F2 U' F2 R' B U L B2 R' U' F2;2026-06-08 02:44:51;14.34
12067;9.91;;L D' B2 L2 D B2 D F2 D2 R2 U' L2 F D' L' F2 D B' D' F';2026-06-08 02:45:15;9.91
12068;9.91;;F2 D R2 D' U' B2 L2 U L2 R2 U' L' B2 F L' B L' R U B' D;2026-06-08 02:45:34;9.91
12069;11.13;;U R2 D B2 F2 D B2 F2 U' L2 U L D R2 B U' F' R D F L';2026-06-08 02:45:55;11.13
12070;8.51;;R' D L2 U2 R2 U2 B D2 U2 B U2 F L' D F' R2 B U F';2026-06-08 02:46:17;8.51
12071;7.82;;L F' D2 L2 D' L2 F2 D B2 D' B2 U' B U F' L D L2 B';2026-06-08 02:46:36;7.82
12072;9.83;;L F U2 F2 R2 F2 R2 F L2 U2 L2 U2 R2 U' F2 R F' L' U2 F' R';2026-06-08 02:46:53;9.83
12073;8.78;;U' R' L D B U' D' B' L' R2 D2 F B R2 F' L2 U2 F' R2;2026-06-08 02:47:12;8.78
12074;12.38;;L D R2 F D' R' F L' D2 B D2 B2 U2 D2 R2 F R2 F' D';2026-06-08 02:47:30;12.38
12075;11.10;;D F2 R2 U2 F D2 B' R2 U2 R2 F U2 D' R U L' D B' R' D' U2;2026-06-08 02:47:51;11.1
12076;9.34;;D2 R2 F2 D' B2 R2 F2 D2 B2 D' R2 F R' U' L F' D' R' D F2 D;2026-06-08 02:48:10;9.34
12077;10.78;;U2 L2 F2 R2 U2 F U2 F L2 F2 L2 R' D' U' L D B' D2 L' D' F';2026-06-08 02:48:30;10.78
12078;8.16;;L D' F2 L2 F2 D2 B2 U' L2 U' B2 U' B2 F U' B' R' U2 L' D2 U2;2026-06-08 02:48:50;8.16
12079;9.20;;B' L' F D F' L2 F' L B2 L2 F2 U F2 B2 U2 F2 D' L;2026-06-08 02:49:11;9.2
12080;8.40;;B2 L2 F' U F2 D2 B D' R' F' R2 U2 D2 F2 R2 F' L2 U2 R2;2026-06-08 02:49:28;8.4
12081;7.83;;B2 D B2 U R2 D R2 U2 F2 U' B2 R2 L' F' D' B2 L R2 U B D';2026-06-08 02:49:47;7.83
12082;15.02;;B2 R U2 F2 L' D2 L2 B2 L2 F2 L U' L' R2 D F D2 R' F' D2;2026-06-08 02:50:11;15.02
12083;9.72;;F' U' F L' U L' B' D' F L2 D' L2 U2 F2 U' L2 F2 R2 L2;2026-06-08 02:50:40;9.72
12084;8.72;;R D' F B' L' D' L2 F2 U' B L2 U2 B L2 F R2 L2 D2 B' U2 D';2026-06-08 02:51:00;8.72
12085;9.87;;U B2 F2 U L2 F2 D L2 B2 D2 L D' L D' F U2 L F2 U L;2026-06-08 02:51:18;9.87
12086;11.40;;R D F' D B' L' U' F B' U' F2 U L2 F2 U' B2 U2 L2 F2 U F2;2026-06-08 02:51:53;11.4
12087;8.60;;R2 F2 R2 D R2 U' B2 U' L2 U' B2 L2 R U' B F R U L2 D' F2;2026-06-08 02:52:15;8.6
12088;9.45;;F R2 F2 L' F R L2 F' U2 F2 U' L2 D2 F2 R2 U' B2 R2 D;2026-06-08 02:52:36;9.45
12089;11.00;;R2 U F' D2 B2 D' L' U' F' D2 B2 L2 F' R2 F' R2 L2 B D';2026-06-08 02:52:55;11.0
12090;8.23;;U2 B2 U R D' F U L U L2 B' U2 F' L2 F L2 B D2 R2 U2;2026-06-08 02:53:17;8.23
12091;8.24;;B' U F2 R B2 U2 L' U2 R D2 U2 R F2 R2 U F' U' R2 B D L';2026-06-08 02:53:44;8.24
12092;9.60;;L2 B L2 U2 B' F D2 U2 F' L R B' D' L' R U L' R2 D2;2026-06-08 02:54:07;9.6
12093;11.05;;R2 B2 L2 B2 D2 L2 U' B2 D' U2 B U2 L' U' L R2 F2 L' F2 U';2026-06-08 02:54:27;11.05
12094;14.28;;D2 R2 U' L2 D' B2 U2 B2 F2 R2 F' R F2 U R2 D' L' U L2;2026-06-08 02:54:46;14.28
12095;7.40;;B2 D' F2 U R2 D' R2 D' B2 R2 B2 F L2 R2 D' U2 B D L' R;2026-06-08 02:55:25;7.4
12096;6.83;;F2 L' F2 U2 F' B2 R F2 U' F2 L2 U2 B2 U' F2 D' B2 U2 F2 L;2026-06-08 02:55:46;6.83
12097;9.54;;R D L2 D2 F2 L U' B R2 U B2 R2 D R2 D L2 D' L2 D;2026-06-08 02:57:05;9.54
12098;11.99;;B R' U2 L2 F' D2 F2 R2 U2 F D2 U2 L2 F2 U' B2 F D' F2 D2 R';2026-06-08 02:57:26;11.99
12099;9.28;;F2 D B L2 R2 B2 D L2 F2 U' B2 L2 U2 B L B F L' D;2026-06-08 02:57:48;9.28
12100;9.61;;F R2 F D2 F2 R2 B' L2 F' U2 F2 U F2 R' D2 U L U R U';2026-06-08 02:58:06;9.61
12101;8.74;;B L D2 F' B D F2 D B' U2 L U2 R B2 U2 R B2 U2 L D2;2026-06-08 02:59:13;8.74
12102;10.65;;R2 B' U2 F' R2 B2 R2 F2 R2 D2 R2 L U2 B' R' D' B' R U' B2 D;2026-06-08 02:59:31;10.65
12103;10.16;;R B U2 B2 L2 B' U2 F D2 F' D2 R2 B D' F' R2 B' D' L R;2026-06-08 02:59:51;10.16
12104;9.77;;L2 U' F U D2 R2 D L F U B2 R2 F2 D R2 U' F2 D' B2 D2 F2;2026-06-08 03:00:30;9.77
12105;10.54;;L' F' L2 B2 U2 R2 B2 R2 F2 R D2 U2 F' D2 R2 D' L D' U2;2026-06-08 03:01:03;10.54
12106;10.16;;R F' L2 F2 D2 L2 B' R2 F' U2 F' U2 F D B' R' D' F2 U L' R;2026-06-08 03:01:23;10.16
12107;10.91;;B L2 D2 B2 F2 L2 R2 D L2 F2 U F D F' R F2 L R' U';2026-06-08 03:01:47;10.91
12108;10.96;;F2 R B' F2 L2 U' B2 R2 U2 L2 U' F2 U F' D2 L B2 D F' R;2026-06-08 03:02:05;10.96
12109;9.15;;B2 R2 F2 D R2 U R2 U2 B2 D2 R2 F2 R B L U2 R U2 B U';2026-06-08 03:02:27;9.15
12110;9.39;;F L2 F R2 B D2 L2 R2 F' L2 U2 B2 L' B' L F' R2 U2 L D' U;2026-06-08 03:02:46;9.39
12111;11.81;;U' B D R' F B2 U F D2 F R2 F R2 D2 R2 B' L2 D2 U R2;2026-06-08 03:03:05;11.81
12112;9.80;;F' D2 R2 B' R2 U2 B2 D2 B2 F' D2 U B D B D L' R F' L';2026-06-08 03:03:27;9.8
12113;12.61;;U D R L B R' U' B U' B2 D2 B2 D' R2 F2 D' L2 B2 U2 L2 F;2026-06-08 03:03:47;12.61
12114;9.82;;F2 R2 U2 B' D2 R2 B L2 F' L2 U2 L R F D R' B' D' L R2;2026-06-08 03:04:45;9.82
12115;9.15;;R L F U' L B L' F' D' B2 R U2 L2 U2 F2 D2 F2 U2 R' F2 R';2026-06-08 03:05:06;9.15
12116;10.67;;D B D2 R2 B' L2 F L2 D2 R2 B2 R2 F' U F' R' D2 L U;2026-06-08 03:05:27;10.67
12117;9.94;;F' L2 U' R2 U2 R2 B2 U' B2 R2 F2 D B L' U2 F2 U' B D2 F2 U2;2026-06-08 03:05:49;9.94
12118;8.94;;B2 U' R2 D2 U B2 U F2 L2 U' F2 B' D R2 D R2 F R' B';2026-06-08 03:06:10;8.94
12119;16.69;;U' B2 L2 F2 U' L2 U2 F2 L2 D B2 U R U2 R2 F R' F L U;2026-06-08 03:06:31;16.69
12120;9.92;;L2 R2 U F2 U L2 R2 D' R2 D R F U B L2 F2 D2 L' U R';2026-06-08 03:06:59;9.92
12121;8.27;;B2 D L2 U2 L2 U' F2 L2 U' L2 R2 D F' D F2 D R B' L2 U2 L2;2026-06-08 22:22:02;8.27
12122;12.17;;F' U' R2 U F2 U2 F2 R2 F2 D U' L B D U' L U' F L' B';2026-06-08 22:22:17;12.17
12123;9.85;;B2 R' F' U2 F R2 U L D F U2 B2 D2 L2 F U2 D2 F' B' D2 R';2026-06-08 22:22:39;9.85
12124;7.96;;B' U2 L R U2 R D2 R' D2 F2 R' U2 F L' D' L B' D2 R' B;2026-06-08 22:22:59;7.96
12125;11.35;;R2 B2 R2 D2 R2 U2 F2 D2 F' L2 F D' F2 U' B' F U R D' B2;2026-06-08 22:23:17;11.35
12126;10.17;;U D2 F L2 R2 B2 F' D2 B' L2 D2 R' B2 L' F' L' B' D B2 D';2026-06-08 22:23:45;10.17
12127;8.02;;L' D2 F2 U F2 U' B2 D' B2 R2 U' F D2 U' B' F' D2 R' D L;2026-06-08 22:24:58;8.02
12128;9.47;;L2 D2 F B R B2 U' L' F' L2 F2 U2 B2 D' R2 D' L2 U' R2 D2;2026-06-08 22:25:22;9.47
12129;9.36;;R' B2 D R2 B2 U R2 U' L2 D R B2 R F U B2 F L;2026-06-08 22:25:41;9.36
12130;11.12;;L F L2 R2 B' D2 L2 F R2 U2 R2 B R2 U' B D2 L D' F U B2;2026-06-08 22:26:02;11.12
12131;8.94;;B U' R2 F2 U' F2 R2 D F2 D' U R' B' D' B D L' U' F L2;2026-06-08 22:26:25;8.94
12132;10.37;;F' B2 U' R' B R2 F2 U L2 D2 F2 U2 F U2 B R2 B D2 R2 L2 D';2026-06-08 22:26:45;10.37
12133;10.73;;L' D2 L' F' R' L' B' U D B2 L2 D2 L2 U' F2 B2 L2 D' B D;2026-06-08 22:27:26;10.73
12134;11.38;;B' L2 F' R2 F' U2 B2 R2 D2 R2 F' L B F D' L F' U R' F;2026-06-08 22:27:45;11.38
12135;9.81;;D2 R' D2 R2 U' F2 D R2 U' L2 B2 L2 D B' D' U2 F' L2 B2 L' R;2026-06-08 22:28:10;9.81
12136;8.72;;D R' L2 B' L2 D L U F' R D2 B2 L U2 R' U2 B2 R2 D2 B2;2026-06-08 22:28:28;8.72
12137;10.37;;L2 F2 L2 F2 R D2 R' U2 R2 B' L R' B F D B2 U' B' U2;2026-06-08 22:28:52;10.37
12138;11.82;;U2 R2 B' R F U' B F2 U2 R' U2 B2 L' D2 L F2 R' D2 R U R';2026-06-08 22:29:14;11.82
12139;11.67;;D2 B2 D' B2 D B2 F2 D R2 B2 U' L2 R' F D U' B' L U2 B D';2026-06-08 22:29:36;11.67
12140;11.43;;U L2 R2 F2 L2 D' L2 U2 F2 U' B U' L2 B' F2 L R' D F' L';2026-06-08 22:29:54;11.43
12141;9.65;;F2 D2 R2 B2 L2 F2 U B2 U' R2 U L' B' F' D U' R2 F U' R2;2026-06-08 22:30:20;9.65
12142;12.10;;F2 U2 B2 U' L2 B2 U' R2 U' F R' F U2 B' L' D2 R' U' F';2026-06-08 22:30:37;12.1
12143;11.05;;B L' D B2 U B2 R2 B2 F2 R2 U2 B2 U B' U' R B' L2 F' R D;2026-06-08 22:31:05;11.05
12144;8.91;;F R' L' F2 B' R' D F' U' F2 D2 R U2 L D2 L2 B2 L F2 U2 R2;2026-06-08 22:31:24;8.91
12145;9.26;;B2 U' B2 D L2 R2 D2 R2 B2 D' R2 F' L' D2 B' L2 R' U2 F' D';2026-06-08 22:31:42;9.26
12146;10.76;;L' B' L B2 R D F' D2 B2 U2 L U2 L B2 L D2 F2 D2 R' U F;2026-06-08 22:32:03;10.76
12147;9.76;;L2 F2 D F2 U' F2 D2 L2 R2 B2 R2 U' B D R2 B R' F D' L2 U';2026-06-08 22:32:26;9.76
12148;9.88;;U2 B' D2 R' U2 R F2 U2 R U2 L B2 R' B2 F L2 U F' D2 U' L;2026-06-08 22:32:45;9.88
12149;12.24;;D2 R2 U2 B F L2 B R2 U2 L2 B2 D B' U R F' D2 L D' B2 D2;2026-06-08 22:33:05;12.24
12150;8.85;;B2 U' D B L' F R' L2 U' D2 R' F2 D2 B2 U2 L D2 R' F2 L';2026-06-08 22:33:37;8.85
12151;9.91;;R2 D B2 D' L2 U' B2 L2 D U2 L B' L2 U L R U' F D R2;2026-06-10 04:23:26;9.91
12152;9.82;;U2 L U2 B2 U2 F2 R2 D2 L2 B' R2 F L2 F2 L' F D' B2 D B' L2;2026-06-10 04:23:44;9.82
12153;8.95;;D' B' L2 B2 R2 B D2 B2 L2 U2 L2 F U R' F2 L B' U' L B';2026-06-10 04:24:20;8.95
12154;10.45;;F2 L U2 B2 R' U2 B2 R F2 L2 B2 D B2 L F' D R2 D F U2;2026-06-10 04:24:38;10.45
12155;9.80;;R2 D L B2 D2 U2 L D2 U2 F2 D2 L R F U2 R2 U' B2 R' B';2026-06-10 04:24:58;9.8
12156;10.08;;L2 F2 D2 B L2 F R2 U2 L2 B' R2 U2 R B2 F U L' U R2 B' L';2026-06-10 04:25:18;10.08
12157;8.98;;L2 U2 R U2 B2 F2 R' U2 F2 R' U' B2 R B D2 F' L2 D R';2026-06-10 04:25:36;8.98
12158;9.82;;R B2 R F2 L' B2 D2 U2 R U2 R' B' R' B2 U B F2 U2 F2 L2;2026-06-10 04:25:55;9.82
12159;11.70;;B D' L' U2 D' F2 L F R2 F' R2 F2 U2 R2 U2 R2 B U' B;2026-06-10 04:26:14;11.7
12160;7.66;;U2 B2 F2 L2 D' L2 U F2 L2 F2 R2 D' R B' D2 U' L F D' U2 L';2026-06-10 04:26:35;7.66
12161;16.35;;B2 D' L2 F2 U2 L2 D2 U' R2 F' R B' F' U2 B2 U' L2 D2;2026-06-10 04:26:51;16.35
12162;9.31;;R2 U2 L B' L D2 B' R' F2 U' L2 D' B2 U B2 D2 R2 U F2 U2 F;2026-06-10 04:27:17;9.31
12163;11.88;;D L2 D B2 U F2 D R2 U' R2 D2 B' R B F2 R' U F' D U2;2026-06-10 04:27:34;11.88
12164;9.97;;U' F D2 L F' L U' R' B' F2 L2 B2 D2 B2 U' F2 D F2 U' F2;2026-06-10 04:27:55;9.97
12165;11.14;;D2 L2 U F2 D F2 L2 R2 F2 D R U R' B D R U' L' U' R';2026-06-10 04:28:13;11.14
12166;8.52;;L U2 R2 D R2 U B2 D2 F2 R2 U F2 U' B' L D' B' U' R D L';2026-06-10 04:28:33;8.52
12167;8.72;;U2 R2 B D R B U D2 R2 D2 B D2 B' R2 F' R2 F2 U2 D' L2;2026-06-10 04:28:49;8.72
12168;10.75;;F R B' L2 B2 R2 U2 R2 D2 R2 F L2 F' R' U2 B' L' F2 D' U;2026-06-10 04:29:07;10.75
12169;8.04;;F R D' R2 U F2 U' F2 U' F2 U' L2 F' U' L' U' B' R F R';2026-06-10 04:29:25;8.04
12170;9.31;;F2 D F2 R2 U B2 U F2 D2 R2 D' B2 L B R' U' R' U B2 L2;2026-06-10 04:29:42;9.31
12171;9.15;;L2 D' L2 F' D2 F U2 R2 B U2 R2 F' R2 B U' L R B F R D2;2026-06-10 04:30:03;9.15
12172;7.92;;R' U F L D' R2 U' F' L F2 R2 L2 D2 R' B2 L U2 F2 D;2026-06-10 04:30:21;7.92
12173;10.38;;U2 L' D' U' L2 R2 F2 U R2 B2 R2 B2 D' B' D' U F' R' D B' F2;2026-06-10 04:30:36;10.38
12174;13.10;;B' L' R2 F2 L2 U2 F D2 L2 D2 F2 U2 B' R2 L' U' B' L2 B F U;2026-06-10 04:31:01;13.1
12175;9.89;;R B2 U' R2 F2 D' B2 R2 U2 B2 U' L2 F2 L B2 D B2 F' D' U2 B';2026-06-10 04:31:24;9.89
12176;9.11;;B2 R2 U' F2 U2 R2 B2 U L2 U L D R F' L' F' D2 B' D' B';2026-06-10 04:31:46;9.11
12177;11.60;;R2 F' L2 B L2 F R2 F' U2 B' R2 U R2 D' B R B' F2 L2 U2;2026-06-10 04:32:05;11.6
12178;10.30;;F L' D L2 D' B2 D R2 U B2 L2 B2 L2 D2 L F R2 F' U R2 F2;2026-06-10 04:32:25;10.3
12179;9.43;;D B2 R' F2 D2 B2 D2 R B2 D2 L2 D2 U' F2 R2 B F' D B2 F';2026-06-10 04:32:44;9.43
12180;9.09;;R2 D R2 D F2 L2 D B2 U' F2 U2 B L F L D' F L2 D R2;2026-06-10 04:33:04;9.09
12181;9.30;;R' D2 B U2 F' L2 U2 B' F2 L2 U2 R' B' L' D R2 U2 F' R';2026-06-15 23:20:37;9.3
12182;12.73;;L2 U2 R F' L2 D B U' B2 R B2 R F2 R' B2 R L F2 D2 F';2026-06-15 23:21:00;12.73
12183;10.08;;F L2 U2 B D2 B D2 B L2 B2 D L' F U L2 R D2 L2 R2;2026-06-15 23:21:25;10.08
12184;11.42;;R2 B' R2 B' R2 F U2 B2 R2 B' R2 F2 D' F U' B' U2 L' B R';2026-06-15 23:21:45;11.42
12185;10.21;;B2 D R2 B2 R2 U' R2 U' F2 U B2 R' B R F L U' L D2 L2;2026-06-15 23:23:04;10.21
12186;9.01;;D2 F U2 F R2 B D2 R2 D2 F2 D2 B U' R' D L U F' U2 R B;2026-06-15 23:23:24;9.01
12187;13.75;;B U' L' U2 L' U2 L' D2 L2 B2 F2 D2 R' B' D2 B' L2 D B L';2026-06-15 23:23:45;13.75
12188;10.74;;U2 F2 R2 U' B2 F2 D' F2 D L2 D R2 F' U B2 D' F2 U' L' D' L2;2026-06-15 23:24:14;10.74
12189;10.63;;D' B L2 F L B' R F U R2 D2 L2 B' L2 F' D2 B2 R2 L2 U2 R2;2026-06-15 23:24:36;10.63
12190;12.22;;B2 U B' R B L' U' F U2 F2 B2 L' U2 F2 B2 R D2 F2 U2 D';2026-06-15 23:24:56;12.22
12191;14.98;;D2 F B' D L' B' D F R B2 U2 B2 L' F2 B2 R' D2 R U2 B2;2026-06-15 23:25:19;14.98
12192;11.22;;R B2 U D L' F' U D2 L F2 U2 R' B2 U2 D2 L D2 B2 D R2;2026-06-15 23:25:52;11.22
12193;10.88;;L' D2 L2 F2 U' R2 U' L2 R2 B2 R2 U' F L' D B L' B L2 D B';2026-06-15 23:26:12;10.88
12194;9.57;;D F' L2 D2 F2 L' F2 D2 L D2 L' B2 L' U2 D L' F R' D' U' B;2026-06-15 23:26:34;9.57
12195;8.30;;R U2 B2 L' B2 L2 U2 F2 R F2 R' F D' B D2 R' D' L' D' F;2026-06-15 23:26:59;8.3
12196;10.11;;B' U F U2 L F' U' D' F2 D L2 U2 L2 F2 R2 L' F;2026-06-15 23:27:42;10.11
12197;12.01;;B2 D' B2 D' F2 L2 D' F2 D L2 B D B2 R B L U' F' D' F2;2026-06-15 23:28:00;12.01
12198;9.00;;B2 U2 R2 F R2 B D2 F' U2 B L2 F2 R B2 U' R B' L2 D' R;2026-06-15 23:28:20;9.0
12199;14.11;;F2 R2 U R2 B2 U2 R2 D B2 U2 L' D2 L2 R B R2 B2 D' U2 R;2026-06-15 23:28:37;14.11
12200;10.12;;L' D2 F U2 B L2 D2 L2 D2 B D2 B2 U F' R' D' B L2 D2 L D2;2026-06-15 23:29:00;10.12
12201;8.60;;U2 R D' R' D L2 F' U2 F2 D' B2 U B2 U L2 U' R2 D F2;2026-06-15 23:29:30;8.6
12202;9.14;;U R2 D2 R2 B2 D' B2 L2 F2 R2 U F' L U' B F2 L' F R D';2026-06-15 23:29:47;9.14
12203;10.18;;L2 D' L2 B2 U F2 R2 U R2 U' B2 U2 B' D' B L D2 F' L D2 R';2026-06-15 23:30:06;10.18
12204;9.26;;F U' D L D2 L' D B R2 D2 B' R2 F' L2 B U2 B D2 R2;2026-06-15 23:30:25;9.26
12205;10.48;;L' D' F R2 U D' R' D' F L2 B2 L2 U B2 D L2 U D B2 U' F2;2026-06-15 23:34:00;10.48
12206;8.26;;U2 F L F2 D' F R' F R2 U2 F2 L' U2 R' L B2 U2 F2 B2 U';2026-06-15 23:34:20;8.26
12207;10.30;;B D R' F R2 F' D' U2 L' F2 R U2 D2 L B2 R D2 F2 L2 U' L2;2026-06-15 23:34:43;10.3
12208;10.57;;L2 B' D' R' U L2 D F2 L2 D2 F2 L D2 R U2 L B2 U2 B2 F R2;2026-06-15 23:35:04;10.57
12209;13.47;;F' R' D2 U2 L2 F' R2 U2 B D2 F U2 F D R U' L2 F' R2 F;2026-06-15 23:35:40;13.47
12210;9.60;;U' L' D B2 R2 D' R2 D' F2 R2 B2 F2 U2 L D' B F R' F L;2026-06-15 23:36:04;9.6
12211;9.88;;L' B2 D' L2 R2 D U2 R2 D B2 D L2 R' D L2 B' F2 L R' B;2026-06-15 23:41:04;9.88
12212;8.59;;R' F2 U B U' D2 B F2 R2 F2 R2 U' L2 D L2 D F2 R2 B' D2;2026-06-15 23:41:25;8.59
12213;10.01;;F R' L2 F L B R L2 U' B' R2 U2 F U2 B2 U2 R2 B' R2 F U2;2026-06-15 23:41:42;10.01
12214;10.24;;R B2 U D F B2 R' B2 D F L2 B R2 F L2 B' R2 L2 B2;2026-06-15 23:42:02;10.24
12215;8.22;;U B2 L2 D B2 D F2 D2 F2 U' L2 D' B D2 F' U B2 R2 B' L D;2026-06-15 23:42:21;8.22
12216;9.95;;B2 R B' R L D' L U2 D B2 U R2 D' R2 U R2 D' F' B2;2026-06-15 23:42:41;9.95
12217;9.91;;L2 D2 R2 D' F2 D L2 F2 D' R2 F2 R' D2 R' B2 U2 B' D' B;2026-06-15 23:43:09;9.91
12218;10.65;;F2 U2 R2 F' D2 R2 U2 F2 U2 F' R' F' L R D' U' R F' D2 R2;2026-06-15 23:43:27;10.65
12219;12.29;;F' R' L' B' L' D2 B' R2 L2 D' F2 D R2 B2 L2 U' B2 D' R2 F;2026-06-15 23:43:51;12.29
12220;10.88;;B2 R2 D2 R2 B' R2 D2 B2 D2 F' L2 U' L2 R U L2 D2 R' B R';2026-06-15 23:44:12;10.88
12221;9.89;;L' U' R2 F2 R' F R2 L U' R2 L2 D2 F' R2 U2 F R2 L2 D2 L2 F2;2026-06-17 02:04:18;9.89
12222;10.86;;F2 D' B2 F2 D2 R2 U F2 D2 F2 U2 L' D2 B' L' F L D2 U' R';2026-06-17 02:04:40;10.86
12223;9.08;;U' L' D2 R2 B2 L2 B2 D L2 R2 F2 D' F2 D' F D' F' D' L U' F';2026-06-17 02:05:04;9.08
12224;8.51;;R2 D' R2 U B2 U2 R2 B2 U2 L' F U2 B2 L2 B' D2 U R' F;2026-06-17 02:05:45;8.51
12225;10.31;;L' D' U2 B2 D2 B F2 R2 U2 F D2 U2 B' F' U' F' R F' R U L2;2026-06-17 02:06:07;10.31
12226;9.29;;B2 D2 U2 R2 B' R2 U2 F' L2 F2 D2 B L' F' D L' R' B2 L' D B';2026-06-17 02:06:35;9.29
12227;10.75;;D2 R F' L' D' B' U' B2 R' U2 L2 U2 L2 F' B2 L2 F' B2 L2 U2;2026-06-17 02:06:57;10.75
12228;10.62;;L2 U' B2 L2 U2 R F2 R2 B2 L R F' D2 F D B U L R2;2026-06-17 02:07:22;10.62
12229;9.40;;L2 B2 U2 B2 L' B2 L2 D2 R' D2 F2 R' U' L' D' B' F D B D' F2;2026-06-17 02:07:47;9.4
12230;9.84;;L F' L F' B2 U' R2 D' L' F' R2 L2 B' R2 D2 F' U2 L2 B' D2 F;2026-06-17 02:08:13;9.84
12231;9.73;;B2 U2 F' L2 D B2 L' U F2 U D2 F2 L2 U2 F2 U' L2 D' F2;2026-06-17 02:23:18;9.73
12232;7.87;;F2 U' B2 D2 R D' B R2 D F2 L2 F' D2 B' D2 L2 B' R2 L2 U2;2026-06-17 02:23:41;7.87
12233;DNF(9.71);;R2 F2 U B2 D' F2 U2 B2 R2 U' B2 U' F' L' F D2 B U F' U L;2026-06-17 02:24:04;9.71
12234;9.25;;F' D B U R' U' B2 L F' D2 B2 L' D2 B2 R' F2 L' U2 L;2026-06-17 02:24:43;9.25
12235;10.39+;;L D2 L' B2 D2 R' F2 U2 L U2 F2 R2 D' U' B2 F' U' L' B' R B2;2026-06-17 02:25:04;8.39
12236;9.42;;B L B2 L2 B2 R B2 F2 D2 R B2 L F D L' R' B' F' D2 B2;2026-06-17 02:31:03;9.42
12237;10.55;;B2 F2 D L2 F2 U2 B2 U' R2 D2 R B2 F' R2 D U L2 R B2 U';2026-06-17 02:31:29;10.55
12238;10.18;;F2 R2 B2 R' U2 R' B2 U2 R F2 U2 D L B F' D F D2 F2 U';2026-06-17 02:32:26;10.18
12239;9.34;;L2 F2 B' D' R U D B U2 D' B2 D F2 B2 U2 F2 R2 U R2 F';2026-06-17 02:32:50;9.34
12240;9.77;;R D2 F D L' B2 R2 L D R' U2 F2 U2 R U2 R B2 R L' B2;2026-06-17 02:33:14;9.77
12241;8.53;;D L2 D2 L2 B2 D' L2 B2 D' U' L2 U' L D' F' L D B F' D' U2;2026-06-17 02:35:00;8.53
12242;10.86;;B D B U2 L2 F2 L2 B L2 R2 U2 F' R2 B U B' L F R2 B2;2026-06-17 02:35:22;10.86
12243;10.36;;R2 B L' U R2 U' F' D' B' U2 R2 U F2 R2 L2 D' L2 F2 D' R2;2026-06-17 02:35:44;10.36
12244;10.91;;B' U R2 U F2 R2 D B2 U L2 D2 B2 F2 R' F' L U R' D' F L';2026-06-17 02:36:11;10.91
12245;9.35;;B R B L2 F2 L' F2 D2 R' U2 B2 L F2 D' L U2 L U' B F;2026-06-17 02:36:39;9.35
12246;8.82;;U L2 D2 R L F' L' B D2 F' R2 D2 L2 B U2 D2 B D R2;2026-06-17 02:45:25;8.82
12247;8.68;;D2 R B' L F2 D2 F' U' B' U2 F' U2 F2 L2 F R2 D2 B2 D2 R2;2026-06-17 02:45:49;8.68
12248;10.35;;U' B R L2 B' D2 F' L' R2 U2 R2 D' R2 B2 U' R2 L2 B2 L2 F';2026-06-17 02:46:15;10.35
12249;9.06;;F D R2 D2 L2 R2 F2 D2 B D2 U2 F' L D' F2 L U F L';2026-06-17 02:46:38;9.06
12250;8.26;;F' U2 B D2 L2 B2 U2 R2 F U L R' D2 F2 L D2 B' U';2026-06-17 02:46:59;8.26
12251;8.48;;R D2 B U2 B' D2 U2 R2 B L2 R2 D2 U B D F L' U2 R' U;2026-06-17 02:48:17;8.48
12252;9.80;;L2 D U2 L2 U2 L R' D2 F2 R B2 R F2 B U B' D' F L R B2;2026-06-17 02:48:36;9.8
12253;14.71;;U2 L2 R2 B' L2 B2 U2 F L2 F2 U2 F R D B L B2 U' B2 L;2026-06-17 02:48:56;14.71
12254;12.03;;F2 D2 F2 R2 B2 U2 L2 D2 L' U2 B L' D R B2 U2 B' D' B2;2026-06-17 02:49:27;12.03
12255;8.84;;R2 U' F2 L2 U' R F U' R2 F2 D' L2 B2 D' B2 U' L2 F' L;2026-06-17 02:50:17;8.84
12256;11.52;;B2 R' B R2 D2 F R2 F2 D2 L2 D2 F D' L R B F L R2 U;2026-06-17 02:50:41;11.52
12257;12.02;;R B' U2 R' B2 R2 U2 F2 L B2 R D2 B2 F' L2 D' U F R' F2;2026-06-17 02:51:10;12.02
12258;7.86;;L' R2 U2 F D2 R2 B U2 B2 L2 R2 B' U' R' B2 R' U B D F2;2026-06-17 02:51:46;7.86
12259;10.72;;F R2 U2 F' U2 L2 B2 R2 F' R2 U2 D' F D U2 L F' L' R B L2;2026-06-17 02:52:03;10.72
12260;11.72;;F2 R2 D2 U L2 B2 F2 D U' F' R D' B2 L' F U F' D2 R;2026-06-17 02:52:25;11.72
12261;9.23;;L U2 B2 L U2 R D2 L' D2 B2 L' B L2 F U' R' B' D2 B L D;2026-06-17 02:54:26;9.23
12262;11.96;;L' F' R2 U2 B' F2 R2 F L2 D2 B U' B2 F' R' D F2 R U;2026-06-17 02:54:48;11.96
12263;9.93;;R F B2 L2 D2 B2 F2 L2 R' D2 L' D2 F2 U2 D' R' U2 B' U L' F;2026-06-17 02:55:11;9.93
12264;12.15;;D' L U2 L2 F' L' D R' L2 U' D2 L2 B2 D' L2 B2 U2 D B2 R2;2026-06-17 02:55:34;12.15
12265;11.30;;B R' B D F U2 F2 R' L2 D' L2 U' L2 D' B2 U' R2 L2 U' R2;2026-06-17 02:56:01;11.3
12266;12.59;;L' U D' R D2 R2 F L' D' U2 F' R2 B2 D2 R2 L2 F' R2 F' L2 B';2026-06-17 02:56:25;12.59
12267;11.47;;F L B2 U2 B L B2 U B2 D2 L2 U B2 D2 F2 U' B2 R U';2026-06-17 02:57:36;11.47
12268;11.10;;D' U2 F2 R2 B' D2 L2 F D2 U2 L' D L D' B' F U L';2026-06-17 02:58:38;11.1
12269;9.44;;B2 L' B2 D2 L F2 U2 R' B2 F2 L' U F D' B U' B' L' D' U2;2026-06-17 02:59:00;9.44
12270;9.90;;U' F2 L2 B' D2 L2 U2 L2 U2 F' R2 F' R2 U L2 D' F' L' B R' D';2026-06-17 02:59:23;9.9
12271;9.00;;L2 B2 D' U' R2 D2 U' L2 F2 R2 B2 F D' F2 L U L2 U' L U2;2026-06-17 03:00:13;9.0
12272;10.52;;D' B U2 B2 R F2 U2 L' R' U2 F2 L' D' F U' L' F' U' L;2026-06-17 03:00:32;10.52
12273;13.91;;B2 D2 R B2 L' U2 F2 R2 B2 L2 F2 U2 B' L U' B2 D' R F2 U' F;2026-06-17 03:00:53;13.91
12274;12.06;;R2 F L2 B' L2 B2 U2 R2 D2 R2 F R2 L U' B2 R2 U2 R D R' F2;2026-06-17 03:01:22;12.06
12275;10.84;;B2 L B U2 R2 F U2 B2 D2 L2 B L2 D' R2 B L D R' D2;2026-06-17 03:01:46;10.84
12276;8.60;;L2 D' F' D B2 D' L2 F2 U R2 B2 D2 F2 R' F' D L R' U' L;2026-06-17 19:07:20;8.6
12277;10.65;;U2 F2 R2 F2 L2 U2 R2 U' B' D2 L2 U L F' D' F L' R;2026-06-17 19:07:40;10.65
12278;9.82;;F B L2 D' B2 L U2 D R2 F D2 F L2 F2 U2 F' D2 B U2 R2;2026-06-17 19:08:05;9.82
12279;9.13;;U' F2 L2 U2 B' R2 F' L2 U2 F2 R2 L U B R2 B' U2 L B';2026-06-17 19:08:28;9.13
12280;9.79;;D' U2 L' U2 F2 D2 R D2 R2 U2 B2 L U' L' B' F' D R2 D2 B';2026-06-17 19:08:47;9.79
12281;9.01;;B2 U2 R2 D2 L D2 R2 F2 U2 R' U2 L' D' U' L' D' U F D U2;2026-06-17 19:09:07;9.01
12282;13.39;;L2 R2 U' B2 U R2 U' F2 R2 F2 L2 R D2 U' L2 R' F' U L' B F;2026-06-17 19:09:33;13.39
12283;10.67;;B2 L2 F L2 D' R2 D' L2 R2 D2 F2 U R' B' D F L D2 U2;2026-06-17 19:09:58;10.67
12284;13.90;;L2 F' D' L2 U' B2 R2 D' R2 D' L2 R2 D' R' D2 L2 F' L' F2 L';2026-06-17 19:10:21;13.9
12285;12.93+;;R' D2 R2 B2 L2 F' R2 B L2 U2 F' R2 F' L D' U R' B L B F;2026-06-17 19:10:49;10.93
12286;14.26+;;U2 B2 D' B2 F2 R2 F2 D R2 U2 L2 B' R F' D R B U' F D2;2026-06-17 19:11:14;12.26
12287;7.46;;B' L D L U' F' L2 D R' L2 B2 L2 B D2 B L2 F R2 B;2026-06-17 19:11:44;7.46
12288;7.78;;F' R U2 L R2 U2 L' B2 U2 B2 D2 R2 B2 F' L' D U L2 F2 R2 B';2026-06-17 19:12:05;7.78
12289;11.32;;R D2 L' D2 F U B D2 R B2 U2 L2 U2 B' D2 B2 U2 F;2026-06-17 19:12:27;11.32
12290;8.18;;R2 L' U F D F' L' B R2 F2 R F2 U2 R' D2 L F2 R2 U2;2026-06-17 19:12:51;8.18
12291;9.75;;U2 B' L2 F2 D2 L' B2 R F2 D2 L' B2 R D2 U' R F R2 D' F R;2026-06-17 19:13:12;9.75
12292;8.85;;U' R2 U2 B2 L R F2 L B2 F2 L U2 F U B F2 U2 F L2 D;2026-06-17 19:13:34;8.85
12293;11.26+;;R' U' F2 R' D2 R2 U2 L D2 R B2 U2 R2 D' F R D R' U R';2026-06-17 19:13:53;9.26
12294;DNF(11.74);;R' D' R2 F L2 R2 D2 B F U2 B' R2 L B2 F' D' U F L F';2026-06-17 19:14:14;11.74
12295;9.94;;U2 B' D2 U2 F' L2 F U2 F2 L2 F' R2 D' U2 R2 D2 F' U B2 L B2;2026-06-17 19:15:50;9.94
12296;9.95;;R' L U L' F2 D F D2 R L2 F R2 F' R2 F' D2 B R2 B' D2 F;2026-06-17 19:16:12;9.95
12297;13.13+;;F' L F' U F B D' B D2 B' U2 L2 U2 D2 B L2 F2 L2 U2 R' U2;2026-06-17 19:16:38;11.13
12298;12.03;;B' D2 L' B2 F2 U2 L2 F2 U' F2 D B2 F' L' B' D2 L' R D;2026-06-17 19:17:04;12.03
12299;8.70;;D2 B' R' L' B' L2 U' R U2 D2 L2 U2 F U2 D2 F D2 F' L2 B';2026-06-17 19:17:29;8.7
12300;7.98;;L2 R2 B2 U2 R2 B' D2 U2 L2 F' R2 U2 R D' U2 F D B2 F2 U B;2026-06-17 19:17:50;7.98
12301;8.24;;D2 L2 R2 D' R2 F2 D' R2 D' L2 R' B' U B2 R' D L R' B' L2;2026-06-17 19:19:49;8.24
12302;6.54;full cross;B' L2 U F2 U2 L2 U F2 L2 R2 U' L2 F2 B L2 R' D' R D' B' D';2026-06-17 19:20:15;6.54
12303;9.84;;U B2 U2 B2 D2 L2 U' B2 R2 U2 R2 B' R2 F2 U B2 R B U L;2026-06-17 19:23:48;9.84
12304;DNF(10.81);;L2 B2 D R2 D2 B2 L2 B2 D L2 U2 L U' B2 D U' B R2 U2 L R;2026-06-17 19:24:20;10.81
12305;9.87;;D' L2 D2 U L2 B2 L2 B2 U' L2 D B' R D' U' F L' B U F2 L;2026-06-17 19:24:45;9.87
12306;8.50;;U2 B' D2 F2 U2 L2 U2 F' D2 L2 R2 U B' U' R' F' L' U' L U2;2026-06-17 19:25:07;8.5
12307;9.93;;U2 D' F L2 B2 R U B R D' R2 L2 U B2 U2 R2 F2 D' L2 D' B2;2026-06-17 19:25:37;9.93
12308;8.17;;R' U' L' R2 D2 B' D2 U2 R2 D2 U2 B' L2 B2 U B' L R2 F2 U' F;2026-06-17 19:26:02;8.17
12309;10.66;;R2 F R U2 R F2 R' D L2 F' L2 U2 F' D2 F' L2 F R2 U2 D2;2026-06-17 19:26:27;10.66
12310;14.80;;U' F2 L2 D2 B2 D2 F2 L D2 L2 F2 U2 B' D2 F U' B L' D2 F2 R';2026-06-17 19:26:55;14.8
12311;8.35;;U D' L2 D' R L F U' L B2 L2 D' F2 D L2 U' B2 U2 B2 U F2;2026-06-17 19:27:21;8.35
12312;9.08;;B' F2 L2 B R2 U2 B R2 B F2 U' B' U F' L' R' U' R U;2026-06-17 19:27:40;9.08
12313;12.31;;F2 D L2 D B2 U' R2 B2 U B2 D2 R U2 B2 U' B L' D F D R';2026-06-17 19:28:01;12.31
12314;12.54;;L' B' R2 B L2 D2 U2 B' D R2 F2 R2 U' R' F' D2 R;2026-06-17 19:28:26;12.54
12315;11.31;;D' F U' R D L2 D L' D F' R2 F' L2 B L2 B L2 F' L2 D2 B;2026-06-17 19:32:25;11.31
12316;12.69;;L2 D2 B2 U2 B2 L2 F2 U2 L B2 L U2 F D2 U' R' U F2 U' B' F';2026-06-17 19:32:52;12.69
12317;10.04;;R B2 U' F' U' D2 B D F2 R2 U2 D2 L F2 L2 D2 B2 U2 B2 L;2026-06-17 19:33:45;10.04
12318;9.30+;;D B' D2 B2 D' B L2 F L U F2 D F2 R2 U' R2 U' R2 U B2;2026-06-17 19:36:30;7.3
12319;11.82;;B2 U2 R2 D2 L2 B' L2 B' D2 B L2 U2 D' L R F D' B2 D U' F;2026-06-17 19:36:53;11.82
12320;9.80;;B2 U' F2 U2 B2 R2 D F2 U2 B2 U' F2 B D F U' R B2 D2 L D';2026-06-17 19:37:21;9.8
12321;9.34;;D' R' F2 U2 R F2 L2 U2 R U2 L U2 R2 U F' L' D' L' D2 B';2026-06-17 19:39:14;9.34
12322;11.08;;U2 R2 U' B2 D2 R2 U' B2 F2 U2 B L' R B D' L' R2 D2 R;2026-06-17 19:39:38;11.08
12323;12.61;;U R' L2 B2 U2 F D2 L2 B' L2 B L2 F2 R2 D' U2 L' D2 U B2 R;2026-06-17 19:40:00;12.61
12324;8.83;;D' L' U' B2 U' L2 U R L2 F L2 U2 R2 L2 F L2 F B2 R2 F2 R;2026-06-17 19:40:25;8.83
12325;10.06;;B R2 U2 F L2 B L2 F D2 B' F2 D' F2 D2 R' B D' B2 L' R2 U2;2026-06-17 19:40:44;10.06
12326;9.83;;D2 F2 D2 L2 B' U2 B R2 F L2 R2 B R D L B2 D' B' F' R' D';2026-06-17 21:57:00;9.83
12327;12.23;;R2 D' F2 U' L2 D R2 F2 R2 B2 R2 D F' R' U' B' F' U F' R;2026-06-17 21:58:08;12.23
12328;12.84;;L B2 R2 U' F2 D2 B2 D L2 U B2 L2 R U2 L' F' D' B2 L';2026-06-17 21:58:32;12.84
12329;11.45;;F2 D2 L B2 L' U2 R2 F2 D2 L2 B2 F U' R' B2 D2 L' F' D2 B;2026-06-17 21:59:03;11.45
12330;14.14;;U L2 U' R2 F2 D' U2 B2 L2 B2 L' F' D2 F R D' R' D U' F2;2026-06-17 22:01:10;14.14
12331;9.87;;B U' R D2 F' L2 D2 F L2 F' L2 B' D2 L2 D R B2 F2 U B' U';2026-06-17 22:01:37;9.87
12332;9.51;;B' R2 B2 R2 L U' L2 U' R' D2 F' L2 B' R2 F U2 F' D2 F' L2 F;2026-06-17 22:01:59;9.51
12333;12.24;;U2 F2 D' B2 F2 U L2 U2 F2 R2 B2 D L F' L2 D2 U' L2 B' R B';2026-06-17 22:02:23;12.24
12334;11.89+;;L B2 D2 R D2 R' F2 L U2 R2 B' F U L2 F L' R' U' L';2026-06-17 22:02:50;9.89
12335;8.86;;R' F2 L2 B2 L' U2 L' U2 L2 D2 B2 D B' R2 D' B' L2 B D' F';2026-06-17 22:03:13;8.86
12336;10.48;;D B' L' D' R F2 B D B U2 B2 U R2 D L2 U D2 L2 F2 B2 U2;2026-06-17 22:03:37;10.48
12337;10.69;;R' B' L B2 D' F R2 U' B2 L' F2 U2 R' D2 F2 R B2 R' D2 R2;2026-06-17 22:04:00;10.69
12338;11.60;;U' R2 U L2 U' R2 F2 U2 R2 U R2 L' F2 U' R' U' F' D2 B2 L' U';2026-06-17 22:04:23;11.6
12339;9.78;;R2 D L2 D2 B2 D2 F' U2 F R2 D2 F U2 R F R2 F D2 F2 U;2026-06-17 22:05:22;9.78
12340;9.50;;F U' R' U B' L U' F R D' B2 U' R2 U' R2 D2 R2 B2 R2 U' F2;2026-06-17 22:06:12;9.5
12341;11.13;;R D2 R U2 F2 L' F2 L' U2 F2 L B D' U F' L D R2 B L;2026-06-17 22:06:35;11.13
12342;10.77;;R' F' D2 R B2 L2 R D2 R D2 F2 R2 F2 D' R2 F' U L F D';2026-06-17 22:06:58;10.77
12343;11.90;;F' L R2 B2 L2 R2 D' B2 D F2 D' U' B D2 U' R D2 B' U;2026-06-17 22:07:19;11.9
12344;12.80;;B D2 L' U2 R' B2 L2 B2 L U2 F2 L' B D2 B' R' U' F2 L';2026-06-17 22:07:42;12.8
12345;11.68;;D' U2 R2 F2 U2 F' U2 B' L2 U2 B2 U2 D' L U L2 D2 U' R2 B' R2;2026-06-17 22:08:11;11.68
12346;10.24;;B2 U2 L2 R2 U2 L2 F2 D' F2 D L' B F2 R' B D' L B F2 R;2026-06-17 22:08:37;10.24
12347;9.44;;F' U' B D F' R U' F2 L2 U2 F' R2 U2 F L2 U2 B' U2 L2;2026-06-17 22:08:59;9.44
12348;10.03+;;L' D2 B2 D2 F R2 B2 D2 F D2 R2 F R2 U L' U2 B' D' U F D2;2026-06-17 22:09:44;8.03
12349;10.73;;R F2 R D2 U2 L R2 B2 U2 L' D2 R' F D B L B R F U2 L;2026-06-17 22:11:07;10.73
12350;10.31;;D F2 L2 R2 F2 D B2 D R2 U2 B U L D L2 F2 U' F D U';2026-06-17 22:11:41;10.31
12351;9.40;;U L B R U F2 L U' B2 U F2 U' R2 U D2 B2 U L2 B2 F';2026-06-17 22:12:12;9.4
12352;10.77;;L D B R' B D R' D2 R' L2 B' R2 F2 L2 D2 L2 F2 U2 D2;2026-06-17 22:12:35;10.77
12353;8.32;;U' F2 R2 D B2 L2 U L2 U' F2 U' B2 F R2 F2 D B2 R' D' F';2026-06-17 22:13:42;8.32
12354;9.20;;R F U R2 B' R2 D R' L' B U2 D2 F U2 B2 D2 R2 U2 B' U2;2026-06-17 22:14:04;9.2
12355;12.38;;F2 L' F2 L2 U2 F2 R F2 R' F2 D L' R U' F2 R F L2 B;2026-06-17 22:14:25;12.38
12356;10.45;;L2 D' R2 U L D' B2 D F' U2 D2 B2 L U2 D2 B2 L U2 L2;2026-06-17 22:14:52;10.45
12357;9.86;;R2 D B2 R2 U2 L2 R2 B2 U2 F D L' B' R D' F' L' B R;2026-06-17 22:15:13;9.86
12358;8.05;;R F L2 R2 U' F2 R2 D2 B2 U' F2 U' L D R F' L2 D' B';2026-06-17 22:15:57;8.05
12359;10.19;;F' U' F' D2 B2 R B2 D2 L2 D2 F2 R F2 L2 D B L' U2 F' U2 R';2026-06-17 22:16:45;10.19
12360;7.08;;U L2 U L2 D' R2 F2 U' L2 F' U' R D B2 D2 B' L' D' B';2026-06-17 22:17:08;7.08
12361;7.02;;F2 B' D' L' B' L' U B' L R2 U2 D' R2 U2 B2 D' L2 F2 U2 L2 F2;2026-06-17 22:17:31;7.02
12362;8.91;;B U2 L2 U2 B' U2 F' D2 B D2 L' B F' L2 D L2 B U' B;2026-06-17 22:17:57;8.91
12363;9.66;;B L' U2 F2 R U2 R2 D2 R' D2 B2 R' B' L2 U F' D' L2 R F';2026-06-17 22:18:25;9.66
12364;13.07;;L F2 L2 D2 R' U2 L' U2 R F2 B' U R U' B R' F D B';2026-06-17 22:18:51;13.07
12365;6.87;;B R B F2 D2 L2 D2 U2 B R2 B' D2 F' L' U' L R' U F2 R2;2026-06-17 22:19:17;6.87
12366;12.10;;R2 F R2 F2 D' U2 B2 U' F2 U' B2 R2 U2 R2 L' F D2 F' D' B R2;2026-06-17 22:19:39;12.1
12367;9.47;;F2 R2 D2 B U2 L2 F' R2 B' L2 D2 R D B U' R2 D' B' L F2 U';2026-06-17 22:20:06;9.47
12368;11.42;;D2 L B2 D2 R2 D2 L' B2 D2 L F2 R' F L F L' B D B R2;2026-06-17 22:20:28;11.42
12369;9.44;;B2 D R2 F2 L2 U F2 U F2 B R2 U' B D' B R D U' B;2026-06-17 22:20:55;9.44
12370;9.51;;R2 F2 R' D2 F2 R2 F2 L' U2 L2 D2 L D B U2 B F L B2 R U';2026-06-17 22:21:17;9.51
12371;12.70;;D' F' D2 R2 B2 U' B2 U' L2 B2 D' B2 U2 B R' U' F' U2 B2 F;2026-06-17 22:21:39;12.7
12372;9.01;;U2 R' U L' U' D L' F U F U2 L2 F2 B U2 F U2 D2 F2 L2;2026-06-17 22:25:57;9.01
12373;9.89;;F U F2 D R2 D' R2 U2 F2 L2 F2 U' B L R B' R' D' F U' B;2026-06-17 22:26:18;9.89
12374;12.20;;L B' L2 B' D2 L2 R2 F2 L2 R2 F' D U L D L' F R' D2;2026-06-17 22:27:06;12.2
12375;12.68;;D2 L U F2 B2 D R B' L' U2 L2 F' L2 F2 B' L2 U2 D2 B' D2 B;2026-06-17 22:27:32;12.68
12376;11.53+;;L' D2 L2 F U2 F' U2 F2 D2 U2 R2 F' U' B2 D B2 L' B2 D2 F';2026-06-17 22:29:30;9.53
12377;8.71;;F' L U' D' L' D2 F D R2 F U2 F' R2 L2 B' U2 B2 R2 F' D2;2026-06-17 22:29:58;8.71
12378;8.24;;D2 L2 F R2 U2 R2 D2 B' L2 F2 R2 U2 L R2 D B' U' L U2 R D2;2026-06-17 22:30:41;8.24
12379;7.41;;L D2 B2 U F B U' D2 F D2 R L2 F2 U2 F2 B2 R' U2 R' U2 R2;2026-06-17 22:31:01;7.41
12380;9.28;;D L' B R B U L B R2 U2 F2 B2 D2 B2 R' F2 L2 B2 R F;2026-06-17 22:31:26;9.28
12381;9.96;;F' U' D' L F D F R' B' L2 F' D2 F D2 F' U2 F' B2 L2 D2;2026-06-17 22:31:55;9.96
12382;10.89;;R F D2 L B2 L R2 U2 B2 F2 R' B2 D R2 B L2 U L D';2026-06-17 22:32:22;10.89
12383;9.64;;U2 F2 U2 F2 R' B2 R2 D2 B2 L' R2 B L2 U2 R D2 L' U B' R2;2026-06-17 22:32:51;9.64
12384;11.15;;U2 F R2 B2 F' U2 R2 F' L2 R2 F2 L2 U B U B2 R' U2 B2 D R;2026-06-17 22:33:14;11.15
12385;8.84;;U' L D2 F2 D F D' R' L' F2 D2 F2 D2 B2 R' F2 L B' R';2026-06-17 22:33:43;8.84
12386;9.28;;R' B2 R2 D L' D2 F D B D2 L U2 F2 B2 L' D2 B2 R L;2026-06-17 22:35:42;9.28
12387;11.15;;F' R' U F2 D2 R2 B2 D' F2 R2 D' F2 L2 B D2 R2 U' B' U2 L;2026-06-17 22:50:19;11.15
12388;11.76;;B L U B2 D F2 D F2 U B2 L2 D L D2 R F' D' U B' L;2026-06-17 22:50:44;11.76
12389;10.58+;;B2 U R2 D2 L2 B2 U B2 D' R2 D F' D' L2 U2 F' D' R D U';2026-06-17 22:51:09;8.58
12390;9.71;;F D2 F L2 B D2 R2 F R2 B' R2 F U B' R U2 B' L' U L' U2;2026-06-17 22:51:30;9.71
12391;9.30;;R2 U' B2 L2 F2 D B2 D L2 D2 L D' R' B L U2 L' F' L R;2026-06-17 22:51:55;9.3
12392;11.32;;F B2 R2 D' R2 U B2 D U2 L2 U2 B' D L F2 L2 B F L';2026-06-17 22:52:46;11.32
12393;10.20;;D L2 R2 F2 D' R2 U' R2 F2 R2 D U F D B2 L' F R2 B D2 U;2026-06-17 22:53:14;10.2
12394;9.29;;B L B D2 R' D F2 D2 R U2 B' D2 L2 F' R2 F D2 R2 B2;2026-06-17 22:54:22;9.29
12395;11.97;;R2 B2 D B2 L2 D2 R2 U B2 U F2 U R' F D B' F L' F' R' D2;2026-06-17 22:54:46;11.97
12396;9.90;;F2 U2 L U2 R U2 L D2 R F2 U2 F' L D' R D2 B U L' F;2026-06-17 22:58:02;9.9
12397;9.22;;B' L' B2 L' F2 R F2 R' F2 U2 F2 L2 U L D' B' D2 L F' D';2026-06-17 22:58:22;9.22
12398;10.99;;D B2 U R2 U2 F2 D L2 D2 B2 L2 R2 F U2 R2 U' B' L U2 B' F;2026-06-17 22:58:46;10.99
12399;9.84;;B2 R' U2 R U2 R D2 F2 R2 D2 U2 B2 U' R' F D2 R2 U F2 L' D2;2026-06-17 22:59:11;9.84
12400;10.38;;R' F2 L2 D B2 L2 D' B2 R2 D2 U L2 B' U' R' B' F' U2 B' D2 U';2026-06-17 22:59:35;10.38
12401;8.81;;B F2 R' B2 F2 R' D2 R' D2 F2 L' B2 D' R U' F' U' B2 L2 B;2026-06-18 09:31:38;8.81
12402;8.85;;B U B2 F2 L' F2 L' F2 R' B2 F2 D2 R2 D' B U B2 F L D;2026-06-18 09:32:04;8.85
12403;9.56;;D' L2 U B2 L2 U2 F2 U2 F2 U R' B2 U' L' F U2 L2 R F' U2;2026-06-18 09:32:23;9.56
12404;11.84;;L2 D' L2 B2 D' L2 R2 D' B2 L2 B2 U' R' F D' R2 B' D2 U' R2 B';2026-06-18 09:32:43;11.84
12405;7.97;;B' L2 B2 L U2 L2 R' B2 L U2 R' U' B L2 U' R' D2 U R2;2026-06-18 09:33:04;7.97
12406;9.61;;L2 B R2 F L2 B' F2 L2 F2 U2 D' R D L' D' L F' L2 U2;2026-06-18 09:33:22;9.61
12407;10.62;;D' F2 U2 B2 R B2 R B2 F2 L2 F2 R' F U' L2 B D' R F' L;2026-06-18 09:33:43;10.62
12408;10.51;;D' R B' U F2 U R' U' R2 D2 L2 U' L2 D' F2 D' R2 L2 D2 B' U2;2026-06-18 09:35:17;10.51
12409;13.37;;D2 B' L2 F' U2 B2 F' L2 B' R2 F' L2 R D' L' D F D B2 R2;2026-06-18 09:36:09;13.37
12410;11.28;;B D2 L2 R2 B D2 F D2 L2 D2 F U' F2 L F' U2 F R F' R2 B;2026-06-18 09:36:38;11.28
12411;10.49;;F L2 F2 D B2 D R2 B2 R2 D' F2 D F R2 U2 L F R' B' L2;2026-06-18 09:37:25;10.49
12412;12.23;;B2 U L2 D2 F2 D' R2 U F2 L2 B D2 U' B2 R' F2 D B2 L2 D;2026-06-18 09:38:15;12.23
12413;8.97;;R D B' R2 B2 U' B2 D L2 D U' R2 L' D' L' F' R U F;2026-06-18 09:38:37;8.97
12414;8.32;;U' D' F R D R D2 B' L U' R2 B2 U2 B2 D2 R2 F2 D2 R2 U L2;2026-06-18 09:38:55;8.32
12415;7.63;;F2 R2 B2 U2 B2 U' F2 L2 D' U' R2 B' L D' F D' R2 B' D U' R;2026-06-18 09:39:13;7.63
12416;9.82;;L2 U' F' D2 F' R2 B' R2 B D2 R2 F2 R D' B' F2 U' F' D2;2026-06-18 09:39:36;9.82
12417;9.61;;B' R2 L F' R B R2 L' F2 B2 U2 R2 U L2 D' B2 U2 L2 U L2 F;2026-06-18 09:39:57;9.61
12418;8.30;;U2 F R' L D F2 L' F' D2 R' U2 F2 R F2 D2 R' L B;2026-06-18 09:40:19;8.3
12419;6.71;;B' L D R2 F' R F' R2 U' D2 L2 F R2 B R2 B' R2 L2 U2 L2 B;2026-06-18 09:40:39;6.71
12420;10.65;;U' L2 D' R2 D' L2 F2 D2 B2 L' F' L2 U' L' D' F L' B2 D';2026-06-18 09:40:56;10.65
12421;8.45;;L2 U' R L' F' R U' D' B2 D2 F' R2 L2 D2 B' U2 F D2 B' U2;2026-06-18 09:41:20;8.45
12422;9.54;;B' D2 R F U L U2 R D B2 D2 B2 U' L2 U R2 F' B2;2026-06-18 09:41:39;9.54
12423;8.75;;R' D2 B R2 F2 D2 F D2 B' R2 D2 B2 R2 U' L' F L D L R2 F';2026-06-18 09:42:01;8.75
12424;9.54;;R' D2 L2 R2 F L2 R2 B2 F' U2 F D' R D U B' L' D2 B2 U';2026-06-18 09:42:20;9.54
12425;9.49;;F D2 R2 B U2 B' D2 F R2 B' F' U2 R D' U' B2 L F' D' F;2026-06-18 09:42:39;9.49
12426;9.76;;R' D2 R D2 L2 D2 U2 B2 L' B2 R' U2 B' R B' R2 U' R D' F R;2026-06-18 09:42:57;9.76
12427;12.09;;F' R U' D2 B' L2 U2 L D' F2 L2 U L2 U2 B2 L2 B2 U' R2 D;2026-06-18 09:43:16;12.09
12428;11.35;;D2 R U2 R U2 L' B2 L2 U2 F2 R' F' R B R2 U F2 R2 F D' U2;2026-06-18 09:43:38;11.35
12429;8.49;;B2 D2 F2 L R B2 L' F2 R2 F2 B' D L2 B2 U2 F U2 F2 U';2026-06-18 09:45:04;8.49
12430;12.10;;L U2 F2 D R2 U L2 F2 D' B2 D2 F2 U R' B2 F D R' F R' D';2026-06-18 09:48:53;12.1
12431;10.94;;F2 D' U2 R B2 R2 F2 R' U2 R F2 L' R' D2 B U' F' R' D2 L2 B;2026-06-18 09:49:14;10.94
12432;8.93;;D2 R2 F L2 B D2 L2 U2 F' R2 F' U B F2 L U' B' R' D' F2 L;2026-06-18 09:51:12;8.93
12433;9.65;;D2 U L2 D' R2 U' L2 F2 U2 R2 F2 L' U' B U F R' B2 L2 F;2026-06-18 09:51:32;9.65
12434;15.52;;B' U2 R' B2 R2 D2 B2 U2 B2 R F2 U2 D' F' L' B2 U' R B';2026-06-18 09:52:28;15.52
12435;8.12;;R B' L2 D2 U2 F' U2 B L2 U2 F2 R2 L F2 D F R' F2 U R2;2026-06-18 09:52:51;8.12
12436;10.33;;R2 U D2 B2 D2 R F2 R' D2 R' D2 R' B2 R F' U2 R' U' L B' U';2026-06-18 09:53:08;10.33
12437;10.48;;R' B' D2 L F R B F2 R2 U' L2 U' D' L2 U' R2 B2 R2 L' B2;2026-06-18 09:53:27;10.48
12438;9.95;;D2 L2 B2 F2 U R2 D L2 D' F2 U' L D2 L B2 D' U' R' U2 F';2026-06-18 09:53:51;9.95
12439;14.65;;B' L' D2 B2 L2 F' D2 F' L2 F' D2 F' U L2 F U2 B L B;2026-06-18 09:54:14;14.65
12440;10.85;;U' B' R U2 B' D2 F U2 B F2 L2 F2 L2 R' U' B F U F;2026-06-18 10:00:19;10.85
12441;9.54;;U2 B L2 F R2 U2 R2 B R2 D2 B2 D L R U L' R' F U' L' F';2026-06-18 10:00:39;9.54
12442;7.50;;R2 D2 B2 R2 U2 B' L2 F' L2 F L2 D' F' R B' D2 R' B R D2;2026-06-18 10:00:59;7.5
12443;8.43;;R' U' L F2 D R2 U R2 F D2 B2 R2 F2 R2 D2 B2 D2 R' D2;2026-06-18 10:01:19;8.43
12444;10.23;;B2 U' R2 D2 R B2 U2 R B2 R B2 F2 D2 F2 B D' F2 L' U L2 B2;2026-06-18 10:01:38;10.23
12445;10.74;;L B' L2 D L2 F2 U R2 U2 R2 F2 D' L2 U B R' D2 B R' B2;2026-06-18 10:02:00;10.74
12446;8.36;;R2 U2 B2 L' B2 R L2 F' R B2 U' R2 D' F2 L2 D B2 D2 R2 F2;2026-06-18 10:02:22;8.36
12447;11.67;;U2 L' F2 D2 R2 U R2 D' R2 U2 L2 F2 U' B' D2 R F2 D' F D';2026-06-18 10:02:40;11.67
12448;9.38;;D2 R' D' U2 B2 U2 B U2 F2 L2 D2 B L2 D F U2 L2 D' L D2;2026-06-18 10:04:00;9.38
12449;10.07;;F2 R2 U2 R' F2 U2 R2 D2 F2 R2 F2 L2 D F D2 L B L2 R' B;2026-06-18 10:04:20;10.07
12450;10.07;;F' L' B' L2 B2 F L2 U2 F' D2 F' D2 F' R F' L R2 U' B2 F';2026-06-18 10:04:40;10.07
12451;9.58;;L' U' F R' L2 D' F U2 F2 L U2 R' F2 B2 R' D2 F2 R B D2;2026-06-18 10:05:48;9.58
12452;9.19;;B D2 B2 R2 U L2 D2 B2 R2 F2 L2 B D' L B2 R2 D2 B' R2;2026-06-18 10:06:07;9.19
12453;9.88;;B' R B2 L2 U2 L2 F2 U2 R2 D' B2 L2 U' F U2 L' U F' D U;2026-06-18 10:06:35;9.88
12454;9.43;;L2 U' F2 R' D2 U2 L U2 F2 U2 R' D2 R' B' U L R2 D2 L' D;2026-06-18 10:06:54;9.43
12455;9.67;;D B L U' B2 D' F R U2 R F2 L2 F2 U2 L' U2 R2 F2 D' B;2026-06-18 10:07:11;9.67
12456;9.17;;R' L D F' R2 L' B' R' B2 D F2 U L2 D' F2 L2 D' R2 F2 R;2026-06-18 10:07:36;9.17
12457;9.09;;F2 R D R2 F L F' U F2 L2 B2 D F2 R2 U B2 D2 L U2;2026-06-18 10:07:55;9.09
12458;9.64;;F' U2 B2 U R2 D F2 U' L2 U R2 U2 B2 L' D U2 F' L R B R2;2026-06-18 10:08:26;9.64
12459;8.24;;F' D' R2 F2 D2 L2 D2 F2 D2 F L2 B' R U' B2 R2 D2 U' F' U2;2026-06-18 10:08:44;8.24
12460;8.75;;F L2 U2 R D2 B2 L2 U2 B2 R' D2 F2 D2 U L' D' B2 R F L U';2026-06-18 10:09:00;8.75
12461;8.14;;R' U B2 D' L2 U2 L2 D2 F2 U L B' R D2 B2 F D2 U' B';2026-06-18 10:09:19;8.14
12462;7.89;;U' B2 F2 D L2 D L2 B2 D R2 D2 B D' B D L D F' U' F' R';2026-06-18 10:09:37;7.89
12463;10.60;;F D' R F L' B' R L' U' F2 R2 L2 F' U2 R2 B' L2 F' L2 D2;2026-06-18 10:10:00;10.6
12464;11.79;;R B' U' B2 R B2 D' F' L F' R2 D2 F B D2 F' U2 F' R2 F2 L2;2026-06-18 10:10:21;11.79
12465;8.84;;R D' F' L2 F2 B R' B' F2 U' L2 U' L2 U L2 B2 D' R2 U' B';2026-06-18 10:10:41;8.84
12466;9.92;;U' R2 U' R D' R L B' U2 L2 U2 B2 D2 F R2 L2 B L2 D F U2;2026-06-18 10:11:01;9.92
12467;7.46;;R2 U' L2 R2 U' F2 U' L2 U F2 L2 D2 B' D' R F' U' B2 F2 L' B';2026-06-18 10:11:52;7.46
12468;11.02;;R' B L2 R2 D R2 B2 R2 D L2 U2 B2 L2 F' R U' L' F U2 B2 R2;2026-06-18 10:13:02;11.02
12469;9.90;;B2 L U' B D F' R' L2 U' B' L2 D2 B U2 B R2 F2 U2 L2 B;2026-06-18 10:13:22;9.9
12470;11.10;;L U2 B' L2 D2 B' U2 L2 R2 B' F R2 U' F' D2 L' R' B' F U';2026-06-18 10:13:47;11.1
12471;7.35;;L' D2 L' D2 F2 L2 D2 U2 L U2 F L' R' U' F L2 B' D' R2;2026-06-18 10:14:12;7.35
12472;10.21;;F' R B2 R2 F' L2 F' R2 U2 B2 F' U2 F D2 R' F2 U' F2 D B' L';2026-06-18 10:14:31;10.21
12473;11.94;;L' D' B' R2 L' D B D B2 U L2 U' B2 U L2 D L2 U R';2026-06-18 10:14:49;11.94
12474;7.59;;D2 F' U R2 B' R L' B2 D' R2 U B2 D F2 R2 D' F2 D2 R B2;2026-06-18 10:15:09;7.59
12475;10.00;;L' U' F2 R B2 L2 D2 F2 U2 B2 L F' U' R2 D L R U';2026-06-18 10:15:28;10.0
12476;8.52;;F2 R2 D F2 D U2 L2 U2 B2 U' R2 B2 L' B' L2 D' F2 R' F2 L2 D;2026-06-18 10:16:16;8.52
12477;10.63;;U R2 B' U D F U D2 B2 R' L2 D2 F2 R' F2 R B2 U' B2;2026-06-18 10:16:33;10.63
12478;8.86;;U R' B2 D L2 R2 U L2 R2 U' F2 L2 D F L U' R' B U' L;2026-06-18 10:16:52;8.86
12479;10.24;;U2 R2 B D F2 D' U' L2 B2 U' L2 F2 R2 B2 R' B R' F' D' U' F';2026-06-18 10:17:12;10.24
12480;8.26;;L2 R2 D2 L2 F' R2 B D2 F2 U2 R2 B R U' R' B' L2 D2 L U';2026-06-18 10:17:31;8.26
12481;9.22;;U F2 L2 U2 B2 F' R2 D2 F D2 B' L' B2 F L' B' R2 D R B2;2026-06-18 10:17:49;9.22
12482;9.53;;F' U2 B R2 U2 R2 B' D2 F R2 F' D' U' F' U B R' D R' U2 L';2026-06-18 10:18:05;9.53
12483;8.24;;R2 B2 D B2 U L2 R2 F2 U' L2 U F2 B U' F' R' D' B' U' B';2026-06-18 10:36:33;8.24
12484;10.56;;D' R' U' B' L D F2 R B R2 F2 U2 D2 R D2 R2 B2 L' U2 R' D2;2026-06-18 10:36:50;10.56
12485;10.74;;B' L2 D2 B R2 D2 B D2 L2 B' F2 U F2 L' B' D2 B' R B D';2026-06-18 10:38:46;10.74
12486;9.63;;D2 R2 F D' L2 D' F2 L2 R2 D2 F2 R2 D' B L2 R F2 L2 B U';2026-06-18 10:39:07;9.63
12487;10.03;;B D' F2 D2 B2 U B2 D' B2 D2 L' R' F' D' L' B R U2 L;2026-06-18 10:39:26;10.03
12488;11.35;;U' L F2 D B2 U2 R2 U2 F2 U L2 U' R2 B' L2 U2 F' L2 D L;2026-06-18 10:39:46;11.35
12489;9.63;;R2 U L' U R2 B2 D R2 U' F2 D2 R2 L' D B F' U B R;2026-06-18 10:40:18;9.63
12490;11.72;;R L2 F2 R' B' R' F2 U L2 B2 U' D2 F2 U2 D' R2 F;2026-06-18 10:40:37;11.72
12491;10.42;;F U' L2 B' U' L' B2 D' R' D2 F' R2 F' R2 D2 R2 D2 F2 R2 F U2;2026-06-18 10:41:06;10.42
12492;13.27;;D2 R' B L D L' D R2 U' F L2 U2 F R2 F2 L2 B' L2 D2 F';2026-06-18 10:42:33;13.27
12493;10.73;;B' D2 L2 B2 U' B2 U' B2 D L2 R B' L2 D' F' L' F2 D F;2026-06-18 10:42:56;10.73
12494;11.00;;L2 F2 D R2 F2 U B2 D2 F2 D2 B D' L D2 F R' F2 L U' F2;2026-06-18 10:43:18;11.0
12495;11.41;;F U2 R2 B2 D2 R2 B' D2 F R2 B2 F' R B2 R' U' F2 D' F2 L;2026-06-18 10:44:10;11.41
12496;9.25;;R' L2 D2 L2 R2 B' F2 U2 R2 B U2 R2 F' U' B L D' L2 F2 R' D';2026-06-18 10:45:37;9.25
12497;10.38;;D' F' L2 U2 B2 U2 F' U2 F' D2 F' U2 R2 L F U R' B D' F2 R';2026-06-18 10:45:54;10.38
12498;7.37;;R2 F2 U R2 F2 U2 R2 F2 U2 R2 U2 R B U F L F' D' L' R D;2026-06-18 10:46:23;7.37
12499;9.96;;U' L B' R2 L D' F R B2 L2 F2 D2 R' F2 L D2 L F2 U R2;2026-06-18 10:46:40;9.96
12500;12.45;;D' B2 L B2 D2 R2 B2 R F2 D2 L' R2 F2 U' R' F' D L2 R' B';2026-06-18 10:47:04;12.45
12501;6.83;;U' L D2 R2 D2 L2 F2 D F2 L2 R2 D R' F' R2 F2 D2 U F U2;2026-06-18 11:12:04;6.83
12502;6.01;;L' D L' B R2 D' B' R' F' U L2 U D2 B2 U L2 U B2 R2 B2 R2;2026-06-18 11:12:23;6.01
12503;7.28;;B' D2 F R2 D2 U2 F' L2 D2 B' L2 B U R B R2 U2 R' F2 L;2026-06-18 11:12:42;7.28
12504;8.84;;R F U F2 D B2 U' R2 D2 L2 R2 B2 R2 B R F2 R' F D' R' B;2026-06-18 11:13:03;8.84
12505;10.01;;L D R2 F B D2 R U' D L' B' R2 L2 U2 B D2 B' U2 L2 F';2026-06-18 11:13:26;10.01
12506;9.26;;F' D B L' F2 B' U D2 F' U B2 U B2 D R2 U2 L2 B2 U R2 D;2026-06-18 13:41:04;9.26
12507;9.08;;L F U2 L2 U2 R' D2 L D2 F2 L' F2 D2 F R B D B2 L2;2026-06-18 13:41:49;9.08
12508;8.29;;R' U' F2 D F2 D2 B2 F2 D' F2 L2 F2 R' U2 B' R2 D' U F D B';2026-06-18 13:42:12;8.29
12509;9.76;;R2 U B2 L2 R2 U F2 D2 R2 U2 R2 L' B U' R B L F' R2 U L;2026-06-18 13:42:51;9.76
12510;9.95;;D' L D B2 D2 R2 D' L2 B2 U' L2 D R2 U2 R' D2 L B L F' R';2026-06-18 13:43:10;9.95
12511;8.91;;D L2 U R2 D' F2 R2 D L2 B2 U' F L2 B R' F L F2 U F2;2026-06-18 13:43:28;8.91
12512;9.20;;B2 L2 D F2 L2 F2 U L2 D' U2 R2 F' D' L B2 F2 D' L' D B' F';2026-06-18 13:43:59;9.2
12513;11.33;;F2 R2 F D R2 U' L F' R D2 B L2 F2 R2 B' D2 F L2 U2 R2 F2;2026-06-18 13:44:20;11.33
12514;8.81;;U' R2 U2 L2 F2 L U' L F R' D2 L' U2 R' F2 L U2 L' D2 L';2026-06-18 13:44:41;8.81
12515;9.34;;R U2 F2 R' F2 D2 B2 D2 L2 B2 R' D' R' U L' D L' B F' R;2026-06-18 13:45:00;9.34
12516;10.49;;B2 L2 F2 D2 B2 U L2 F2 D L2 B2 L' D' U' B' L2 R F' D' U L2;2026-06-18 13:45:19;10.49
12517;8.75;;F2 D' B R' F' B L U R' U2 R2 U2 F2 L' U2 R' B2 L B2 U';2026-06-18 13:45:40;8.75
12518;10.91;;R2 D2 R' B2 D2 L' U2 R D2 B2 R2 U2 F L R' B2 R D B2 R' U2;2026-06-18 13:47:06;10.91
12519;9.72;;B' R D R2 U' R2 B2 F2 D B2 D' B2 D R D' B R' B' F' L2;2026-06-18 13:47:26;9.72
12520;9.91;;F2 R F2 L U2 F2 R' U2 B2 L' U2 R B U' B2 D L2 R2 F' R2 U;2026-06-18 13:47:45;9.91
12521;7.18;;F' L2 R2 D2 R2 B D2 B U2 R2 D2 F' R B' R U L B L2 F2;2026-06-18 13:50:23;7.18
12522;8.46;;R U L2 R2 F2 L2 F2 U2 F R2 U2 F2 U2 D' R D' F' U' R' B';2026-06-18 13:50:40;8.46
12523;15.07;;L U2 R' B2 L2 B2 U2 R' F2 R F' D U' F L B2 L' B2 R';2026-06-18 13:50:58;15.07
12524;12.13;;D B' R2 U' R L2 F2 D' F' U2 R2 D2 L2 U' R2 D L2 F2 D' L2;2026-06-18 13:54:15;12.13
12525;9.63;;U2 B' U2 L2 U2 L2 B2 L2 R2 B R2 L' B L2 D' F D' L F U2;2026-06-18 14:06:08;9.63
12526;10.62;;F U' R2 B2 D U2 F2 U' B2 L2 U R U' B L' D' F D' U2;2026-06-18 14:06:27;10.62
12527;9.28;;L2 U' B2 D B2 R2 F2 U' F2 D' L U' F2 U L R U2 F U' R';2026-06-18 14:06:46;9.28
12528;11.02;;L' B2 U L2 U2 R2 U' R2 B2 U R D F2 U L U' B L;2026-06-18 14:07:06;11.02
12529;9.37;;F' B2 L2 B2 L2 U' R2 U2 R2 D B2 D R D' L B' U' L2 B;2026-06-18 14:07:33;9.37
12530;10.31;;L2 B' L' R2 U F2 L2 B2 L2 U' L2 U2 F' L' R B R2 B U';2026-06-18 14:08:44;10.31
12531;8.62;;B2 R' D2 R' F2 L' D F' D U' B' D2 L2 R' B F2;2026-06-18 14:09:03;8.62
12532;9.12;;B2 D2 R B2 D F B' D L2 D F2 D' B2 R2 F2 B2 D F2 R U;2026-06-18 14:09:27;9.12
12533;11.64;;R2 F2 U2 B2 F2 L2 R' U2 B2 R B2 U2 D' R' F L2 B D' U R';2026-06-18 14:09:49;11.64
12534;7.75;;R2 F R2 F2 R2 U2 F L2 R2 F2 L' D' L2 U2 R' D2 U L2 B' F';2026-06-18 14:10:12;7.75
12535;8.97;;U F2 L D R2 F2 R' U2 R2 U2 F D2 B' U2 L2 D2 F U2 B' U';2026-06-18 14:10:28;8.97
12536;8.51;;F2 U2 L2 F' L2 B' R2 F' U2 L2 R2 D' B L' R' F' D' L2 U L2;2026-06-18 14:10:53;8.51
12537;10.19;;U R U2 R2 B2 D2 R U2 R F2 R B2 D L R' U F D B' R2;2026-06-18 14:11:10;10.19
12538;8.65;;L2 B2 D F2 D' B2 U' F2 D2 B2 U2 L' D2 L B L D' U' F' L2 B;2026-06-18 14:11:30;8.65
12539;8.56;;B' L F' D2 B2 F' U2 R2 B2 U2 F' U2 L' F2 R' U B F D' B;2026-06-18 14:11:50;8.56
12540;11.06;;D2 R2 B' R2 B2 F U2 B L2 D2 R' F' D2 R D L U F2 R F;2026-06-18 14:12:28;11.06
12541;9.91;;B D' L U2 B' D' F' U2 R' U2 D2 L2 B' U2 R2 F' D2 R2 U2 L2;2026-06-18 14:12:48;9.91
12542;11.52;;U B' R B' L' B2 L B2 U F2 U' R2 U F2 L2 B2 U2 B2 U L';2026-06-18 14:13:53;11.52
12543;9.56;;L F' U2 R2 D2 F R2 B2 D2 B2 F' D' L U L' F2 R2 F' R;2026-06-18 14:14:13;9.56
12544;10.79;;L2 B2 L F2 U B' D F L F2 L2 F2 U' F2 U' B2 D L2 F2 D;2026-06-18 14:14:34;10.79
12545;9.57;;F R D2 L' F R D F B U F' U2 F' U2 F L2 D2 F2 U2 F;2026-06-18 14:14:55;9.57
12546;9.87;;B2 R2 F2 D2 R2 U L F U2 L B2 R U2 L U2 F2 L' U';2026-06-18 14:15:15;9.87
12547;9.92;;D2 F2 L2 B2 R' D2 U2 L D2 B2 F2 D B' L D R B2 L' U' B';2026-06-18 14:15:34;9.92
12548;8.20;;L2 R2 U2 B R2 U2 B2 U2 F' D2 L2 B L' U' F R B2 L2 D' R2 B2;2026-06-18 14:15:54;8.2
12549;12.57;;B2 D L2 D2 R2 D' F2 D B2 U F R' B2 U' L D F' L R U;2026-06-18 14:16:19;12.57
12550;9.41;;U2 D' L2 B' U F' D' F' R' F2 R U2 L D2 F2 B2 L' F2 D';2026-06-18 14:16:41;9.41
12551;10.82;;F2 D2 F' U2 F R2 F' R2 F2 U2 R2 D' F2 R U' L' D2 U R2 F';2026-06-18 14:17:00;10.82
12552;8.08;;D2 R2 F U2 B R2 B' D2 L2 F2 R2 D' B' L U' L' D F' R' B2;2026-06-18 14:19:38;8.08
12553;8.00;;D2 L2 D' B2 F2 D L2 B2 U2 F2 U' L D2 B' D F2 R U2 L2 F2 D2;2026-06-18 14:19:56;8.0
12554;8.39;;D F2 D2 B2 L2 D2 R B2 U2 L U2 R' D2 F' D2 L' B' R B U F;2026-06-18 14:20:17;8.39
12555;7.78;;B R' L2 U' F2 D L2 U2 L2 U L2 U B D' F' D L2 R' B' U;2026-06-18 14:20:38;7.78
12556;10.29;;R' F U L2 B L2 D2 B2 R2 B R2 D2 B' F2 L' D L2 R B2 L' B;2026-06-18 14:20:58;10.29
12557;8.35;;L' U' D2 B' L' U' F2 B' R U2 D2 B D2 F U2 D2 F2 U2 L2 B;2026-06-18 14:21:19;8.35
12558;8.24;;F' L U' D L' F D' B R L2 F B2 L2 D2 B' U2 B L2 F U2 B2;2026-06-18 14:21:37;8.24
12559;11.93;;B' D' F2 R2 F2 L2 U' B2 U F2 U2 R2 B' D2 R2 F2 R' F L D;2026-06-18 14:21:53;11.93
12560;8.67;;D' B' L2 B2 U' B2 R2 D L2 R2 D L2 F2 U' R' F2 U L F2 L2 U2;2026-06-18 14:22:26;8.67
12561;8.62;;R' U D2 F2 U2 D' R' D' R2 F' U2 F R2 B' R2 U2 B D2 F;2026-06-18 19:33:43;8.62
12562;9.56;;L2 F2 U2 F2 U' B2 D B2 L2 D L2 B2 R' F D' F D2 L' U2 F' L2;2026-06-18 19:34:01;9.56
12563;7.56;;R D R' B2 R2 L U' L2 F' R2 U F2 B2 L2 U R2 D' F2 B2 L2 U;2026-06-18 19:34:22;7.56
12564;8.74;;U2 R2 L B U2 R' B' L2 F2 U B2 U2 F2 L2 U' L2 D2 L2 B D2;2026-06-18 19:34:39;8.74
12565;10.36;;F' L2 R2 D F2 L2 R2 D' U2 F2 U2 B L2 R U F2 L' U2 B2;2026-06-18 19:34:57;10.36
12566;9.07;;R' U F2 B' D F' U R' F' U2 R U2 R B2 U2 R U2 F2 L2 B2;2026-06-18 19:35:18;9.07
12567;10.62;;U' R' D' F2 L2 F2 D' B2 U' F2 U2 B2 U' L B L2 D' B' D' U;2026-06-18 19:35:38;10.62
12568;10.46;;R' U' D2 L B2 L B2 D2 B2 U2 L2 F2 L' F2 U' L2 U B' L D' R';2026-06-18 19:35:57;10.46
12569;8.89;;B2 D' F2 U' R2 U F2 U' B2 L2 D U2 L B R2 D U2 L R' U2 L;2026-06-18 19:36:15;8.89
12570;8.15;;R U2 L D R F L' B F2 D2 F2 B2 U B2 D' L2 U D' R2 L2;2026-06-18 19:36:35;8.15
12571;11.48;;D' R2 D2 L2 D2 B2 D' B2 R2 B2 U2 F' R D U2 L' B D2 U' B R;2026-06-18 19:36:54;11.48
12572;11.83;;L2 F U2 F2 L2 B' D2 B2 D2 L2 F' L2 D U R F' D U2 R' B2 L;2026-06-18 19:37:16;11.83
12573;11.35;;D' B' R' U' L2 R2 D F2 L2 F2 U' B2 U' L' D B' L2 F' R;2026-06-18 19:37:38;11.35
12574;8.55;;U B' L2 F L2 U2 B D2 B F2 L D2 F D' B2 U' L' U';2026-06-18 19:37:59;8.55
12575;8.70;;L2 B' U2 F R2 F' U2 F' D2 F' U2 F' U L2 R D L' R2 B' U;2026-06-18 19:38:18;8.7
12576;9.73;;U D' R2 U F B R U F2 B2 D2 L' F2 R U2 D2 B2 R' F2 R D;2026-06-18 19:39:06;9.73
12577;10.75;;F2 R' D2 U2 L' B2 L' U2 R2 U2 R' D B' D' B' D' B' R' F2 D';2026-06-18 19:39:24;10.75
12578;13.93;;L2 D2 L2 F2 U' R2 D' F2 U' R2 U B L' D' R D2 R D B' D F';2026-06-18 19:39:45;13.93
12579;9.75;;F2 U2 B R2 L' B2 D' F R D2 R D2 F2 R' U2 B2 L2 D2 B2 F';2026-06-18 19:40:12;9.75
12580;14.09;;U B2 D' L' F R' F2 B L' F D2 F' R2 L2 D2 B U2 F2 L2 F' L';2026-06-18 19:40:38;14.09
12581;10.36;;U2 L2 B R2 F2 L2 D2 B2 R2 B' U R2 B' F R U' L F2 R2;2026-06-18 19:41:01;10.36
12582;10.40;;D F' L F B' U2 L' F D L2 D2 L2 B' R2 B U2 R2 B2 L2 B U2;2026-06-18 19:41:20;10.4
12583;10.74;;F2 L2 B2 L R' B2 L' U2 L U2 R2 D' U' L B' U2 L' F' R B';2026-06-18 19:42:36;10.74
12584;10.82;;R2 U2 F2 U2 B2 R2 U2 F2 R B2 L' R2 D' F R' D' B L U' F2 D;2026-06-18 19:42:57;10.82
12585;10.05;;F' U' D' F2 B' L2 U R F2 D2 L2 U2 F' D2 B2 U2 B' L2 F' D';2026-06-18 19:43:22;10.05
12586;10.29;;F2 D2 F' L2 U2 R2 U2 B U2 R2 F' L' U2 B' F' U F' R' B2 D2;2026-06-18 19:43:42;10.29
12587;9.22;;L B' U' B U2 L D' B R2 F' R2 U2 F' U2 F' U2 F' R2 D2 R' D';2026-06-18 19:44:01;9.22
12588;9.99;;R2 F U B2 L2 B2 D B2 L2 D' R2 U' R2 U L' F2 L B2 U F2 R';2026-06-18 19:44:28;9.99
12589;9.82;;B2 L2 D' R2 D' B2 L' U2 B L2 B R2 B R2 F2 L2 B R2 D' F';2026-06-18 19:44:49;9.82
12590;9.91;;F R2 D' L2 U F2 U' B2 F2 L2 B2 R B2 F D L' D F' L U2;2026-06-18 19:45:08;9.91
12591;13.84;;R U' D' R F2 U2 L2 F D F2 L2 B U2 L2 D2 R2 B L2 F U2;2026-06-18 19:45:28;13.84
12592;10.61;;U R' F2 D L2 U R2 D' F2 U L2 U B2 U2 B' R' U R' F2 D' L2;2026-06-18 19:45:55;10.61
12593;9.94;;B U' L D2 R2 F' L' B F2 D2 B2 U2 R L B2 D2 R2;2026-06-18 19:46:16;9.94
12594;11.47;;B' L2 B D2 L2 B D2 R2 B2 L2 D' F L2 R' U B' L B' F' L2;2026-06-18 19:46:35;11.47
12595;10.40;;F L U2 B2 D2 U2 L U2 F2 L D2 U2 F' D' L' R' B D' U2 L;2026-06-18 19:46:58;10.4
12596;9.07;;D2 R2 U' F2 U2 R2 D R2 B2 F2 R2 U' B' L' U2 F2 L2 D' F2 L F;2026-06-18 19:55:37;9.07
12597;10.77;;U L2 U2 B2 D2 L' F2 U2 L F2 L U B2 R2 B' L F' L D';2026-06-18 19:55:55;10.77
12598;8.50;;F B2 D B2 R D' B2 R F2 R2 U2 L2 B2 D2 R2 F2 D2 B R';2026-06-18 19:56:55;8.5
12599;11.29;;U2 R2 U2 L2 U F2 U B2 F2 U' L' D L2 B2 R2 F L R' B' U2;2026-06-18 19:57:13;11.29
12600;10.36;;B2 U L2 D' R2 U R2 B2 D' L2 U F D' R2 D F2 L D2 U;2026-06-18 19:57:33;10.36
12601;8.28;;L' B2 L2 D2 B2 D' F2 R2 F2 U' B2 R2 F' R' U2 B R' U' L D2 B2;2026-06-21 18:01:18;8.28
12602;13.21;;R2 B2 U L2 F' L2 D F L' U2 F2 L2 B' D2 F R2 B2 L2;2026-06-21 18:01:38;13.21
12603;9.11;;L B D B' R L F' R' D' L2 D' B2 D' R2 F2 D2 L2 U B';2026-06-21 18:02:01;9.11
12604;8.87;;U' F2 U R2 U2 R2 D' R2 B2 R2 F2 R F2 U B L2 F L' R' F;2026-06-21 18:02:23;8.87
12605;DNF(8.17);;U2 F2 U' L' U' R2 B' U' D2 R U2 B2 R' D2 L' B2 L B2 U2 R' D;2026-06-21 18:02:44;8.17
12606;8.76;;D2 B L2 U2 B U2 D' L' B2 U R2 B2 D R2 F2 U2 L2 F2 D2 L2;2026-06-21 18:03:06;8.76
12607;7.88;;R' B2 F2 U2 F2 R B2 R D2 F2 D2 L' F R B D' B F' U' B;2026-06-21 18:03:27;7.88
12608;8.26;;B' R' L2 U2 B' D' L' U D2 B' L2 U2 F R2 F2 U2 B R2 F' L2 U;2026-06-21 18:03:55;8.26
12609;10.00;;R D' B' U L2 D L D2 B U2 F R2 U2 F2 L2 B' R2 D2 F2 R B;2026-06-21 18:04:15;10.0
12610;10.86+;;B' R D L F B U2 D R B2 D' R2 L2 F2 R2 U2 D' R2 L2 B2 L2;2026-06-21 18:04:37;8.86
12611;9.34;;L2 U2 L' R' D2 U2 L U2 F2 R' F' L2 R' D2 U' L R' U2 B2;2026-06-21 18:05:01;9.34
12612;10.14;;R2 F2 D' B2 D' U2 L2 F2 U' B2 F2 R2 F' R' B D' R D2 F2 R' D';2026-06-21 18:05:21;10.14
12613;10.10;;L D2 F2 R F2 D2 U2 L U2 B2 R' B' R D B D U2 R U' B2;2026-06-21 18:06:31;10.1
12614;8.97;;D2 F' L' F2 L' F2 D2 U2 L' D2 L B2 L2 D' B2 L F' L F2 R2;2026-06-21 18:07:42;8.97
12615;9.69;;R' U2 R2 B2 D L2 U2 F2 U' L2 U' R2 U2 L' B' F2 D L2 F R D2;2026-06-21 18:08:10;9.69
12616;13.25;;L U2 R2 U2 B2 L2 D L2 U R2 U2 B L D2 R F2 L2 U' B' L';2026-06-21 18:08:35;13.25
12617;DNF(14.35);;L' R2 F2 L' B2 D2 L' U2 F2 R' U2 F' R' B' F2 R B' U B2 L;2026-06-21 18:08:59;14.35
12618;12.62;;R2 D B U D2 L' D L2 F R U2 D2 L B2 L' F2 B2 D2 R2 F2 U2;2026-06-21 18:09:41;12.62
12619;9.76;;D2 R2 F2 D' R2 U F2 R2 D' R2 D2 R2 F' D R U' B' U B D' U';2026-06-21 18:12:36;9.76
12620;9.44;;L' F' R2 D F2 L2 U F2 U R2 U' F2 R2 D2 F R D L D F2 D;2026-06-21 18:12:59;9.44
12621;11.12;;F L' D2 R2 F2 D' R2 B2 U' R2 D U R' D2 B D2 R2 B2 F' R2;2026-06-21 18:13:23;11.12
12622;13.69;;L' U2 F D' L2 F' D2 F' D F2 L F2 U2 R' U2 R2 L' B2 R' F2 L';2026-06-21 18:13:54;13.69
12623;9.43;;B' R D2 R' F' B' R U' B' D R2 U' L2 D R2 B2 D' R2;2026-06-21 18:14:25;9.43
12624;9.13;;F D R2 U2 F' L2 B2 D2 R2 F' L2 F' L B' F2 L' D2 U2 B2;2026-06-21 18:14:47;9.13
12625;8.57;;U L2 D R2 B2 L2 U F2 D' U' L' F' U L2 D' F' L2 F2 R' U';2026-06-21 18:15:16;8.57
12626;DNF(10.47);;D L D2 B2 F2 R D2 R2 D2 B2 L F2 R' D B F2 D L B' L2;2026-06-21 18:15:37;10.47
12627;9.50;;R' F2 B R B2 U B2 D' F' R2 D2 B2 L' D2 R' F2 U2 B2 U2 L' U2;2026-06-21 18:17:11;9.5
12628;DNF(10.29);;F2 U' L2 D F2 D' B2 D' U B L D R2 B2 U B' L' R2 U';2026-06-21 18:17:34;10.29
12629;9.92;;L U' L' F2 D L' D' B' U R2 B2 L2 D2 B U2 R2 B R2 U2 F';2026-06-22 15:23:01;9.92
12630;11.83;;D' F' B2 L2 B2 R2 U' R2 D B2 F2 U2 F' L U R U2 B D';2026-06-22 15:23:22;11.83
12631;8.24;;R' B' U2 F' L2 D2 L' U2 F2 D B2 L2 B2 D F2 U' B2 L2 B D;2026-06-22 15:48:30;8.24
12632;7.93;;F2 U' L2 U' R2 B2 D' F2 L2 U F2 D' R' B' L U' B2 L' U2 B' U2;2026-06-22 15:51:17;7.93
12633;10.49;;B' R2 B' U2 F2 R2 B D2 F U2 F L' F D' R2 D' L2 B2 R D;2026-06-22 15:51:39;10.49
12634;8.53;;U2 L2 U' L2 U2 F' L' B2 R2 L2 D' R2 D2 B2 L2 U R2 D B2 L' F';2026-06-22 15:52:06;8.53
12635;11.45;;F2 U2 L2 F2 L2 D' F2 D' L2 B2 L2 U F U2 L' R' D' R B' U2 F2;2026-06-22 15:52:25;11.45
12636;9.44;;R2 B2 U' L2 U R2 D R2 U F2 D' L' F' U' B' U2 R U' L2 R2;2026-06-22 15:52:48;9.44
12637;8.87;;B2 D B2 L B2 L' D F' L F2 U D2 L2 B2 U2 R2 U F2 D';2026-06-22 15:53:38;8.87
12638;8.31;;L2 B' L F L2 B' D' R' U' L2 B2 D' B2 U' L2 U F2 R2 B2 R2 L';2026-06-22 15:53:57;8.31
12639;9.28;;D F2 L' B U R2 D' B' U2 R' D2 R B2 R B2 L' F2 R F2 B2 U;2026-06-22 15:54:18;9.28
12640;13.91;;R' F2 D2 F2 L' B2 F2 R2 U2 D' R2 F' L D2 U' R' F U';2026-06-22 15:54:39;13.91
12641;7.76;;R F2 U' F2 L2 D L2 U' L2 U' R2 U2 F2 R' U R2 U2 L F R' B;2026-06-22 15:55:05;7.76
12642;8.47;;U B L2 D L2 B' U2 R B U2 F2 U2 B2 R2 U2 L2 D2 R' B2 L';2026-06-22 15:55:23;8.47
12643;10.39;;L U2 L2 B2 R U2 F2 L' D2 R2 U2 D' B L2 D2 F L2 B D2 R;2026-06-22 15:55:47;10.39
12644;11.51;;L F2 L' F2 R2 B2 F2 D2 R F2 R' B2 U' R2 B' F' L U2 B' L2 U2;2026-06-22 15:56:12;11.51
12645;9.38;;L B R2 B L2 F R2 B R2 F' L2 U2 R' B2 U' L2 B F L' F2;2026-06-22 15:56:59;9.38
12646;10.14;;L2 D' R' U B D' B2 U2 R F' D2 R2 F D2 B R2 B U2 F L2;2026-06-22 15:57:21;10.14
12647;10.28;;L' B2 U2 B2 U2 L' B2 R B2 L2 F2 L' B F' R' B' R2 U F' L;2026-06-22 15:57:46;10.28
12648;10.85;;B' R' B U2 L2 F2 R2 B2 U' F2 L2 D2 U F D2 U2 R U B2 R2;2026-06-22 15:58:12;10.85
12649;9.78;;B' U2 R' F2 L B2 D2 U2 R U2 F2 R' B R D' L' R' U' R U';2026-06-22 15:59:03;9.78
12650;8.06;;U' B2 U2 R2 D R2 U L2 D R2 U F2 R' D2 B' D B L2 F' L R;2026-06-22 15:59:23;8.06
12651;8.73;;R2 B L' F R' B' U' F' L' D2 F2 R2 B' L2 F2 R2 B;2026-06-22 15:59:43;8.73
12652;14.77+;;F2 B' L U' F L' D' R' U R2 U2 R B2 R' B2 U2 R B2 L2 B2 L;2026-06-22 16:00:06;12.77
12653;12.04+;;B' D' U2 F U2 L2 B' R2 D2 R2 F' D2 R2 F' L F' D' B' L' D2 F2;2026-06-22 16:00:39;10.04
12654;5.22;;F D2 B D2 F U2 R2 D2 L2 F2 R2 F D' B' U R2 F2 U' B2 U;2026-06-22 16:01:03;5.22
12655;10.53;;R F2 L2 D U2 L2 U' R2 F2 D2 B2 U' B' F U' B' D' R' U' B;2026-06-22 16:06:57;10.53
12656;7.50;;F B L2 U' L' U2 F' R2 U2 R2 U2 D F2 U B2 U F2 B D2;2026-06-22 16:07:20;7.5
12657;9.22;;U L U' R2 F' R' U2 B D' F B2 D2 L2 B' D2 B U2 B2 R2 U2;2026-06-22 16:07:38;9.22
12658;11.31+;;U' F U2 L' B R2 D2 B D F2 L2 F2 U2 B2 U' R2 L2 B2 D L' F';2026-06-22 16:09:19;9.31
12659;11.61;;U2 L2 F' L2 B2 R2 F' L2 D2 B2 L2 U2 D' L' R B R2 U' F R';2026-06-22 16:09:41;11.61
12660;11.31;;L B2 U' F2 D' L2 B2 L2 B2 U' R2 B U2 F2 D' B' R F D2 L2;2026-06-22 16:10:19;11.31
12661;10.78;;U2 R' D' B U2 B2 R F U F2 B2 U' R2 L2 B2 U D L2 U' B';2026-06-22 16:10:43;10.78
12662;9.86;;B2 U2 L2 U2 B' D2 R2 F L2 U2 B L2 D' L B R F2 U2 F2 D2 L;2026-06-22 16:11:05;9.86
12663;10.86;;R U' R2 U2 R F' D B R U R2 D' F2 R2 U2 R2 F2 U R2 D L2;2026-06-22 16:11:25;10.86
12664;10.25;;L' U' B2 U2 B2 R2 U' L2 F2 U F2 D B' L' D' R' F2 D' U2 R2 B;2026-06-22 16:12:07;10.25
12665;9.70;;B2 D2 L F2 D2 R' F2 L R2 F2 L2 U2 F' U' B2 F2 L B' D' L2 R';2026-06-22 16:12:30;9.7
12666;DNF(8.71);;D' F2 D2 U2 R' D2 F2 L D2 R F2 U2 L U' R2 F L2 B2 D' R B';2026-06-22 16:13:18;8.71
12667;9.29;;F U2 R F2 R' F2 R B2 U2 L B2 R U R2 D' B' L B2 F' U';2026-06-22 16:13:37;9.29
12668;9.99;;U2 B D R2 D2 U' F2 U' R2 B2 R2 F2 D2 L B2 R B D U2 F';2026-06-22 16:13:58;9.99
12669;10.93+;;F2 B' D F R F' U' L' B R2 F' L2 D2 F2 D2 B' U2 L2 B' D2;2026-06-22 16:14:23;8.93
12670;8.75;;U2 F' B2 U' B' U' R' F2 U2 F2 B' R2 B L2 F' D2 L2 F' D2;2026-06-22 16:14:41;8.75
12671;7.58;;R2 U2 F2 D' R2 D' U' F2 R2 U F2 U' L D F U B' F L R2 F2;2026-06-22 16:15:00;7.58
12672;10.89;;D2 U2 L2 F D2 F' U2 R2 F' L2 B2 R F2 R2 U' B F2 U' R D;2026-06-22 16:15:45;10.89
12673;13.17;;B L' U B' U' B2 D' F2 L U2 L D2 L' D2 F2 B2 R2 F' U2;2026-06-22 16:16:06;13.17
12674;10.48;;R L2 D2 F' U2 B2 L2 F2 L2 F' D2 B D R D2 L2 B D' U2 L2;2026-06-22 16:17:07;10.48
12675;8.00;;B L2 U2 R F' U' F L U2 F' B' U2 L2 B R2 F D2 L2 R;2026-06-22 16:17:28;8.0
12676;11.16+;;F2 U2 R D R2 U2 R2 B2 L2 R2 D' B2 D2 F2 L B' D' B' U2 F L;2026-06-22 16:17:48;9.16
12677;10.23;;R2 D' U2 L2 F' U2 L2 F' U2 F U2 L2 F' R' B2 L2 U' R2 B U2;2026-06-22 16:20:19;10.23
12678;9.33;;R2 D' R2 F U2 B' D2 B L2 F2 U2 F U2 B' U' B2 L F' R' U F2;2026-06-22 16:20:42;9.33
12679;11.33;;U' F' L2 F2 D2 B' L2 D2 F R2 B' D2 F' L R F R2 D' R' D' L2;2026-06-22 16:21:03;11.33
12680;10.35;;U' R2 F2 U' B2 U L2 D2 B2 L2 D F2 R B2 U' F R F2 D L2 U';2026-06-22 16:21:26;10.35
12681;9.16;;F' L2 F2 L' B2 R' D2 L2 B2 U2 B2 D' B U' L F2 D B L2 R';2026-06-22 16:24:24;9.16
12682;8.32;;D2 U2 R U2 F2 L2 F2 L2 D2 L' U2 R2 U' B2 F L F L2 D F';2026-06-22 16:25:19;8.32
12683;8.86;;L2 B2 L D2 R2 F2 L' D2 U2 F2 U2 B' L F U' R F' D' B2 R;2026-06-22 16:26:35;8.86
12684;10.78;;U' D2 L' F' D' F U F B L2 U2 L2 U2 F' U2 L2 F R2 F2 U';2026-06-22 16:26:56;10.78
12685;11.45;;F U L D2 F2 L F2 D2 R2 D2 L2 R D2 R' F U2 B' F2 U' F' U;2026-06-22 16:27:39;11.45
12686;11.92+;;B D R2 D L F' B' D L D' F2 L2 B2 R2 F2 D' F2 U' F2 D';2026-06-22 16:28:01;9.92
12687;DNF(9.81);;D L' R2 F2 R2 F L2 F R2 B D2 F2 D2 B2 R' U' L D' F2 L2 F;2026-06-22 16:28:34;9.81
12688;8.94;;B U' R U2 L F2 D' R2 B U' B2 R2 B2 D F2 D2 L2 F2 U' L2 D';2026-06-22 16:28:56;8.94
12689;8.05;;B' R' U' D L2 F' R B2 U2 F2 L2 D F2 D' R2 U B2 D L' B';2026-06-22 16:29:15;8.05
12690;8.00;;R' F' B2 U2 R2 F2 D2 L B2 L' U2 R2 B2 F R D' B2 U L D2;2026-06-22 16:29:35;8.0
12691;10.97+;;F' B L' B2 L F2 U' B R2 U B2 D F2 D B2 L2 U2 R2 U2;2026-06-22 16:29:54;8.97
12692;8.30;;R2 D2 R F2 L D' F B' R2 B2 R2 L' D2 F2 U2 D2 R' F2 L';2026-06-22 16:30:14;8.3
12693;11.68;;L2 B R' U2 L B2 R' B2 L B2 R2 D2 R' F L' D U2 B' L' B2;2026-06-22 16:30:33;11.68
12694;7.55;;R' U2 B R' B' L U2 B' U2 F2 L2 U B2 D R2 U2 F2 D L2 F;2026-06-22 16:30:57;7.55
12695;11.24;;D2 F' L2 B R2 B D2 L2 D2 R2 F L2 R U L D L R' B D' F';2026-06-22 16:31:15;11.24
12696;8.78;;R B2 D2 L' D2 U2 L2 U2 F2 R' D2 R2 F R F2 U' B2 R' F' L B';2026-06-22 16:31:37;8.78
12697;8.89;;L F U2 L2 D B2 U L2 R2 U B2 U B2 F L U' R F D2 F';2026-06-22 16:31:58;8.89
12698;10.58;;R2 B2 U R2 U' R2 F2 U R2 D' L B U2 R2 B2 U' R B D2 R';2026-06-22 16:32:16;10.58
12699;9.80;;R' B2 R2 F2 D B2 D' U2 R2 U B2 U F' R F2 L U B L2 B R';2026-06-22 16:32:37;9.8
12700;8.16;;F2 U' B2 U' L2 D R2 F2 L2 D B' R' D B2 F U2 F' R B U;2026-06-22 16:32:56;8.16
12701;8.02;;D2 U2 F2 L D2 R' F2 R2 U2 R' D2 F L U F D2 L' R' U' L;2026-06-22 16:36:58;8.02
12702;8.51;;B U2 F U2 F2 D' R' U2 B L2 F' R2 B2 R2 B R2 U2 B' D L';2026-06-22 16:37:21;8.51
12703;8.76;;R U L B2 R B2 L U2 L2 F2 R' F2 L B' R D' F' D L2 D';2026-06-22 16:37:41;8.76
12704;9.58;;D2 B2 D2 R B2 L D2 R B2 L' F' D2 B' R D L' D B2 D';2026-06-22 16:38:01;9.58
12705;7.73;;B' R2 F' L2 F2 U2 B U2 L2 B2 L2 F2 R' D' R' B F D' L' R F;2026-06-22 16:38:21;7.73
12706;9.09;;B2 U' F2 D' R2 U L2 R2 B2 U B2 D2 L' B2 F U L2 B2 U' F';2026-06-22 16:38:45;9.09
12707;8.75;;U2 B2 D2 U2 L' U2 L2 B2 L' U2 L2 R' B' R' B L U B D' F D2;2026-06-22 16:39:07;8.75
12708;8.46;;B L D2 R' B' D R U' L' U B2 D F2 U B2 D' R2 D2 R2 L2 B2;2026-06-22 16:39:30;8.46
12709;9.16;;L2 B2 L2 U B2 U F2 R2 F2 R2 F' R B D2 R' B2 L' B D' L2;2026-06-22 16:39:47;9.16
12710;9.33;;B' F2 R2 B2 D2 B2 D R2 D U2 L2 D2 F2 L D2 U B' D' F' U' B;2026-06-22 16:40:08;9.33
12711;9.78;;R' D' L2 F2 R2 U2 B' L D2 F' D2 B2 L2 B R2 B' U2 L2 D2 L2;2026-06-22 16:40:29;9.78
12712;9.23;;R B' L F' U' B2 U2 L' B' U' F2 D2 B2 R2 D' L2 F2 U F2 D';2026-06-22 16:40:54;9.23
12713;10.98+;;D R D2 B' D2 L2 F' R2 B' R2 B2 F' L2 F' R' D' F L' R' B2 L';2026-06-22 16:41:20;8.98
12714;12.40+;;B2 U' L2 F2 D2 B2 U2 F2 U L' U' F D' L' B D' F' U' B;2026-06-22 16:41:42;10.4
12715;12.02+;;L2 F2 L2 U2 L2 F' R2 F L2 D2 L2 F' R' D' B2 R2 F' D' L2 B' D2;2026-06-22 16:42:06;10.02
12716;8.43;;R2 B D2 F2 R2 D2 F' R2 D2 L2 R2 B2 U B L' U' B F L2 R' B2;2026-06-22 16:42:26;8.43
12717;8.49;;F' R U' L2 B2 U' L2 D2 F2 L2 U' L2 B2 R2 B' U2 R B2 L' F2 U;2026-06-22 16:42:49;8.49
12718;9.88;;F2 U D F2 D' F R' L B' D F2 L2 F2 D' B2 R2 U' B2 R2;2026-06-22 16:43:06;9.88
12719;9.76;;B R2 L U R' B' R' D' B2 D' L2 U' L2 B2 U2 F2 U' R2 B L' F';2026-06-22 16:43:27;9.76
12720;7.88;;D F B R' D' B R2 L B R L U2 R' F2 U2 L F2 B2 U2 B2 U2;2026-06-22 16:43:46;7.88
12721;16.96;;D2 U2 R U2 L' U2 R B2 L2 R F2 D F' U R2 D L' D' B' L;2026-06-22 16:44:06;16.96
12722;9.84;;F2 U2 R2 D' L2 B2 L2 F2 U B2 U2 B' U' L R B' F' L2 R' F' L2;2026-06-22 16:44:35;9.84
12723;8.59;;F' U2 R' B' D' F' R B' U' B2 L2 U2 B2 R2 U2 L F2 L B2 R;2026-06-22 16:44:54;8.59
12724;9.36;;U2 B2 D2 L' B2 D2 R' F2 D2 L2 U2 L2 B L' F2 R' U L' D' U2 B;2026-06-22 16:45:15;9.36
12725;9.04+;;R2 F2 U2 F2 U B2 R2 D L2 F2 D2 B2 R' D F D R2 F2 D U2 R';2026-06-22 16:45:36;7.04
12726;8.64;;R2 B L2 B2 U R U D2 B L2 B' R2 B R2 U2 F' R2 U2 R' F';2026-06-22 16:45:54;8.64
12727;7.68;;F' L' D2 F' U' D B' D2 F2 L2 D2 R' B2 L F2 B2 R' F' L;2026-06-22 16:46:14;7.68
12728;6.95;;R U2 L' U2 F2 L B2 R B2 D2 F2 B U2 F R2 D' R2 B U;2026-06-22 16:46:31;6.95
12729;11.40;;R2 B2 D2 L D2 F2 L' D2 L R U L' R2 D' L2 U2 B R' B2 R';2026-06-22 16:46:49;11.4
12730;7.80;;F' L2 U2 B' L2 B' L2 R2 U2 F2 U2 F R B U' L2 U2 R F L D;2026-06-22 16:47:12;7.8
12731;10.85;;B2 L2 D2 U L2 B2 D F2 U' R2 L' D' F2 U2 B R' U2 B' R D2;2026-06-22 16:47:30;10.85
12732;11.04+;;F' U' R F2 R2 B2 R2 U' R2 U' L2 D2 R2 D F' D' L' R' B D' R';2026-06-22 16:47:52;9.04
12733;9.99;;L' F U' L F U2 D' R2 F B2 R2 U2 R2 U2 F2 B U B2;2026-06-22 16:48:10;9.99
12734;8.62;;B L F D R L2 U2 D L F2 L2 B L2 B D2 B L2 B2 U2 R2 B;2026-06-22 16:48:31;8.62
12735;9.96+;;B' L2 B2 L B2 F2 R B2 L' D2 F2 R' U' R' D B' D F' U2 R;2026-06-22 16:48:58;7.96
12736;10.00;;R F' B2 L2 U' R2 D2 L2 U B2 D2 L2 U F' R2 D L B' R' D2 R';2026-06-22 16:49:21;10.0
12737;9.42;;R2 B' R F' U' R2 F' U L2 U F2 B2 L2 B2 D R2 U2 D' B2 L;2026-06-22 16:49:50;9.42
12738;11.45;;L2 F' L2 B2 R2 D2 F' D2 B L2 F L B R' D F2 D' L' D' B2;2026-06-22 16:50:09;11.45
12739;14.76;;L F2 R2 F2 U L2 B2 D' B2 D F2 U2 L' B L2 F2 U' R D2 F U';2026-06-22 16:50:38;14.76
12740;11.93+;;D R2 F2 U F2 U' F2 D2 R2 B2 U2 L' D F' U B R' B2 D B2;2026-06-22 16:51:08;9.93
12741;9.84;;L' F R2 B2 U' R2 U' R2 F2 D' B2 F L' B U F L' F;2026-06-22 16:51:29;9.84
12742;10.89;;U L' U2 L U2 B2 R' F2 R2 B2 U2 D' L' B U L U2 F' R;2026-06-22 16:51:48;10.89
12743;12.04+;;R2 U B2 L2 D B' D L R2 U2 F2 L2 F' U2 B2 R2 F2 L2 R;2026-06-22 16:52:10;10.04
12744;10.50;;U2 F2 D2 F2 U2 R2 F2 L' D2 U2 L2 D' R2 B D' L' F L2 D L R;2026-06-22 16:52:31;10.5
12745;11.26+;;L F2 D' F2 R2 D' L2 D U2 B2 R D U' F' D B U2 B2 U';2026-06-22 16:52:52;9.26
12746;8.88;;D F' R2 D' B2 U' B2 R2 D' U' B2 R2 D B2 R D2 U' F2 R2 F' L2;2026-06-22 16:53:21;8.88
12747;14.40;;L2 D' R2 D F2 U' L2 D' R2 D2 F2 U2 F' L F2 L' B' U B2 R2;2026-06-22 16:53:47;14.4
12748;12.68;;U L B U' D2 R U' F U2 R2 F L2 B D2 R2 L2 F D2 F' D' L;2026-06-22 16:54:13;12.68
12749;7.99;;L U D F2 R' D2 B L D2 F2 B2 U' B2 U' R2 L2 D L2 B' L';2026-06-22 16:54:39;7.99
12750;14.45+;;F' R2 F' R2 D' R U B U' F2 U L2 D' R2 B2 U' L2 F2 B';2026-06-22 16:54:59;12.45
12751;8.41;;L U2 F' D2 R U' F' R D2 F2 U' B2 R2 B2 D2 L2 U B2 D' R' D;2026-06-24 17:58:17;8.41
12752;9.72;;R' U B R2 B2 L2 B U2 F L2 U2 L2 D R' D2 L2 F D U L';2026-06-24 17:58:37;9.72
12753;7.43;;B F2 D' R2 D2 R2 U' F2 U' F2 U' F' R' D' B' F D R' D2;2026-06-24 17:58:57;7.43
12754;12.06;;D' F' R D R2 D' U2 B2 F2 L2 U F2 L D L' U B' D B;2026-06-24 17:59:16;12.06
12755;11.96;;U' L2 D2 R2 U2 F D2 U2 F R2 F2 U2 F' U' B' L2 F D2 L F' D;2026-06-24 17:59:41;11.96
12756;8.36;;D2 F2 D' F D L D' R D' R2 U' R2 F2 U2 D' B2 D' R2 F2;2026-06-24 18:00:09;8.36
12757;8.62;;F2 U2 F U' B2 U' R2 U' F2 U2 B2 U L2 U B' R' U2 L' F D2 R;2026-06-24 18:00:34;8.62
12758;12.73+;;L2 B R2 B2 F2 L F2 R' U2 F2 R B2 D2 L D' L' U' B L' D R;2026-06-24 18:00:53;10.73
12759;9.87;;B U2 B R2 B' L2 F R2 B F' R2 U2 R B2 U' B2 L' D L2 R';2026-06-24 18:01:14;9.87
12760;11.26;;U2 R L' F R2 U D R' F' L2 F2 D' L2 F2 D' F2 U2 D' R2 D' R;2026-06-24 18:01:36;11.26
12761;10.01;;L2 F U2 B' L2 F L2 B2 L2 F' D2 R F D2 R' B L' U L2;2026-06-24 18:02:03;10.01
12762;11.18;;R2 B2 R2 U' F2 D2 R2 F2 U2 R2 F2 B U B2 D L U F U;2026-06-24 18:02:26;11.18
12763;10.19;;R2 U F2 U2 F2 R2 U L2 D B2 F2 U L' R' U' F D2 B U' R2 F2;2026-06-24 18:02:49;10.19
12764;9.24;;F' R' D L2 D2 L2 U' B2 D' F2 L2 U B2 U2 L' B2 D2 R B2 D F;2026-06-24 18:03:12;9.24
12765;10.56;;U R F U2 B2 R2 F' U2 R2 F D2 F2 U2 R F D U2 B R2 U2;2026-06-24 18:03:32;10.56
12766;10.15;;B2 R' D2 R' D2 F L2 U B' L2 F2 U2 R2 L2 B D2 L2 B L';2026-06-24 18:03:57;10.15
12767;9.21;;R2 U' L B2 R F2 U2 L2 B2 R' U2 R' F2 U2 D' R' F' D R2 B' U;2026-06-24 18:04:23;9.21
12768;13.69+;;R2 U' L' F D R' L' U' R2 F2 R' F2 L D2 L' B2 U2 R' B2 L F;2026-06-24 18:04:44;11.69
12769;10.41;;L B2 U F L B' R' D2 F2 R2 B2 L U2 L U2 F2 B2 L F U2;2026-06-24 18:05:09;10.41
12770;9.37;;L2 B D2 R2 U L2 U F2 U2 B2 D' R2 F2 R2 F D L F2 R' D B;2026-06-24 18:05:30;9.37
12771;9.86;;R' F2 R2 D2 U2 F2 U2 L2 D2 F D2 F L B' L2 R' B2 D B D U;2026-06-24 18:05:55;9.86
12772;12.28;;F2 R2 B2 D2 F2 D' L2 U' B2 R2 D' L' B2 F2 D B' L' R2 U L D';2026-06-24 18:06:17;12.28
12773;10.18;;B2 U2 B' L2 B2 F L2 D2 F' U2 F' L B D' U2 L' D F' L2 F';2026-06-24 18:06:50;10.18
12774;10.62;;R' U F' R2 F' D2 L F R2 F' U2 F' R2 D2 F U2 F2 U L';2026-06-24 18:07:08;10.62
12775;10.21;;D' L U' B2 R B L2 F U2 B2 L' B2 R U2 B2 U2 B2 L B2 U';2026-06-24 18:07:31;10.21
12776;11.80;;F' L' U' L' B' R2 L B R F2 B2 R U2 R' F2 U2 L' D2 L' F2 U';2026-06-24 18:07:55;11.8
12777;10.05;;R D2 U B2 R2 U' L2 D L2 B2 R2 D2 B' R' D' L R2 B F' D' L2;2026-06-24 18:08:18;10.05
12778;9.59;;R' U B' L U B U' L2 D2 F' L2 F2 D2 R2 F' U2 L2 D F2;2026-06-24 18:08:42;9.59
12779;11.17;;L B' L' U' F2 U2 B' D U2 R2 U2 R' F2 L2 F2 U2 R2 U2 R U;2026-06-24 18:09:02;11.17
12780;13.08;;R' U2 D F L U B2 L B2 R2 U2 B2 L2 U2 B2 R2 U B2 U';2026-06-24 18:09:24;13.08
12781;9.82;;B2 F2 L2 U' B2 F2 D2 L2 D' L2 F2 U2 F' D L' D' B R' B D U;2026-06-24 18:09:47;9.82
12782;12.22+;;D2 B U' L2 R2 U R2 U B2 R2 D R2 D R' U' R2 U2 F' R' D;2026-06-24 18:10:08;10.22
12783;7.47;;D L' F D F' R' U2 B' L2 U B2 D2 R2 F2 D2 L2 U' L2 B2 L;2026-06-24 18:10:29;7.47
12784;13.70+;;B2 U F2 D L2 U B2 D2 L2 B2 R2 L' B R D' R B D2 U R';2026-06-24 18:10:49;11.7
12785;9.17;;D L' F L U F D2 L B' U2 R B2 U2 L' D2 R L2 F2 R' B2 U2;2026-06-24 18:11:15;9.17
12786;11.20;;U' R2 F2 D B2 F2 D2 R2 B2 R2 F' L2 R B U B2 D2 L' F2;2026-06-24 18:11:50;11.2
12787;11.37;;D2 R2 F2 R2 F D2 F2 U2 B F' U L' U B' D' F U2 L' B2 D';2026-06-24 18:12:11;11.37
12788;13.69;;R' B2 D2 B2 U2 L' F2 R U2 R' B2 U B2 U B R F2 L U' L2;2026-06-24 18:12:37;13.69
12789;9.53;;F D' B R2 F2 U L2 B2 R2 D2 B2 U R' U2 F U L2 U2 R';2026-06-24 18:13:02;9.53
12790;11.99+;;D' U' B2 L2 U F2 R2 D' R2 F2 R2 B L' B2 L2 U R B' F L R';2026-06-24 18:13:34;9.99
12791;10.98;;R2 F2 L U2 L U2 F2 D' R F' D' L' F' L' R2 B;2026-06-24 18:13:57;10.98
12792;12.44+;;D' F2 U2 L2 U' F2 R2 U' B2 U R F' R2 U' F L D' L2;2026-06-24 18:14:23;10.44
12793;8.67;;L' F R2 F' D2 B2 R2 D2 F2 L2 D2 B' D2 U' R D' B' L R U' R;2026-06-24 18:15:21;8.67
12794;9.07;;D F2 D2 R U2 L U2 R2 D2 L' B2 R D2 B' D B2 R' U' F' L B';2026-06-24 18:15:43;9.07
12795;11.04;;B L2 D' L2 D L2 B2 F2 D B2 L2 D2 L' U2 B D' U' L2 D L2;2026-06-24 18:16:03;11.04
12796;10.12;;D2 R2 D2 L2 B2 L2 D' F2 D F2 U' R' F' L F2 R2 U B2 F;2026-06-24 18:16:35;10.12
12797;10.13;;L2 F' R2 D2 B' R2 F2 U2 B U2 L2 U' L B2 U L' R2 B' R2 F;2026-06-24 18:16:59;10.13
12798;14.54;;F R' U2 F R L' B R' D B2 L2 D B2 U' L2 U F2 R2 D2 B2 F;2026-06-24 18:17:29;14.54
12799;11.34;;D2 B R2 U2 L' F2 R2 B2 L U2 R2 U2 B2 U2 D' R' U B2 F U B2;2026-06-24 18:17:53;11.34
12800;9.79;;B' R' L U B' L' D2 B2 U' D2 R2 F2 D L2 F2 D' L2 R' F2;2026-06-26 14:47:24;9.79
12801;8.68;;U2 F2 R2 D B2 D R2 B2 F2 R2 U2 F U' L' B D' L2 D F' U;2026-06-26 21:38:13;8.68
12802;9.66;;L2 F' L2 U R2 L D2 F R2 D L2 F2 U L2 U' R2 D B2 D R2 L';2026-06-26 21:38:32;9.66
12803;8.22;;D L' U R' U' F2 U' F U B2 L2 F2 U2 R2 L2 D' R2 D R2 F';2026-06-26 21:39:01;8.22
12804;10.21;;U' D2 B' D2 R2 B' U2 R2 F U2 B2 F' L' F' D' R F D2 U2 R2;2026-06-26 21:39:18;10.21
12805;8.50;;D' B U2 R2 B2 R2 F' U2 R2 D2 R' B' F' R2 U R' F2 R';2026-06-26 21:39:36;8.5
12806;12.72;;U' R2 D' F2 L2 U2 L2 U L F' R' F2 R' B D' B' R' D2;2026-06-26 21:40:05;12.72
12807;9.71;;F2 L2 D' R2 B2 D2 F2 D2 R2 U2 F2 L B R D' U' R2 B' F' U2;2026-06-26 21:40:29;9.71
12808;7.95;;R' B R2 D R2 F2 U' B2 U' R2 U L2 B2 D2 F' L D' R2 U2 R;2026-06-26 21:40:47;7.95
12809;9.59;;L' F2 U2 R2 F U2 L2 B' D2 B2 D2 U2 L2 U' L' F L2 R' D' U L';2026-06-26 21:41:06;9.59
12810;9.80;;D F B D F2 U L' B L2 F2 R' U2 R2 U2 F2 R U2 F2 L' D2;2026-06-26 21:41:24;9.8
12811;12.12;;R2 B2 D2 F2 U R2 B2 F2 D' B2 D' R2 F' U R2 B' F L' U' L2 R';2026-06-26 21:41:44;12.12
12812;8.85;;R2 U' B L2 D' L B U2 F L2 U' F2 D' R2 D L2 B2 U' D' F2 L2;2026-06-26 21:42:05;8.85
12813;10.48;;B L' D2 B2 D' R2 U2 B2 D F2 D' L2 U L2 F' L' D' U2 B' L2 D2;2026-06-26 21:42:24;10.48
12814;10.03;;U' R' D L2 R2 U2 B2 L2 F2 U' R2 D R F D U2 L' D';2026-06-26 21:42:43;10.03
12815;10.48;;F B' R' U L2 U R2 B R' F2 R U2 L' B2 R U2 F2 B2 L U L2;2026-06-26 21:43:08;10.48
12816;9.28;;U2 B' R B2 U F R2 D' R' U' R2 L2 D L2 D F2 U L2 D' R2 D2;2026-06-26 21:43:27;9.28
12817;9.33;;D F L2 D F2 U B2 L2 B2 D' L2 U B2 D' F' R B' F2 R' D2;2026-06-26 21:43:47;9.33
12818;10.17;;R B' U2 B R2 B' U2 B2 D2 L2 D2 F R' B2 U2 R U B R D' F';2026-06-26 21:44:36;10.17
12819;9.92;;U R' F' L F B2 L D' F' L2 F' L2 B' D2 F' D2 R2 U2 F2 D;2026-06-26 21:44:58;9.92
12820;8.73;;D2 U' R2 D' B2 U2 L2 U' L2 R' F2 U2 B R B2 U' R2 D' R';2026-06-26 21:45:19;8.73
12821;8.61;;L' B R U' D2 L B' R2 D' F2 U' D2 B2 D2 F2 R2 D' R2 B2 F R2;2026-06-26 21:45:38;8.61
12822;15.16;;R' B L' B D B2 U B' R B2 U2 L2 B U2 L2 D2 R2 F' U2 F B;2026-06-26 21:45:58;15.16
12823;9.16;;F2 L' F2 L2 D R2 D2 B2 F2 R2 U L2 B U R' U R F2 U L';2026-06-26 21:46:23;9.16
12824;9.17;;B2 L2 F' L2 D2 B' D2 B' R2 B' L2 R2 U R' B U2 R' B2 R F2 D';2026-06-26 21:47:24;9.17
12825;10.36;;U2 R2 F R2 B U2 F' D2 L2 F2 L' R' B R2 B D2 U' R F2;2026-06-26 21:47:45;10.36
12826;8.85;;D' R2 F2 L' U2 B2 F2 L2 R D2 R D2 F2 B' L D R' F L' D U';2026-06-26 21:48:15;8.85
12827;8.91;;B2 D2 R' F D' B' R' D L2 U2 F L2 B U2 D2 B2 U2 F' R2 U;2026-06-26 21:49:35;8.91
12828;7.95;;B' U' B' U2 B F2 L2 U2 F' L2 U2 R2 U R' B' L' R';2026-06-26 21:50:11;7.95
12829;7.95;;B' F' D2 U2 R2 F' D2 B' L2 B R B U' L F R2 B' D B;2026-06-26 21:50:27;7.95
12830;9.76;;F U' B' U2 B U2 R2 U2 B' D2 F' R2 B' R2 U' B' D' L2 R' U B;2026-06-26 21:50:48;9.76
12831;14.14;;L2 D2 R B2 L F2 D2 U2 R B2 U2 R D B' L' R' U' R' F' L R';2026-06-26 21:51:06;14.14
12832;9.80;;D2 B R2 U2 R2 U2 B L2 B2 U2 R2 F D U2 B' F D' L F2 D2 U2;2026-06-26 21:51:35;9.8
12833;9.77;;D' R U2 B U2 F2 B2 L F L2 U2 D' R2 U2 D F2 R2 F2 R2;2026-06-26 21:51:52;9.77
12834;9.67;;R2 B' F2 U R2 U R2 B2 D B2 L2 D2 B2 L' B2 D' B R2 U' B';2026-06-26 21:52:13;9.67
12835;8.41;;D' F2 L2 D F2 U B2 L2 D' L2 U2 L F L2 F2 U' F2 R' F2 D' B2;2026-06-26 21:52:36;8.41
12836;10.58;;U2 B L2 F' U' B U2 B' F2 R' U2 L2 U2 L' U2 L' F2 L' F2 U;2026-06-26 21:52:53;10.58
12837;11.28;;B2 R' F L' U B R' L F U2 F2 R2 L B2 L2 F2 B2 U2 F2 R' B2;2026-06-26 21:53:13;11.28
12838;9.65;;B' D L2 D' U' B2 R2 U' L2 F2 D R2 F2 R F' R2 U' L F U B2;2026-06-26 21:53:33;9.65
12839;10.99;;L2 B F R2 B U2 R2 F' U2 L2 R2 D F' D' B2 L2 U R' U' F';2026-06-26 21:53:53;10.99
12840;9.75;;U' R2 F R L F2 U' L D2 B2 D2 L2 F' U2 D2 F2 L2 B R;2026-06-26 21:54:13;9.75
12841;9.85;;B2 F2 D' B2 R2 U' R2 F2 D2 F2 R' F' D' R2 U2 R B U2 B2 F';2026-06-26 21:54:35;9.85
12842;13.21;;F2 R2 B2 L2 D' F2 D' B2 R2 U R2 U' F' R2 F R' U' F' L' D L';2026-06-26 21:55:10;13.21
12843;8.71;;U L' D2 B L D' L D2 F' B' R2 F2 D2 R2 F' L2 F L2 D' L2;2026-06-26 21:56:05;8.71
12844;9.21;;D2 F' L2 D' R2 U F2 D' B2 U R2 U' R' F' L D B' U R B2 F2;2026-06-26 21:56:22;9.21
12845;9.96;;L B2 R' B2 D R2 B2 D' R2 D2 L2 D B' R F' R B2 L D;2026-06-26 21:56:40;9.96
12846;7.66;;B' D2 U2 F2 U2 L U2 R2 U2 R' D2 R' B2 D B' L2 U' L2 F2 D' F';2026-06-26 21:56:59;7.66
12847;10.23;;D L2 U' F2 R2 F2 D R2 D2 U' B2 R B' F2 U' R' B2 D' F' R';2026-06-26 21:57:21;10.23
12848;8.64;;R2 B2 L2 F D2 U2 L2 F L2 U2 F D2 L B' R' D' L' D' R' F2 L;2026-06-26 21:57:47;8.64
12849;11.01;;D2 F' L2 B2 L2 U2 B R2 F2 U2 R B' L U' R2 U2 R' D F2 L2 B';2026-06-26 21:58:07;11.01
12850;11.81;;B' D2 B D2 F2 R2 U2 F2 R2 U2 B' U R2 B' F' U F L B R' U';2026-06-26 21:58:27;11.81
12851;8.96;;R B' R2 F R2 U2 F U2 F' L2 U2 F2 D' U B' F' L' D L2 R';2026-06-26 21:58:46;8.96
12852;9.58;;U' R B' U2 L2 B2 L2 B R2 F' R2 F' R2 F L' F2 D U' R F' D';2026-06-26 21:59:03;9.58
12853;11.90;;U' R2 L' U' D' R2 D' F2 L F' L2 U2 R2 L2 B2 L2 D2 B U2 B;2026-06-26 21:59:24;11.9
12854;10.24;;R2 U' L2 D' U2 F2 U2 L2 B2 L2 B2 F L B' R F2 U B' F2 L' U;2026-06-26 21:59:49;10.24
12855;10.85;;F R2 U2 F2 U R2 D B2 D F2 D2 R2 U F' U' F' U R' B' U R;2026-06-26 22:00:18;10.85
12856;11.44;;U' F' B L' U F2 U2 L' D U2 L U2 F2 U2 F2 R2 D2 R L2;2026-06-26 22:00:42;11.44
12857;9.46;;L B' U2 L D2 L F2 U2 L U2 R' F2 D2 B' F' U F' R D F2;2026-06-26 22:01:07;9.46
12858;11.10;;D' B' L2 B2 U2 R F2 L' R' B2 R D2 F2 B D' U2 R' U' B2 U;2026-06-26 22:01:29;11.1
12859;10.35;;B2 L2 B' U2 F U2 F L2 F2 D2 F' R2 L' B U' F2 R' F' D U2 R2;2026-06-26 22:02:14;10.35
12860;10.06;;L U2 B2 F2 R F2 L' U2 B2 R F2 R' B F' D B L2 B' U;2026-06-26 22:02:45;10.06
12861;9.12;;L' F B2 U' R2 U' L2 F2 U F2 R2 D F2 U2 R' U' F' R2 F' U;2026-06-26 22:03:06;9.12
12862;10.07;;B2 L D2 U2 L B2 R2 D2 B2 D2 L B U2 F D R B2 U' L R D';2026-06-26 22:03:28;10.07
12863;7.25;;R' F2 D R2 U' R2 F2 L2 R2 U' R2 D B2 L U2 F2 L' D' U R' B';2026-06-26 22:03:59;7.25
12864;8.41;;U B' D' U2 B2 U2 F2 U' R2 D' B2 L' B R F D2 B2 D2;2026-06-26 22:04:15;8.41
12865;11.11;;L2 D2 B U' R' L' U2 F D' L' D2 R' L2 F2 R B2 D2 B2 L2 D2;2026-06-26 22:04:37;11.11
12866;9.34;;L' R2 B' U2 B D2 B' F2 U2 B R2 D' L2 B R' U2 B2 R' B F';2026-06-26 22:04:59;9.34
12867;10.01;;B2 U B2 D U2 L2 D' B2 F2 L R U' F D2 L' U B F2 D';2026-06-26 22:05:20;10.01
12868;8.49;;B R2 D2 U2 R2 B R2 F L2 F' R B R B' L D' F' R B U2;2026-06-26 22:05:37;8.49
12869;9.37;;U2 D' B R U' B' L' D R2 U2 R B2 R' B2 D2 F2 B2 L2 B2 L F;2026-06-26 22:05:53;9.37
12870;8.66;;U' D' B' D' B R' F' L' B F2 D2 B2 D F2 U B2 R2 U F2 B2;2026-06-26 22:06:12;8.66
12871;9.68;;R2 L D L2 D' R2 F L B' D' F2 D' L2 F2 D' F2 B2 D2 L2;2026-06-26 22:06:30;9.68
12872;8.85;;B U2 L2 D2 F L2 F U2 R2 F' R2 F U' F' U B L' D' B F' L';2026-06-26 22:06:54;8.85
12873;9.39;;L' U' F2 U L2 D2 R2 D' L2 B2 R2 F' U F' D' B' D R2 D2;2026-06-26 22:07:11;9.39
12874;9.94;;D2 B L2 R2 B L2 D2 F R2 U2 R U B' L U2 F R' B L2 B';2026-06-26 22:07:29;9.94
12875;10.73;;F' L2 D' U2 L2 B2 F2 D L2 F2 U2 R2 F' L' B' U' B2 U' L' D2;2026-06-26 22:07:47;10.73
12876;10.68;;L2 D2 F2 R' D2 R' B2 R F2 D2 U2 R B' L D' F' R B D F2 R';2026-06-26 22:08:07;10.68
12877;7.92;;U2 B2 R L2 F2 L2 B D' R2 U D B2 L2 D' B2 R2 U2 F';2026-06-26 22:08:34;7.92
12878;9.89;;L2 B L' B2 D2 F U' R B2 U2 L D2 F2 R U2 F2 B2 R2 F U';2026-06-26 22:08:51;9.89
12879;10.94;;L R2 B2 U2 F' D2 R2 F D2 L2 B U B2 U2 B' D L F2 U;2026-06-26 22:09:11;10.94
12880;10.20;;R' B2 U2 B D' R' U B' F2 D2 L U2 L B2 R' U2 L2 D2 B2 R';2026-06-26 22:09:31;10.2
12881;11.22;;R' D2 R' D2 B2 L2 U2 R U2 R' B2 D R' F2 D R2 B' U B' D2;2026-06-26 22:09:48;11.22
12882;10.52;;L2 F U2 L2 F R2 F2 R2 D2 F R2 D2 U' R2 B U L D U' F L';2026-06-26 22:10:07;10.52
12883;10.53;;D B F2 D L2 D R2 U' L2 U' R2 B2 F2 R B D L' U2 R2 U';2026-06-26 22:10:26;10.53
12884;7.66;;B L B' U R2 B2 D2 R2 U2 L2 B2 D R2 B R B D2 R F' D;2026-06-26 22:10:44;7.66
12885;14.43;;B' R' B R' F' R D B2 U2 R U2 L' D2 R' U2 B2 L B2 R D;2026-06-26 22:10:59;14.43
12886;8.34;;L2 R2 F R2 F' L2 U2 F' U2 R2 F2 R' B2 F' R2 U' L2 F2 D2 L;2026-06-26 22:11:24;8.34
12887;9.91;;D2 R2 B L2 B R2 B' R2 F' L2 R2 D F' D2 U2 L' U' B R' F';2026-06-26 22:11:48;9.91
12888;7.20;;R' U' R2 U2 F2 L2 D2 B2 U' L2 U' B D F' R2 F' U' B L U';2026-06-26 22:12:12;7.2
12889;8.77;;F2 D2 B2 L2 R2 D L2 U R2 B2 U2 F D2 U L2 U F2 R F' L' D';2026-06-26 22:12:27;8.77
12890;11.13;;U2 B2 D' L2 D U2 R2 F2 U B2 L' U2 B' U F2 U L2 B L' B';2026-06-26 22:12:45;11.13
12891;10.68;;D B' U D' F2 D2 R U' F' U' L2 D' F2 L2 B2 L2 U F2 U2;2026-06-26 22:13:24;10.68
12892;8.79;;B U D R' F D2 L D2 L' F2 B' L2 F' L2 U2 F B2 U2 D2 B' L2;2026-06-26 22:13:45;8.79
12893;8.80;;B2 L' F2 R2 D' F2 R2 D U2 B2 F2 L2 F' L2 D' B D R' D2;2026-06-26 22:14:02;8.8
12894;8.79;;D2 B2 U' B2 U2 L2 B2 R2 D L2 R2 B' U F2 U F D' R B R';2026-06-26 22:14:19;8.79
12895;10.61;;B L2 B2 L2 R2 U L2 D' L2 U R2 U' B D B' L B2 D2 B' L;2026-06-26 22:14:37;10.61
12896;10.84;;B2 L2 R2 F2 U' R2 U' R2 D F D2 L U2 L2 F U2 R;2026-06-26 22:15:00;10.84
12897;8.79;;U2 F2 R2 B2 L' U2 L' B2 U2 L2 B' D B F U' R2 B D2 L';2026-06-26 22:15:18;8.79
12898;8.94;;D' L2 B2 L2 D B2 F2 R2 B2 D' U' L F D2 B D L' D B' L';2026-06-26 22:15:35;8.94
12899;9.36;;D' R' U2 L2 U L2 U' L2 F2 D' R2 U B D' L' U L B R2 F;2026-06-26 22:15:53;9.36
12900;9.28;;B D' L2 D2 F2 R F U' L2 U2 B R2 F' D2 L2 U2 B2 D2 B L;2026-06-26 22:16:13;9.28
12901;7.24;;D L2 U B2 F2 D R2 B2 D R2 D' L2 B' R' U L2 B D' U B D';2026-06-26 22:16:49;7.24
12902;17.83;;U' B2 D R2 U R2 D2 F2 D' F2 L2 U R' U2 B' R2 B2 L B' U';2026-06-26 22:17:08;17.83
12903;7.94;;F R U' R2 F2 L2 B2 U' F2 D2 F2 L2 D2 R D2 L' F' R' U B';2026-06-26 22:17:34;7.94
12904;8.01;;B2 U B2 D' B2 L2 U L2 D' L2 D2 L' U B F2 U2 F' L2 D2 R' U;2026-06-26 22:17:55;8.01
12905;8.16;;U2 B R F2 B R L' D2 F U' B2 U B2 R2 U B2 L2 D R2 L2 D;2026-06-26 22:18:12;8.16
12906;9.33;;R2 U B2 L F L' B R D' R2 U2 F2 L2 F' U2 F2 U2 L2 F2;2026-06-26 22:19:00;9.33
12907;9.08;;R' F2 R B2 F2 U2 L2 D' L2 R2 U' R2 F2 D' R' F L2 U2 B R' U;2026-06-26 22:19:17;9.08
12908;9.06;;U' D L' B R F2 D' B L2 B R2 B' U2 F D2 R2 F' L2 F2 L';2026-06-26 22:20:23;9.06
12909;8.78;;L' F2 U2 L D2 R' D2 R2 U2 R' B2 U L' B F2 R U2 B U F;2026-06-26 22:20:52;8.78
12910;9.66;;B2 R' D2 R' F2 L2 D2 F2 L B2 L2 U2 F U' F' R F L' D R U;2026-06-26 22:21:10;9.66
12911;7.80;;U L D' L2 R2 D B2 R2 B2 D' R2 U2 R2 U' F U B2 L' F' R2 U;2026-06-26 22:21:29;7.8
12912;13.80;;F' B U' R2 F L' U' D2 B' D2 R' U2 R B2 U2 L D2 B2 R2 L';2026-06-26 22:21:46;13.8
12913;9.19;;R' B U F L' B2 D' B2 R' D2 R2 D F2 D F2 L2 U B2 U' B2 R2;2026-06-26 22:22:23;9.19
12914;9.83;;D2 U2 L B2 D2 B2 D2 L U2 R' U2 R D' B L U2 B2 L U2 F U;2026-06-26 22:22:45;9.83
12915;10.74;;U R U' B' D F R2 D' R' D2 F R2 F U2 F' D2 L2 B' L2 F R2;2026-06-26 22:23:04;10.74
12916;7.78;;D2 B' L2 F R2 B U2 F' U2 F2 U2 R' U' B2 R2 F U' B2 U' R';2026-06-26 22:23:23;7.78
12917;8.65;;U F2 R2 F D2 R' D F' L R2 B' R2 B' D2 F' R2 F R2 F;2026-06-26 22:23:42;8.65
12918;DNF(16.59);;U' F L' B2 R U2 R U2 R B2 F2 L F2 B' D R B' U' B U' L';2026-06-26 22:23:59;16.59
12919;9.94;;B R2 D2 F' D2 B L2 B L2 F2 L2 F R' B2 F R B' L D' B2;2026-06-26 22:25:19;9.94
12920;9.67;;B2 L U2 B U' F' R2 D' L R2 B L2 F2 B L2 F' L2 U2 F' U2 L2;2026-06-26 22:25:39;9.67
12921;12.84;;B' U2 B2 L' U' R' D' F2 R' D2 B' L2 B' U2 R2 B2 R2 D2 B' U2 B';2026-06-26 22:25:59;12.84
12922;10.80;;D2 U2 B2 R2 F' L2 R2 B2 D2 U2 R2 U2 L' F U2 R D' U' R;2026-06-26 22:26:25;10.8
12923;10.01;;D2 R U D' F L' U2 R U L2 U2 B2 D' F2 D F2 U L2 B2 F' R;2026-06-26 22:26:44;10.01
12924;10.94;;L' U2 R2 U' F B' R' B' L' D R2 U R2 U2 F2 D' R2 F2 D B2 F;2026-06-26 22:27:05;10.94
12925;8.24;;R' B2 U' L' F R U2 R' U B2 U L2 B2 D F2 L2 D' F2 U2 B2;2026-06-26 22:27:24;8.24
12926;7.93;;F' L' F2 B' L' F' L' U B2 U B2 R2 U B2 L2 D F2 U' L2 R D;2026-06-27 12:51:45;7.93
12927;10.44;;U' F2 U' B2 D' F2 L2 D2 F2 U' L2 B2 R B D' R' D L2 F' D2 L;2026-06-27 12:52:15;10.44
12928;9.20;;F2 L2 R2 D2 U2 F2 D' L2 R2 U2 R D' B R2 U L' R2 F' U' R';2026-06-27 12:52:36;9.2
12929;9.24;;B' L2 B R2 D2 L2 F' L2 F' L2 U2 B2 L U' B F' D2 R U F2 D';2026-06-27 12:52:55;9.24
12930;9.32;;F2 R2 F D2 B2 R2 U2 F' U2 F D2 B2 R' B L2 U B' L' B D2;2026-06-27 12:53:14;9.32
12931;9.18;;L2 B' D2 B2 D2 L2 U2 F U2 B R2 F R' B2 L' U F' R2 B F' L;2026-06-27 12:53:33;9.18
12932;9.14;;D' R B2 U B2 L2 U' R2 D2 L2 D2 R2 F' L F D2 B2 U' B D2;2026-06-27 12:53:51;9.14
12933;12.23;;L2 U B' L' U2 F' D B2 D2 B2 U2 R2 U2 L' D2 L D2 F2 U R';2026-06-27 12:54:09;12.23
12934;9.85;;R2 U R2 D F2 U' R2 U R2 U2 R' D R D' F' D' L B' U2;2026-06-27 12:54:44;9.85
12935;9.73;;D2 F' D2 B' F' L2 B' D2 L D B' L U' R B U' L';2026-06-27 12:55:01;9.73
12936;8.93;;F' R2 U2 F U2 L2 F R2 D2 F2 D2 R B' R2 F2 L' F' U' L R';2026-06-27 12:55:26;8.93
12937;7.23;;D B D2 L2 U2 F' U2 F L2 B' F2 D' F U L' U' B2 D F;2026-06-27 12:55:47;7.23
12938;9.96;;U F2 L2 D' R2 U L2 B2 L2 D L2 F' R B' U R2 U L B' R F;2026-06-27 12:56:03;9.96
12939;12.68;;B U2 R2 B' U2 F D2 F2 D2 F D2 R2 D B' R2 U2 B L U' F L';2026-06-27 12:56:20;12.68
12940;7.57;;D2 F' L2 F L2 F2 R2 U2 L2 F R' F2 D' R2 D2 L2 B R D2;2026-06-27 12:56:55;7.57
12941;9.37;;R2 B R2 B U L D B' D2 B2 L' B2 U2 L2 B2 U2 R F2 R' F2;2026-06-27 12:57:10;9.37
12942;8.95;;D2 F' U2 L2 D2 R2 B F2 L2 F' U R B2 L R' D L B' U';2026-06-27 12:57:50;8.95
12943;11.01;;U L' F2 L F2 D2 F2 R2 U2 R D2 F2 R B D' U2 B D2 F U B2;2026-06-27 12:58:08;11.01
12944;8.62;;R2 D2 B2 D2 B2 R2 F2 R2 U L D2 R' U' B R F' D2 L' B';2026-06-27 12:58:26;8.62
12945;12.34;;R B2 U F D2 R B' R2 U D2 F2 R2 D R2 D' F2 L2 D R F2;2026-06-27 12:58:44;12.34
12946;12.06;;R' U2 F' R2 U' R U2 F U2 L2 U2 R2 F2 L' B2 R U2 L B;2026-06-27 12:59:05;12.06
12947;9.14;;R2 L D L F2 D' L2 B' R' F2 L2 U' R2 D2 F2 U' L2 B2 D' F2;2026-06-27 12:59:29;9.14
12948;8.42;;F R2 D' L2 F2 D U2 B2 F2 L2 U2 B' U L F L R' U' B D;2026-06-27 12:59:45;8.42
12949;11.17;;U2 R2 U2 F2 R' U2 L U2 L2 F2 L2 B L2 D' L R F D' L2 D2;2026-06-27 13:00:05;11.17
12950;12.87;;F' B2 D2 B2 U L2 R2 B2 L2 U2 R2 U' L' U2 R' U' F L B2;2026-06-27 13:00:25;12.87
12951;12.00;;R' B R2 F2 R2 U R2 D F2 U2 L2 D' R2 F2 R F' R2 D2 R F';2026-06-27 13:00:47;12.0
12952;9.39;;R' U F2 L B2 R F2 L D2 L U2 L2 R' B2 F U' L2 U' F' L B';2026-06-27 13:01:15;9.39
12953;9.16;;F2 R' U2 B' U2 D L F2 D' B2 R' L F2 R2 U2 R U2 D2 B2;2026-06-27 13:01:31;9.16
12954;8.53;;D2 F B2 L2 U2 B2 L U2 R D2 L' U2 D' L' B' D R2 B' F2;2026-06-27 13:01:53;8.53
12955;9.14;;L B U2 B2 D R2 F2 L2 U' B2 F2 D B' L' R2 B2 D R D L2;2026-06-27 13:02:17;9.14
12956;8.93;;B' L D2 R' B2 F2 U2 L D2 R D2 L2 U' L B F L F L' B2;2026-06-27 13:02:35;8.93
12957;8.01;;R' F' D2 B L2 B' D2 U2 L2 D2 F L2 F' D' F D2 R' D F U2 L';2026-06-27 13:02:53;8.01
12958;8.40;;U F L' B' U' L2 B D B' U2 D2 B U2 L2 B' R2 F' D2 B' U2 R;2026-06-27 13:03:10;8.4
12959;12.14;;U2 F D2 L2 R2 F L2 F' U2 F U' B L' D B' L B2 L R;2026-06-27 13:03:26;12.14
12960;10.48;;F' L' F D2 R2 F2 D U B2 U' L2 U L2 R' F D2 U2 L' U';2026-06-27 13:03:53;10.48
12961;10.41;;R2 B2 U2 L2 U2 L2 F L2 R2 B2 D' L B D2 F R' D2 R D;2026-06-27 13:04:11;10.41
12962;8.50;;B R2 D2 L2 R2 B F L2 U2 F' U2 F' L D2 U F2 D L' R2 B R2;2026-06-27 13:04:31;8.5
12963;8.71;;B' U R' U' L' F U2 D' R2 U' L2 B2 L2 F2 U B2 U R2 F L';2026-06-27 13:04:48;8.71
12964;9.28;;D' B' D2 F' D2 R2 D2 R2 F' U2 R2 F' R2 U F' R' U F2 U L B2;2026-06-27 13:05:06;9.28
12965;9.67;;R2 D' F2 R U2 L2 B2 U2 L' R2 D2 R U2 B' U' F' D B' R U';2026-06-27 13:05:24;9.67
12966;10.16;;U' F2 D2 L2 U' L2 D' L2 U B2 D2 B' D L R U' L R2 F2 D;2026-06-27 13:05:43;10.16
12967;7.70;;D2 L2 F2 L2 B2 U2 L' F2 R' F2 B' U L' D R2 F' L D2 F;2026-06-27 13:06:04;7.7
12968;9.10;;F2 R D2 R' U2 L B2 F2 R D2 F U2 L' D L F2 U' R B' L';2026-06-27 13:06:21;9.1
12969;10.52;;D B2 U R2 D2 R2 U B2 F2 R2 U L B' R D' U2 B U' L2 D;2026-06-27 13:06:36;10.52
12970;9.66;;L F R2 D F' U' B U B2 L2 U2 L B2 U2 F2 B2 L F2 D';2026-06-27 13:07:51;9.66
12971;9.38;;D L2 U' L2 R2 D L2 D' B2 F2 U L R F' R2 U B' D' U' R' F2;2026-06-27 13:09:01;9.38
12972;9.06;;B U R2 D' U L2 U2 F2 U2 B D2 L' U' B L D R;2026-06-27 13:09:24;9.06
12973;8.88;;D L' U2 B2 R F2 U2 R2 B2 R D2 R2 B D' B2 U' B L' B F';2026-06-27 13:09:42;8.88
12974;7.76;;L2 B2 U2 R' B2 D2 R D2 B2 D2 U2 R2 D F2 R F2 L B' R B2;2026-06-27 13:10:03;7.76
12975;7.55;;U' B L F' R F2 D L F2 U D R2 L2 U2 B2 U' R2 F2 U2 F2;2026-06-27 13:10:30;7.55
12976;10.36;;F' D' F B2 U2 R2 D' L2 B2 U2 B2 R2 U' L' D2 B' R D' F U;2026-06-27 13:10:48;10.36
12977;9.61;;B2 D2 R2 D' L2 R2 F2 U' R2 U' F L2 D2 F' R F2 U2 F' D2;2026-06-27 13:11:06;9.61
12978;10.14;;L' B' F2 D2 L2 D' F2 R2 U' R2 U B2 U' B U2 F2 L' B' F D2;2026-06-27 13:12:23;10.14
12979;9.50;;F U' D2 R F2 B' L' U B' R2 B2 U' B2 U2 B2 U' F2 L2 B2 U;2026-06-27 13:12:43;9.5
12980;11.12;;F D' F' L2 D2 L2 B2 D2 B D2 F2 L2 B R B' R2 D R' U' R';2026-06-27 13:13:03;11.12
12981;9.18;;D F2 D' R2 U' L2 U2 F2 U' L2 F L B L' R2 U' B' U2 R B';2026-06-27 13:14:14;9.18
12982;7.99;;R L2 B2 R2 D B2 D' L2 D2 U R2 D L U R D B F2 R B2 R2;2026-06-27 13:14:31;7.99
12983;8.72;;U' F R' D2 L2 F B' R U F' L2 D2 F' L2 B' U2 D2 F L2 B';2026-06-27 13:14:48;8.72
12984;8.76;;L D L2 F2 L2 D' F2 U' L2 D2 L2 F D2 B L R U' B R2 B2;2026-06-27 13:15:04;8.76
12985;8.87;;F2 U' F D F L' D2 B L2 D2 F2 B2 L2 F2 D' F2 U F2 D' L2 F;2026-06-27 13:15:23;8.87
12986;9.90;;R' B2 R B2 D2 F2 U2 R F2 L' F2 B L2 D R2 B' R2 F L U';2026-06-27 13:15:43;9.9
12987;6.74;;D U2 R2 F R2 F2 D2 R2 B' F' L2 D' R2 U2 L' U' R2 B R F;2026-06-27 13:16:01;6.74
12988;8.26;;D2 R F' L' B' R' U2 D' R' U R2 U D F2 R2 D F2 B2;2026-06-27 13:16:16;8.26
12989;11.70;;F2 R B' U R2 D' L' B' D2 R2 D B2 D R2 D' L2 F2 U2 L2 F';2026-06-27 13:16:32;11.7
12990;8.24;;L' F2 L2 F' D2 U2 L2 U2 B D2 F' D2 F2 L' F U' F2 D' F2 D2;2026-06-27 13:16:54;8.24
12991;9.69;;R U' R2 B2 R2 D B2 L2 D2 B2 R U2 F' D F2 R D' U';2026-06-27 13:17:12;9.69
12992;8.18;;B2 R U L F R' U' B2 D' L U2 D2 B2 U2 R2 L' F2 U2;2026-06-27 13:17:35;8.18
12993;8.29;;R B' D F D B D L' U2 F2 U2 D2 R B2 U2 B2 R2 L' B L';2026-06-27 13:17:52;8.29
12994;9.41;;R2 D2 L2 B2 D2 R2 U L2 R2 U2 R' B D2 R B L' R' U' B2 F';2026-06-27 13:18:10;9.41
12995;10.49;;L2 D' B2 D' B2 U' R2 F2 U2 L2 U R2 F D F L' B2 L2 D' R2;2026-06-27 13:18:27;10.49
12996;9.18;;F2 U' D2 L D2 U2 R' F2 L' D2 B2 F2 R F2 D B2 U R' F U' L;2026-06-27 13:18:45;9.18
12997;10.41;;D' R' U' B U2 L D L2 F L2 U' F2 D L2 U' B2 D2 B2 U' F2;2026-06-27 13:19:03;10.41
12998;8.87;;D2 R2 F2 U2 L2 B2 U' L2 D B2 R2 D2 L B U2 R' F2 L2 R' U;2026-06-27 13:19:33;8.87
12999;9.93;;D2 L2 B U R2 B R' L2 B R2 F D2 F' U2 B' L2 U2 B' R2 L';2026-06-27 13:19:50;9.93
13000;7.90;;U' L' U2 F2 R2 B2 L F2 L F2 R2 U2 F2 B' U' F R' B' L' F' R2;2026-06-27 13:20:12;7.9
13001;7.93;;U' B2 R2 F L2 U2 B' L2 D2 F' L2 F' U2 R F' D B U2 L D2 R2;2026-06-27 13:21:54;7.93
13002;7.96;;L2 F D2 L B R U' F2 U2 F B R2 B D2 B U2 L2 U2 R';2026-06-27 13:22:10;7.96
13003;9.37;;U R2 U' B2 F2 L2 D' L2 B2 U2 L2 F' U' B' F R' F2 U' B2 F2;2026-06-27 13:22:27;9.37
13004;7.57;;U2 R2 D2 R' U2 R' B2 D2 R D2 B2 R' B' L' D F R U R2 B2 U;2026-06-27 13:22:44;7.57
13005;6.45;;R D' R2 F2 U2 R2 F2 U L2 U2 F2 U' L' B' R2 F2 L2 F' D B L';2026-06-27 13:22:59;6.45
13006;9.21;;D' L2 D R2 D B2 D2 R2 F2 U' R2 B L2 R2 D B' L' B F R' F';2026-06-27 13:23:22;9.21
13007;7.93;;L2 U' F2 L2 U B2 R2 F2 D2 F2 D' L' U2 R' F D R D U F;2026-06-27 13:23:40;7.93
13008;12.71;;L' R2 F2 D' B2 U B2 L2 F2 U L F' D' B2 R2 F' D2 L R2;2026-06-27 13:23:56;12.71
13009;7.01;;F U2 D2 L2 B' R D' F B' R' F2 D2 L2 D2 L' U2 R' D2 R' B2;2026-06-27 13:24:20;7.01
13010;9.86;;U' D' L' B' U' R' D2 F' U F2 U2 L2 U' L2 D2 F2 U L2;2026-06-27 13:24:37;9.86
13011;9.02;;F' B2 U R2 U B2 U2 F2 L2 D' F2 B L2 F' L R D' R2 D2;2026-06-27 13:24:54;9.02
13012;8.26;;B2 D2 L2 B L2 D2 L2 U2 B F2 U2 D' L R' D' U' F' L2 B U L';2026-06-27 13:25:13;8.26
13013;8.91;;B2 F2 L2 R F2 D2 U2 R U2 F2 D' B R' F' L' F2 L' D F;2026-06-27 13:25:36;8.91
13014;8.48;;R' F L2 U2 B U2 L2 F2 R2 U2 B R2 F2 R' B R' D' B' U L B';2026-06-27 13:26:00;8.48
13015;7.19;;F' L2 U L2 U' B2 D2 F2 R2 D' U L F L' D B2 F2 R' U' L;2026-06-27 13:26:16;7.19
13016;8.97;;D' L2 U L B' D' B' L' B R2 L2 U' R2 U' F2 L2 U' R2 U' D2 B2;2026-06-27 13:26:33;8.97
13017;12.45;;D L2 F2 D2 F2 D L2 D F2 R2 B2 D B' R' U2 F D R D B2 U2;2026-06-27 13:27:00;12.45
13018;8.94;;F2 R' B R2 D' B2 R' U D2 B2 D2 F2 L2 B2 D' R2 U F2 R2 F' D;2026-06-27 13:27:22;8.94
13019;7.62;;U2 F D2 F' R2 U2 L2 B R2 B2 L D2 F R' B2 D U' L' B F2;2026-06-27 13:27:38;7.62
13020;10.49;;U2 R2 U2 F2 R2 F D' R B2 L2 U2 R2 F' U2 F2 R2 B R2 B U2 D;2026-06-27 13:27:53;10.49
13021;9.90;;U2 F' B' R' B U2 B' D' L2 D' L2 F2 B2 U B2 U2 B2 R';2026-06-27 13:28:13;9.9
13022;9.33;;D F2 R2 D F2 R2 U2 B2 R2 D B2 F2 L B' R2 F D2 B' L' D F2;2026-06-27 13:28:32;9.33
13023;8.59;;U2 F2 R B2 R' B2 R U2 L R U2 F' D B F' L B D U2;2026-06-27 13:28:49;8.59
13024;7.91;;L2 B' F2 L2 F' U2 F' R2 D2 R2 F' R' U' L D R F D R' B;2026-06-27 13:29:09;7.91
13025;8.13;;L' B R' F2 R U' F' D' L' F2 U2 B R2 F2 R2 F' R2 L2 F' L2 B';2026-06-27 13:29:25;8.13
13026;10.55;;U2 B2 R2 U2 R2 D L2 B2 D' B2 L2 D2 R B' F U L U2 L2 D2;2026-06-27 13:29:43;10.55
13027;10.18;;R2 B R2 B2 L D2 L D2 U2 L2 R' F2 D2 U B' R' B2 F' R F2;2026-06-27 13:30:06;10.18
13028;8.36;;D2 B D' F2 D' R U B' U' F2 U B2 R2 U' D' R2 B2 D' F2;2026-06-27 13:30:23;8.36
13029;9.63;;D' B' R L D' R' D L2 B' D2 F B2 L2 F U2 D2 F2 U2 D F;2026-06-27 13:30:40;9.63
13030;8.57;;R' B2 U2 L2 D' F2 D' L2 R2 U' R2 U' F' D2 U' R' D' F D B';2026-06-27 13:31:00;8.57
13031;8.33;;R' B U' B R' F2 B2 U' R2 U2 R' F2 R F2 L' U2 B2 L2 D2 B;2026-06-27 13:31:18;8.33
13032;7.20;;F L2 F' D2 L2 B F U2 F' L2 F' D' B' U' F R F' L B' F2 L2;2026-06-27 13:31:34;7.2
13033;9.64;;B' U L F' D' R2 F' U2 F2 L B2 R U2 F2 R' B2 U2 F D;2026-06-27 13:31:50;9.64
13034;8.67;;U F' U2 B D2 L2 B' U2 L2 U2 L2 F L' U2 L' D R' F U B U;2026-06-27 13:32:11;8.67
13035;9.06;;R L2 U2 F' D B U' L2 D2 F2 R' D2 B2 D2 L2 D2 L F2 B2 U;2026-06-27 13:32:29;9.06
13036;8.28;;F2 L2 F2 D' R2 B2 D' R2 D' L2 F' L' D B' F2 D L' F' D' U';2026-06-27 13:32:45;8.28
13037;7.37;;D L' B U' F2 D2 L' B D' R' D2 F2 L2 F D2 L2 B D2 B R2 L2;2026-06-27 13:33:05;7.37
13038;7.88;;B2 L F B2 L2 D' F L' B U R2 F2 U' D2 B2 L2 U2 R2 D;2026-06-27 13:33:23;7.88
13039;8.80;;R2 B2 F2 D' L2 U F2 U F2 L2 D2 R' F2 L2 F' R2 U2 R F';2026-06-27 13:33:41;8.8
13040;8.95;;B D F' U2 L B U' R D2 R L2 B2 D2 B2 L U2 R2 B2 L F R';2026-06-27 13:34:01;8.95
13041;10.22;;B' R L' U B D' R U F2 B2 U2 R B2 L' D2 L' D2 R2 U2 B2 U;2026-06-27 13:34:26;10.22
13042;8.92;;U2 F' L2 D2 F U2 R2 U2 F U L' D' F' U2 L' B2 L2 F' D';2026-06-27 13:34:47;8.92
13043;10.53;;D2 B2 R2 U2 L' B2 F2 D2 L F2 L R U' B D' L U2 R D L R';2026-06-27 13:35:06;10.53
13044;8.15;;U2 R' F2 L2 D2 L2 F2 D2 F' L2 R2 F U2 F' L' B2 D B R2 B' D2;2026-06-27 13:35:26;8.15
13045;11.72;;U' R' L F2 D B R2 U' R B2 L2 U' D R2 D B2 D R2 L2 B2 R2;2026-06-27 13:35:43;11.72
13046;15.44;;L F2 U' R2 F2 D2 L2 D B2 R2 D' L2 U R' D F R F2 L B' R2;2026-06-27 13:36:03;15.44
13047;8.87;;D B2 U2 L2 U R2 F2 U' L' F D B' U L2 B2 R' D2 U';2026-06-27 13:36:32;8.87
13048;8.80;;L2 D' B2 F2 U2 L' U2 L U2 L' U2 L2 U2 B D U2 B' R D2 F';2026-06-27 13:36:50;8.8
13049;8.92;;B' D2 R2 F2 R D2 F2 L D2 B2 L' D2 U' R D' U R B' L B;2026-06-27 13:37:07;8.92
13050;8.44;;L2 U' L2 D2 R2 U B2 R2 B2 U2 F2 R U' F' U R2 D' L' R2 B' R;2026-06-27 13:37:25;8.44
13051;8.75;;R2 F B2 U B R' L D B L' F2 L B2 L2 U2 R' B2 D2 F2 R;2026-06-27 13:37:42;8.75
13052;7.80;;D2 L2 D U2 F2 D' F' D' B R' D' F2 D2 R' F;2026-06-27 13:38:02;7.8
13053;12.01;;L2 B2 R F2 U2 L' F2 L' B2 U2 R' U2 F R D' R' U R' F U2 L;2026-06-27 13:38:17;12.01
13054;9.18;;B2 R D2 L' B2 F2 R' D2 F2 L F2 R U B' L2 R' U F' U2 B' U';2026-06-27 13:38:39;9.18
13055;9.86;;B' L R2 D2 L2 F' D2 B L2 B' R2 F2 L F U B2 L' D' L D2;2026-06-27 13:38:57;9.86
13056;8.18;;D' F2 R2 U2 B2 U F2 R2 U2 R2 D' B' U' L U' R' B' D R F D2;2026-06-27 13:39:17;8.18
13057;10.75;;F U2 F' R2 F2 D2 R2 U2 F D2 F' U2 D' R' B' L2 F2 U' B U' F;2026-06-27 13:39:35;10.75
13058;9.07;;R' D2 F D L U' B' L2 U F2 R' D2 R D2 R' U2 L B2 R U2;2026-06-27 13:39:54;9.07
13059;9.67;;R2 U2 F2 L2 U' B2 D' F2 D2 L2 U L2 F D' U2 R D' U' F' R2 B2;2026-06-27 13:40:14;9.67
13060;12.32;;D' F L2 F' L2 B' D2 R2 D2 U2 F D B2 U2 L B L2 F L2;2026-06-27 13:40:42;12.32
13061;DNF(7.61);;L2 B2 U L2 F2 D' B2 L2 R2 F' L' B L2 U2 R' D' R D' R;2026-06-27 13:41:03;7.61
13062;7.30;;L2 D2 F2 D L2 R2 U L2 U2 R2 F2 B U F L2 R2 F2 L' D R';2026-06-27 13:41:45;7.3
13063;8.33;;U' B' L2 D2 F2 R2 F' D2 F2 U2 L' B D2 U F L D2 B' L2;2026-06-27 13:42:01;8.33
13064;8.05;;U' F' B2 D B2 D' L2 F2 L2 D F2 D L' F2 D2 B D' U B D';2026-06-27 13:42:18;8.05
13065;8.47;;U' L F' U B2 D' L2 R2 D2 F2 U' R2 U2 R' D2 F' R2 B' F2 R;2026-06-27 13:42:42;8.47
13066;8.82;;D' R2 D' L2 D L2 F2 D2 L2 R2 B' R D2 B' R D' L' R F2 U';2026-06-27 13:43:02;8.82
13067;9.00;;R' B R2 D2 R2 F D2 U2 F U2 B2 F2 R' U' B R2 F R2 F' D' R';2026-06-27 13:43:20;9.0
13068;9.84;;L' B2 L2 R F2 D2 R' U2 R F2 B D' U F' L' D2 B' D B2;2026-06-27 13:43:42;9.84
13069;7.87;;F2 R2 U' B2 L F D F2 R2 B' R2 B' D2 R2 F2 U2 L2 D B;2026-06-27 13:44:18;7.87
13070;13.35;;R2 F' R2 B' D2 L2 U2 B' D2 F L2 B2 R' B R D' F R' B2 L' U;2026-06-27 13:44:35;13.35
13071;8.39;;B2 L2 D2 L2 U2 F2 U F2 U L2 R2 F' U L2 R F L2 D' U2 L2;2026-06-27 13:45:02;8.39
13072;8.90;;L D2 B2 R2 B2 L2 R' F2 R F2 D2 U' R U' B D' R F R D;2026-06-27 13:45:19;8.9
13073;8.35;;B2 D L2 D R2 F2 D2 R2 B2 D' U' L' F2 D' F' D B' U2 L B U2;2026-06-27 13:45:41;8.35
13074;7.44;;L2 B L2 R2 F2 D2 F' D2 R2 B2 R2 U' B2 R D U' R' B R' D' U2;2026-06-27 13:45:59;7.44
13075;7.93;;R2 D' R2 D2 F2 R2 D' L2 F2 U2 B F' L D' R2 B' U B' D' R';2026-06-27 13:46:17;7.93
13076;8.92;;B2 R U' B R B U R' U2 F U2 L2 F D2 F2 R2 B;2026-06-27 13:46:34;8.92
13077;8.25;;R2 D' L2 U' L2 U R2 D' R2 U2 B2 D' L F L F' D2 L2 D F';2026-06-27 13:46:53;8.25
13078;9.63;;R2 F2 U2 F2 R' B2 L' D2 R F U2 F' D L' B' D U F' D2;2026-06-27 13:47:12;9.63
13079;8.19;;R2 D2 R B2 U2 B2 R' D2 B2 L' B2 L U F' D2 R2 U2 F D' L F;2026-06-27 13:47:30;8.19
13080;10.41;;L2 U2 L2 D' R2 D F2 D' U2 B F U' B' F2 U2 R' D' U2 L';2026-06-27 13:47:49;10.41
13081;7.39;;D2 B2 F2 R F2 L D2 L R' F2 R2 D' B2 R2 U B' U2 B2 L2;2026-06-27 13:48:37;7.39
13082;9.87;;D2 F L2 F2 D U L2 U R2 U' B2 R2 L B' U2 L2 R' D2 B2 D;2026-06-27 13:48:52;9.87
13083;9.65;;B' U2 L2 D R2 B2 D' F2 R2 F2 L2 U' F2 B U L2 F' R2 U' L R;2026-06-27 13:49:10;9.65
13084;9.55;;R2 D2 B2 D2 F' R2 U2 L2 U2 F D2 R B2 D' R2 B L U B;2026-06-27 13:49:29;9.55
13085;13.06;;F' L' D2 U2 L D2 L U2 R2 F2 U2 L B' U' B' D' B2 R' F D B';2026-06-27 13:49:47;13.06
13086;8.05;;F2 D F2 U2 L2 U' B2 F2 D B2 U F D U2 L2 R D2 F' D' L' B';2026-06-27 13:50:09;8.05
13087;9.26;;L' U' F R' B2 R U2 R2 B2 U2 F2 R U2 R F' L' B D' B2 U2 R';2026-06-27 13:50:25;9.26
13088;8.21;;L2 D' L U2 B' R D B L' B2 D2 B2 D2 L' F2 R' F2 R B2 R;2026-06-27 13:50:42;8.21
13089;8.30;;L2 D2 U2 B2 D2 F2 L U2 F2 R2 B2 U R D B2 D' L2 B' U F' R;2026-06-27 13:51:01;8.3
13090;11.21;;U' R2 B2 U' F2 L' F' U' B L B2 R U2 B2 D2 R D2 F2 D2 R';2026-06-27 13:51:17;11.21
13091;8.48;;R' D' B L2 D' R B' U2 F L U2 F' U2 D2 B D2 F' R2 D2 B R2;2026-06-27 13:51:39;8.48
13092;7.63;;B F2 L2 D2 U' F2 L2 U R2 B2 R2 U' F' R' D B D2 B' D' U';2026-06-27 13:51:55;7.63
13093;9.96;;L2 B2 U2 B' F2 L2 B2 R2 F' D2 R' D L' U F' D2 F' L D2 R2;2026-06-27 13:52:10;9.96
13094;6.41;;D' B2 F2 R B2 L' R U2 F2 L2 F2 R2 U B D' R2 B' U L' U;2026-06-27 13:52:29;6.41
13095;8.48;;U' D2 L2 B2 R2 B2 R' B2 L U2 R2 U2 B' D L2 F' D B L2 U';2026-06-27 13:52:45;8.48
13096;6.67;;D R U2 D' B2 R' B2 R' U2 L2 F' U2 F B2 D2 B U2 B R2 F';2026-06-27 13:53:09;6.67
13097;7.60;;D R F U R2 F2 B L' F L2 B2 D2 F' B2 D2 F U2 L2 F R F;2026-06-27 13:53:24;7.6
13098;9.65;;L2 D B D B2 U R2 D F2 U2 R2 D' L2 U2 R D' F2 L' R2 B L2;2026-06-27 13:53:44;9.65
13099;8.47;;D F L2 F' L2 R2 U2 F R2 B U2 L2 B2 R' F' D2 R2 B2 U' B L';2026-06-27 13:54:05;8.47
13100;11.00;;D2 B2 U' L2 D B2 D L2 B2 L2 U2 R D U' R' F' R2 B D2 R';2026-06-27 13:54:20;11.0
13101;9.81;;R' B' F2 R2 F2 R2 D' L2 D2 U L2 R2 F' U' R' U' R' D' F' D2;2026-07-02 15:58:37;9.81
13102;10.84;;R2 F2 U F2 D L2 D F2 D' F2 U2 L' B F' R' D' U' F' D2 R U2;2026-07-02 15:58:56;10.84
13103;11.79;;L2 B2 F' U2 R2 F' D2 R2 B' F' R2 U' R D U L' F L2 F L;2026-07-02 16:00:03;11.79
13104;10.90;;F' L2 R2 D2 R2 F2 R2 U2 F2 U R2 B' R F' D F U2 F' U2;2026-07-02 16:00:26;10.9
13105;10.22;;U2 F D2 U2 R2 B' R2 B L2 F2 D2 R2 D' F L U F' U L D2 B';2026-07-02 16:00:53;10.22
13106;11.95;;L2 F' U B2 D' F' R L2 U2 B U2 R2 F' D2 F' U2 R2 L2 D' R';2026-07-02 16:01:16;11.95
13107;9.79;;F2 L U' F2 R2 D B2 F2 L2 F2 U' F2 D2 F' D' R2 B' L B L F2;2026-07-02 16:01:52;9.79
13108;7.53;;L2 R2 D R2 B2 F2 D' U' B' F R' U' L' F2 L' U2 B U2;2026-07-02 16:03:10;7.53
13109;10.76;;R L2 D2 L2 F' U R F B L2 U' B2 U' R2 F2 U F2 U2 F2;2026-07-02 16:03:27;10.76
13110;10.15;;D R U2 L2 U' R2 B2 F2 U' L2 B2 U F2 L B D' L R D' F2 D';2026-07-02 16:03:48;10.15
13111;10.43;;B' R' F' L2 B' D2 B U2 B2 R2 B' L2 F2 D' R2 U' B2 L' F R' F2;2026-07-02 16:04:09;10.43
13112;8.50;;D' L2 D2 F2 U2 F2 R2 B2 L' D2 R U F R' D2 R B' F' R';2026-07-02 16:04:36;8.5
13113;8.69;;L F' L B U2 D R D' L2 D F2 U2 B2 D2 R2 F2 B2 D' L2 R' U;2026-07-02 16:04:52;8.69
13114;10.38;;B' R F2 B2 U F B2 D' B' L U2 R' B2 D2 L D2 R D2 F2 L U2;2026-07-02 16:05:37;10.38
13115;12.48;;R F D2 R' D2 U2 B2 R2 F2 L2 R' U2 B2 R' D' F' D2 R2 F L' D';2026-07-02 16:06:47;12.48
13116;11.22;;R2 D' F2 U2 L2 R' F2 L2 R' D2 R' F2 U2 B' D2 U' R2 B' D' B2;2026-07-02 16:07:08;11.22
13117;12.53;;F' D2 B2 D2 R2 F2 U2 F' U2 F L2 F R D' L U2 B2 L' U' B2;2026-07-02 16:07:31;12.53
13118;11.19;;U' B2 D U2 F2 U' B2 L2 R2 U' R2 U2 R D2 R F R U2 R' B' R;2026-07-02 16:07:51;11.19
13119;8.39;;F' L2 D2 B D' B' U L2 F B U2 D2 F' D2 F L2 B' U2 L' B;2026-07-02 16:08:17;8.39
13120;8.43;;R' U' D L' F' D' B' F2 L F2 D2 R2 L B2 D2 L2 B2 F';2026-07-02 16:08:34;8.43
13121;10.77;;L F' U2 L' F' R2 D' R' B D' F2 U' R2 D2 B2 D' B2 R2 D;2026-07-02 16:09:03;10.77
13122;10.20;;L2 U' R2 U F2 L2 U2 F2 U' R' F L D' R B2 U2 R2 B' F';2026-07-02 16:09:33;10.2
13123;10.65;;D2 R' U2 L D2 L R2 B2 L' D2 L D' L2 B2 L B' F' U R2 F';2026-07-02 16:10:09;10.65
13124;9.32;;B2 F2 U2 L2 F2 L2 F2 D F2 L D2 F' U B U L2 B' L R';2026-07-02 16:10:51;9.32
13125;10.39;;F2 L R U2 L' R2 U2 B2 D2 U2 R' D B F D2 L' B2 R2 D R2 U';2026-07-02 16:11:10;10.39
13126;8.58;;U D2 R2 D2 F U2 B' U2 F2 L2 F' U' F2 D' U L' D B';2026-07-02 16:11:48;8.58
13127;11.78;;L' F L2 U' B2 U2 F2 U B2 R2 D F2 U' R F' U F2 L R' U F;2026-07-02 16:12:07;11.78
13128;11.97;;R2 D L' B' U' L' D' F R' U R2 B2 D2 L2 B2 U' R2 F2 D2 B2 D';2026-07-02 16:12:30;11.97
13129;9.34;;F' L2 B' U' B2 U' F L2 U2 L D2 R' U2 B2 D2 B2 L2 F2 L';2026-07-02 16:13:00;9.34
13130;7.80;;F2 R' F L2 B2 U2 L2 D2 B' L2 D2 B' D2 L B2 F2 R' U' B' R;2026-07-02 16:13:30;7.8
13131;9.79;;B2 U2 R2 F2 L F2 R' U2 B2 F2 R B' F R U2 L B2 R U L2;2026-07-02 16:14:02;9.79
13132;8.82;;F2 U2 R2 F2 R2 U' B2 D' R2 U R2 U2 L U' F R2 D B D L2;2026-07-02 16:14:58;8.82
13133;8.86;;U' R D' F L2 U2 L F L B2 D R2 U R2 D F2 B2 U B2 D';2026-07-02 16:15:17;8.86
13134;12.44;;B' U2 L2 B' U2 B' U2 R2 U2 R2 F' D F D' R' U L D' L2 U';2026-07-02 16:15:37;12.44
13135;13.45;;F2 B R2 F2 U2 L U' B' R B2 R' D2 F2 U2 F2 R F2 U2 L2;2026-07-02 16:15:58;13.45
13136;7.42;;R U2 L' F2 L D2 L2 F2 R' B2 R' B' D2 F L2 R2 D' L' D2 R2;2026-07-02 16:16:26;7.42
13137;8.06;;R' B D2 B2 L2 D2 F2 D R2 U' F2 L2 U2 L' D2 B U2 B' R U;2026-07-02 16:17:12;8.06
13138;9.13;;D2 F2 D F2 D F2 R2 B2 L2 D F D2 L2 R' F U' L F R F;2026-07-02 16:17:32;9.13
13139;8.53;;B U' R' D' B' D' L D' R B2 R2 D2 L D2 L2 F2 B2 R' D2 R2;2026-07-02 16:17:50;8.53
13140;9.68;;R2 D2 R2 D' B2 D' L2 F2 D' B2 D L U' B R' F D F R D;2026-07-02 16:18:48;9.68
13141;10.35;;L2 F D2 L2 U2 L2 B F L2 U2 B2 D L' D2 F L' D' R B' L U;2026-07-02 16:19:14;10.35
13142;10.50;;R D2 L F U D' L' D' B' R2 D' B2 D R2 D' F2 R2 F2 D F2;2026-07-02 16:19:32;10.5
13143;8.80;;U2 L U R2 U R' B U D' L2 F' L2 B R2 L2 D2 B U2 B L2 D2;2026-07-02 16:19:51;8.8
13144;10.00;;F2 R2 B2 D2 R2 D2 U' B2 L' U L2 B' F U L2 D' L2 F2;2026-07-02 16:20:13;10.0
13145;10.44;;L' R2 U' F2 R2 U' B2 L2 D' U' R2 U2 L B' F' R F2 R' D B2;2026-07-02 16:20:31;10.44
13146;9.60;;D' F2 D B' R' F' U2 D' B F2 U2 R' D2 R U2 B2 R L2 D2 L' U2;2026-07-02 16:20:50;9.6
13147;10.94;;F' D2 R B2 R' U2 B2 U2 L R' D2 R' F' L B2 D' B' U' F2 L;2026-07-02 16:21:08;10.94
13148;9.18;;U' F2 R2 U L2 D' L2 B2 D L2 F2 U2 R' F2 D' R' B L2 U' L' U';2026-07-02 16:21:30;9.18
13149;9.56;;F' R2 L2 U R' F R' D2 F B U2 D2 L2 F R2 D2 F' U2 F' R' F2;2026-07-02 16:21:48;9.56
13150;9.59;;D R B2 R D' R2 F B' R U2 B D2 F U2 F' L2 D2 B' R2 L2;2026-07-02 16:22:07;9.59
13151;10.66;;F2 R F D' L' U B D F L2 B U2 F2 R2 L2 F D2 F U2 F;2026-07-02 16:22:46;10.66
13152;9.30;;U B' L' U' R F U R' U B2 R F2 R B2 D2 B2 R2 D2 R' B2;2026-07-02 16:23:06;9.3
13153;8.84;;F' L2 F2 R B2 F2 U2 L' R2 B2 D2 R U2 B' U L2 D B L U2 L';2026-07-02 16:23:26;8.84
13154;10.02;;B' R2 B2 L2 F2 U R2 D R2 D2 L2 D' R' U L U' L' U F D;2026-07-02 16:23:41;10.02
13155;8.59;;F R' U F2 U B2 D F2 L2 D F2 L2 D2 F' U' F2 R U' B F L2;2026-07-02 16:24:11;8.59
13156;9.25;;F2 L2 R B' D2 R2 B R2 F U2 F U2 D' L B R2 U2 F' L;2026-07-02 16:24:46;9.25
13157;9.75;;U2 L D L D B R' F D R2 L2 U2 B2 D L2 U2 R2 U F2 R2 F;2026-07-02 16:25:03;9.75
13158;8.84;;R' F' U2 L' F D F' L2 B' U2 L' U2 R' U2 D2 B2 R D2 L2 D2;2026-07-02 16:25:19;8.84
13159;11.47;;U2 R' F2 U' L2 U F2 L2 U' R2 U' F2 R B D R F' D U B2;2026-07-02 16:25:35;11.47
13160;13.18;;R2 B2 L2 F L2 R2 F2 L2 U2 B L U F2 R2 F2 D R2 U2;2026-07-02 16:25:58;13.18
13161;9.33;;F' L' B' D F2 R B2 D' F' D L2 U' L2 U' B2 R2 U R2 D R2;2026-07-02 16:26:21;9.33
13162;9.60;;B' R2 D' R2 U F2 U' L2 F2 D' L2 D' R' D2 U B R2 B U' L';2026-07-02 16:26:43;9.6
13163;7.21;;R' F L' D R2 F2 D U L2 U' F2 L2 B2 R' U2 L2 B' U R2 D;2026-07-02 16:26:59;7.21
13164;9.99;;L2 R2 F2 U L2 R2 F2 D U2 R' D2 B' U B F' R' B L B;2026-07-02 16:27:16;9.99
13165;10.73;;D2 F2 U' R2 D2 B2 L2 U2 B2 F' L' B F R D F L' B2 L;2026-07-02 16:27:36;10.73
13166;10.85;;B' D' L B2 U F' L U' F' D2 F D2 B' D2 B L2 D2 B' D2 R';2026-07-02 16:28:00;10.85
13167;9.26;;B U2 B2 R D2 R' D2 U2 R F2 U2 L' R2 F' U2 R' F2 U' B L2 D;2026-07-02 16:28:42;9.26
13168;10.85;;U' D' B' U' D' R U L R2 D' L2 F2 D' R2 L2 U' B2 U' R2 U L';2026-07-02 16:29:21;10.85
13169;8.58;;U R' U' R' B R' D B' L' R2 U2 B2 D2 F2 D2 F' D2 B R2 F' D2;2026-07-02 16:29:39;8.58
13170;9.54;;U2 B2 R2 U' F2 U' F2 D2 L2 D' B2 L2 R F D' F' L' F2 R' B2;2026-07-02 16:30:06;9.54
13171;11.80;;L R2 B' U2 F' D2 L2 D2 F2 R2 L' F L F D U B' U L';2026-07-02 16:30:25;11.8
13172;10.06;;U F2 R' B2 D' B2 R2 U' L2 F2 L2 R2 U F2 R' F L' B' L R2 F2;2026-07-02 16:30:50;10.06
13173;10.78;;F U F2 U B2 U B2 R2 B2 U' F2 D2 L' R' D B L U2 B' F';2026-07-02 16:31:14;10.78
13174;10.48;;U2 L2 D2 B2 D B2 U B2 U' R2 F2 R2 L B' R' D B U2 L' F2 D';2026-07-02 16:31:40;10.48
13175;10.58;;F B R U' F B2 U' L2 F2 D L2 F2 D R2 D2 F2 L' F;2026-07-02 16:31:59;10.58
13176;8.82;;R2 U2 R D2 F2 L B' U' F2 L' D2 L2 U2 L' B2 L D2 R U2 R2;2026-07-02 16:32:19;8.82
13177;8.45;;F' U2 R2 F' U2 L2 B' D2 R2 D2 B R D F L2 D F' U;2026-07-02 16:32:36;8.45
13178;11.53;;D' F' B2 D' F' R' L U D2 F2 D R2 F2 U' F2 L2 D F;2026-07-02 16:32:53;11.53
13179;9.58;;U L2 B2 F2 U R2 F2 D' R D L2 B2 F' D B D' U2 R';2026-07-02 16:34:26;9.58
13180;8.72;;L U R' D B' U' F' L' D L2 D' L2 B2 D B2 R2 L2 D2 F2 U;2026-07-02 16:34:43;8.72
13181;11.76;;B' R' D F U2 B' D2 B L2 F' L2 B2 L2 F' D' B' L R2 D L2 F2;2026-07-02 16:35:09;11.76
13182;10.23;;U2 B' U2 B2 L2 D2 L2 F' U2 B U2 F2 L' B2 U' B2 U2 B' R D2 U2;2026-07-02 16:35:32;10.23
13183;9.41;;L' B2 L2 R' F2 R' U2 F2 D2 R2 D2 B L' F2 U R' F' D' U L;2026-07-02 16:36:06;9.41
13184;9.80;;L D' R2 U2 R' D2 B2 L2 D2 U2 L B2 L U2 B' L2 D B' L2 R' U';2026-07-02 16:36:28;9.8
13185;9.69;;F D' L2 D' L2 B2 D2 L2 B2 D' F2 R2 L' B2 R U R F' L2 B' L';2026-07-02 16:36:47;9.69
13186;8.25;;D2 R2 D' U2 F2 R2 D' L2 U F2 B U2 L U2 L2 R2 F' U' R' U2;2026-07-02 16:37:05;8.25
13187;11.54;;L U2 R U2 F2 L' D2 B2 F2 L' D2 F' L' B2 D U' L F L R';2026-07-02 16:37:24;11.54
13188;10.55;;R2 B2 L2 F2 D2 R2 D2 B' L2 F L2 D F' R D B' U L D F';2026-07-02 16:37:45;10.55
13189;8.76;;L' U2 L' U2 B2 D2 F2 R2 U2 L B2 R2 D B L2 F' D' R' B' L' U;2026-07-02 16:38:38;8.76
13190;11.00;;L' F R L' B L2 F2 U B' D' F R2 B' D2 R2 F D2 F2 R2 U2 L2;2026-07-02 16:38:55;11.0
13191;9.18;;B2 D' U' F2 L2 U' L2 D' B2 R2 B2 R F L' B L2 D2 L B2 R';2026-07-02 16:39:17;9.18
13192;10.43;;L2 F R2 F' D2 F2 L2 U2 R2 B' R2 F' U F L2 R' U2 L' R2 U2 B;2026-07-02 16:39:36;10.43
13193;9.31;;R U2 D B L' B U F2 R' B2 U2 R2 F2 D2 L2 B2 L2 D' R;2026-07-02 16:39:57;9.31
13194;8.79;;L2 B' D2 R2 B2 R2 F R2 B' L2 F2 L F U2 R U' R2 D' U2 B';2026-07-02 16:40:16;8.79
13195;6.88;;U' B' R2 B' U L2 F L' B2 R' B2 D2 B2 R2 B2 L' D2 B';2026-07-02 16:40:32;6.88
13196;9.78;;R2 B' D2 L2 B D2 L2 D2 R2 B' R D' U2 B' U F U R' B' U2;2026-07-02 16:40:47;9.78
13197;11.38;;L' F' U2 R B2 D2 R' D2 L2 U2 L' R2 F D' U2 F U L2 D;2026-07-02 16:41:09;11.38
13198;11.30;;R L2 B D R U2 F B' L F2 D' R2 U B2 L2 U F2 R2 D F2 R2;2026-07-02 16:41:38;11.3
13199;9.42;;F U F' D2 B2 D2 F' R2 U2 F' D2 B U2 D R D' F' U2 L U2;2026-07-02 16:41:59;9.42
13200;10.24;;U' L D L' F2 R' B2 R' F U2 R2 D' R2 U2 R2 L2 B2 L2 U L2 U';2026-07-02 16:42:17;10.24
13201;9.96;;B' D2 F' U2 L2 B2 U2 L2 U2 F' R2 F' R' U B' F L2 F' L' F R;2026-07-08 12:57:00;9.96
13202;10.47;;F2 L2 D2 R2 F2 D2 B2 R2 U' B2 F' R2 F L B' R' U2 R2 D U';2026-07-08 12:57:29;10.47
13203;9.51;;L2 D L' D2 L2 U' B2 D' F2 R2 B2 L2 U2 B2 L B' U' B' D U' R;2026-07-08 12:57:53;9.51
13204;9.59;;R2 F2 D F' R D2 B L' U' L2 F R2 F' R2 B L2 F2 L2 F' L2;2026-07-08 12:58:12;9.59
13205;10.17;;B2 F2 L B2 D2 L2 B2 U2 L R2 B2 D F L' F U' B D' U' B2;2026-07-08 12:58:32;10.17
13206;8.68;;F2 B R2 L F D' B' U B' L' R2 D2 F R2 U2 F L2 F2 U2 B' R2;2026-07-08 12:58:58;8.68
13207;8.66;;U R2 D F2 D L2 D' B2 L2 D' U' R D' B' R' U F' U' R2 F U;2026-07-08 12:59:16;8.66
13208;10.56;;F D R' U2 F2 D' F2 D R2 B2 D2 R2 B2 U' R F2 R D2 B L2 F2;2026-07-08 12:59:58;10.56
13209;8.67;;B2 F D2 R2 D2 U2 R2 F R2 B R2 D' L F' L2 D2 F' R2 F L2;2026-07-08 13:00:18;8.67
13210;8.98;;R2 F U' B2 L D2 B' U F2 R2 B2 D' B2 D' L2 D R2 D' B' L';2026-07-08 13:00:46;8.98
13211;7.18;;L2 U2 F2 R2 U2 B2 U F2 L2 R' F' L2 D U2 F2 L B U' L2;2026-07-08 13:35:25;7.18
13212;10.85;;R2 D' L2 D2 R2 F2 L2 D B2 U2 F' U2 R U' L' F2 R B' D R;2026-07-08 13:35:43;10.85
13213;9.37;;B2 L R U2 L B2 R U2 F2 D2 L' B F' L' D F2 D' L2 F2 R;2026-07-08 13:36:04;9.37
13214;9.29;;U' F L D B2 R2 U' L2 U' R2 F2 R2 D2 R' F R D L U' B;2026-07-08 13:36:23;9.29
13215;7.46;;B2 U D2 L' U2 F R2 D B' U2 F' B2 R2 F' U2 D2 R2 D2 B2 D;2026-07-08 13:36:44;7.46
13216;9.56;;L U' D2 F' D2 B D' R L' F2 B2 D' L2 D' F2 D2 B2 R2 U B2 D';2026-07-08 13:37:05;9.56
13217;9.97;;R' F2 R F' B' U' D' B' U' L' U2 R2 U2 B2 L' D2 R2 F2 U2;2026-07-08 13:37:24;9.97
13218;9.02;;B D R F' U2 L B' R2 D' U2 R2 L' B2 U2 D2 R U2 F2 U2 R2;2026-07-08 13:37:47;9.02
13219;13.64+;;U L U L2 U' L2 B2 L2 U R2 D' B2 U' L2 F' R U' R2 U2 B2 F2;2026-07-08 13:38:12;11.64
13220;9.61;;U' F D2 R2 B' L2 D2 B' L2 R2 U2 R2 B' R' U' L2 F' D' U F L2;2026-07-08 13:38:38;9.61
13221;9.80;;R' B D2 L2 U2 L2 B R2 F U2 F2 R2 F' D' L U R F' L R B';2026-07-08 13:39:02;9.8
13222;8.62;;D L' D R2 B2 U B' U' R' L2 F2 U' L2 U' F2 B2 D L2 D' L2 D;2026-07-08 13:39:27;8.62
13223;11.03;;F2 D' B2 D' L2 R2 U B2 U2 F2 L2 D' B' U L B R U' F L R';2026-07-08 13:39:47;11.03
13224;11.18;;B2 F2 L2 U' L2 U' R2 F2 D2 L2 F2 B D' L' F D' R B D B';2026-07-08 13:40:09;11.18
13225;8.42;;D' R2 D' R2 D' L2 B2 U F2 D2 L' F2 R' U' F' U' B' D B' L;2026-07-08 13:40:32;8.42
13226;9.00;;B2 F2 U2 L' F2 L B2 R2 D2 R U B' R' U2 R' U' F L F';2026-07-08 13:40:58;9.0
13227;9.85;;L' R2 D2 F2 D' L2 F2 L2 F2 D2 R2 F2 R U' L B' L2 F R U;2026-07-08 13:41:19;9.85
13228;10.03;;F R D' R2 B2 U2 R2 F2 D2 R2 D' L2 F2 U R' D U' F' L B' D;2026-07-08 13:41:41;10.03
13229;8.45;;F2 L' D2 L U2 B2 L' D2 U2 L' B U2 L U' L' F D' L' B2 U';2026-07-08 13:42:13;8.45
13230;9.78;;R' F' U2 L2 D' F2 U L2 D' F2 D2 F2 U2 F D L' D R2 F U' L';2026-07-08 13:42:32;9.78
13231;11.24;;R2 L' D B R' U2 F U F B2 R2 F U2 R2 F' L2 U2 D2 L';2026-07-08 13:42:50;11.24
13232;9.85;;L' D L2 R2 F2 U2 L2 B R2 D2 B R2 B2 R' U L2 U2 B' L R' B;2026-07-08 13:43:54;9.85
13233;8.10;;U R F2 U' D2 F' B L B D R2 B2 R2 L2 U' B2 U2 R2 L2 U';2026-07-08 13:44:17;8.1
13234;12.07;;D' B2 R2 U' R2 D U' L2 B2 L2 U' F' L' R' B R' U B2 L F' R;2026-07-08 13:44:41;12.07
13235;10.86;;U2 L' B2 R' F2 D2 R' U2 R2 D2 R U' R U' F' D' F R' B R;2026-07-08 13:45:03;10.86
13236;7.66;;D2 L2 B2 L2 R F2 D2 U2 L U2 F2 D2 U F' L B2 D B2 R B R;2026-07-08 13:45:31;7.66
13237;8.37;;L2 F L F' B2 R' U' L2 U F2 U L2 F2 D L2 U B2 U2 L U2;2026-07-08 13:45:49;8.37
13238;12.10;;U B' L2 F U2 L2 B' F L2 D2 B U L' B R D B2 R' B U2;2026-07-08 13:46:08;12.1
13239;9.37;;U2 B2 U B U D' R F U2 R2 F2 B R2 F D2 L2 U2 R2 B2 L';2026-07-08 13:46:31;9.37
13240;8.00;;R' F2 R B2 U' F L U' D2 F B D2 B U2 B2 R2 D2 B L2 D;2026-07-08 13:46:52;8.0
13241;8.50;;U B' U R2 D' U' R2 U F2 R2 D F2 U' L B L2 R2 B2 R U2;2026-07-08 13:47:30;8.5
13242;9.68;;R' F R D' U B2 D' F2 U' R2 B2 L2 R2 U' B L' R D' B F D;2026-07-08 13:47:51;9.68
13243;12.59;;L2 F L2 R2 F L2 F' U2 R2 U2 F2 D' B D2 F R B U2 L F;2026-07-08 13:48:11;12.59
13244;8.58;;D' B' L' U' L' U2 B2 R F' R2 L2 D F2 B2 D2 B2 U B2 D R2 B2;2026-07-08 13:48:36;8.58
13245;7.81;;D' R2 B U2 F L2 F' D2 F' D2 F2 D2 F D' F2 R F L D2 R2 B';2026-07-08 13:48:57;7.81
13246;11.24;;B2 R B2 R' F2 R' U2 L2 F2 R2 B2 R2 B R U F' D U2 B' U L;2026-07-08 13:50:03;11.24
13247;10.92;;U' B2 L B' L2 F' R B U R2 D F2 B2 U R2 F2 D' L2 R;2026-07-08 13:50:27;10.92
13248;10.32;;B2 U2 F2 D2 U2 R2 F' R2 B U2 D' F R D' U' L B D U';2026-07-08 13:50:56;10.32
13249;10.68;;D2 L F B2 L2 U' B U D F2 B2 L2 U' F2 D L2 F2 L2 U' L U;2026-07-08 13:51:17;10.68
13250;10.77;;U2 L2 B2 D2 F2 U' F2 L2 U B2 R2 D B' R U2 R2 B U L2 B F;2026-07-08 13:51:47;10.77
13251;8.90;;B R2 D' R2 D' L2 U B2 R2 U2 R2 F' U2 R' B2 U' F2 R D' B2;2026-07-08 13:52:28;8.9
13252;7.75;;L U' B2 D2 B2 F2 R2 D F2 R2 D R2 U F' D2 R D L2 D R2 B;2026-07-08 13:52:46;7.75
13253;8.27;;F2 D B2 D' B2 F2 D' R2 B2 L2 R2 D2 F' U R D2 U2 R F D2 R2;2026-07-08 13:53:10;8.27
13254;10.40;;R2 U' B2 U2 B' L2 D2 B' L2 B' U2 F D2 L2 U' R' U R D2 B F2;2026-07-08 13:54:13;10.4
13255;10.77;;R D' B2 L2 B R2 F U2 F' D2 F R2 F U' B F' U2 B2 F U;2026-07-08 13:54:46;10.77
13256;7.98;;U2 F2 L2 B2 U2 F2 U B2 U' R2 U' R D F U B' L2 B2 D B;2026-07-08 13:55:07;7.98
13257;8.29;;B' L B' D2 F L' D R2 F2 D2 B2 U R2 F2 D' F2 R2 D2 B' U;2026-07-08 13:55:26;8.29
13258;10.80;;F2 U' F' B D' F2 L' D R2 L B2 L2 B2 U2 R U2 D2 F2 B D';2026-07-08 13:56:04;10.8
13259;9.90;;U' R2 B2 U2 L F2 L' B2 R F2 R D2 B F L' D' F U2 L' R';2026-07-08 13:56:25;9.9
13260;9.57;;F' R2 B2 U2 L2 D B2 D2 F2 D' B2 L F D U L2 B2 U R B2;2026-07-08 13:57:03;9.57
13261;10.57;;D L R2 U2 R2 D L2 R2 F2 D L2 U B2 L U' L2 U B U' L2 F';2026-07-08 13:57:23;10.57
13262;9.43;;U B2 U' F' L2 F' D2 F' R2 F L2 D2 F' R2 U L' D B L' B U2;2026-07-08 13:59:37;9.43
13263;10.68;;D F' B2 R F2 R D2 B2 L' B2 L' U2 L2 U L' U2 R' F U2 L B';2026-07-08 14:00:08;10.68
13264;8.74;;D L2 U B2 D B2 L2 D F2 B U2 B2 L R2 U R2 F U R';2026-07-08 14:00:33;8.74
13265;11.95;;R' D' B' L U2 L2 B' U L U2 R B2 R2 U2 R' U2 B2 L2 F2;2026-07-08 14:00:57;11.95
13266;9.99;;U L2 U2 R B2 L B2 L' B2 D2 L' B2 L' D' B2 F2 D B R U F;2026-07-08 14:02:29;9.99
13267;11.88;;B' R2 B U2 F' D2 F' R2 U2 L2 D2 F' U F2 U' L' U L R' B D';2026-07-08 14:02:50;11.88
13268;12.36;;B U D2 R' F2 U2 F2 L D2 R' D2 B2 R D2 U' L2 D' L D F' U';2026-07-08 14:03:12;12.36
13269;9.11;;F2 R2 F' L' U' B2 D F R2 U2 L2 D R2 L2 D L2 B2 U2 L2;2026-07-08 14:03:35;9.11
13270;7.92;;U2 B' D2 F L2 U D' L' B' L D2 B2 D2 R U2 D2 F2 R' D2 B2;2026-07-08 14:03:54;7.92
13271;11.58;;F' L2 B D2 L2 B2 D2 R2 U2 B U2 F' R U' B' L2 D R' D F R';2026-07-08 14:04:18;11.58
13272;7.58;;R2 B2 L2 F2 U2 L2 U B2 L2 U R B L' F' L' D2 R2 D R D2;2026-07-08 14:04:44;7.58
13273;10.43;;R2 B U2 B' R2 B' U2 B L2 U2 B2 U L' D F2 R' B D2 B' F;2026-07-08 14:05:07;10.43
13274;8.80;;L D2 F B' U' F L2 D L2 B2 R F2 R U2 F2 U2 L B2 U2 L2;2026-07-08 14:05:29;8.8
13275;8.90;;B D2 F2 L2 B2 R2 D F2 U F2 R2 B2 U2 R' B L B2 L D' B U;2026-07-08 14:05:51;8.9
13276;8.31;;L' F2 B D' L' F' B L U2 D F2 L2 F2 R2 D' R2 D' L2 D;2026-07-08 14:06:51;8.31
13277;8.24;;L' R2 D2 F2 R U2 B2 L' D2 L2 U' F' U2 B' D L U' B2 L' B';2026-07-08 14:07:10;8.24
13278;10.58;;L2 U2 B2 R2 U2 R' U2 R' D2 R D2 R' F L2 D U R D' L U2 B2;2026-07-08 14:07:28;10.58
13279;10.92;;D2 F L2 U L2 D R2 B2 D' R2 U2 R2 B' D2 F' R B D B U';2026-07-08 14:08:05;10.92
13280;10.71;;U' F B U2 F L' B2 U' F U2 B2 L2 D2 F' U2 F R2 D2 B2 D2 R';2026-07-08 14:08:28;10.71
